0 verbose cli /opt/homebrew/Cellar/node/23.5.0/bin/node /opt/homebrew/bin/npm
1 info using npm@10.9.2
2 info using node@v23.5.0
3 silly config load:file:/opt/homebrew/lib/node_modules/npm/npmrc
4 silly config load:file:/Users/scott/repos/guitar/apps/web/.npmrc
5 silly config load:file:/Users/scott/.npmrc
6 silly config load:file:/opt/homebrew/etc/npmrc
7 verbose title npm install
8 verbose argv "install"
9 verbose logfile logs-max:10 dir:/Users/scott/repos/guitar/.npm-cache/_logs/2026-01-01T22_01_48_503Z-
10 verbose logfile /Users/scott/repos/guitar/.npm-cache/_logs/2026-01-01T22_01_48_503Z-debug-0.log
11 silly logfile done cleaning log files
12 silly packumentCache heap:4345298944 maxSize:1086324736 maxEntrySize:543162368
13 silly idealTree buildDeps
14 silly fetch manifest next@16.1.1
15 silly packumentCache full:https://registry.npmjs.org/next cache-miss
16 http fetch GET 200 https://registry.npmjs.org/next 444ms (cache miss)
17 silly packumentCache full:https://registry.npmjs.org/next set size:undefined disposed:false
18 silly fetch manifest @opentelemetry/api@^1.1.0
19 silly packumentCache full:https://registry.npmjs.org/@opentelemetry%2fapi cache-miss
20 http fetch GET 200 https://registry.npmjs.org/@opentelemetry%2fapi 69ms (cache miss)
21 silly packumentCache full:https://registry.npmjs.org/@opentelemetry%2fapi set size:undefined disposed:false
22 silly fetch manifest @playwright/test@^1.51.1
23 silly packumentCache full:https://registry.npmjs.org/@playwright%2ftest cache-miss
24 http fetch GET 200 https://registry.npmjs.org/@playwright%2ftest 290ms (cache miss)
25 silly packumentCache full:https://registry.npmjs.org/@playwright%2ftest set size:undefined disposed:false
26 silly fetch manifest babel-plugin-react-compiler@*
27 silly packumentCache full:https://registry.npmjs.org/babel-plugin-react-compiler cache-miss
28 http fetch GET 200 https://registry.npmjs.org/babel-plugin-react-compiler 114ms (cache miss)
29 silly packumentCache full:https://registry.npmjs.org/babel-plugin-react-compiler set size:undefined disposed:false
30 silly fetch manifest react@19.2.3
31 silly packumentCache full:https://registry.npmjs.org/react cache-miss
32 http fetch GET 200 https://registry.npmjs.org/react 241ms (cache miss)
33 silly packumentCache full:https://registry.npmjs.org/react set size:undefined disposed:false
34 silly fetch manifest react-dom@19.2.3
35 silly packumentCache full:https://registry.npmjs.org/react-dom cache-miss
36 http fetch GET 200 https://registry.npmjs.org/react-dom 180ms (cache miss)
37 silly packumentCache full:https://registry.npmjs.org/react-dom set size:undefined disposed:false
38 silly fetch manifest sass@^1.3.0
39 silly packumentCache full:https://registry.npmjs.org/sass cache-miss
40 http fetch GET 200 https://registry.npmjs.org/sass 61ms (cache miss)
41 silly packumentCache full:https://registry.npmjs.org/sass set size:undefined disposed:false
42 silly fetch manifest @tailwindcss/postcss@^4
43 silly packumentCache full:https://registry.npmjs.org/@tailwindcss%2fpostcss cache-miss
44 http fetch GET 200 https://registry.npmjs.org/@tailwindcss%2fpostcss 245ms (cache miss)
45 silly packumentCache full:https://registry.npmjs.org/@tailwindcss%2fpostcss set size:undefined disposed:false
46 silly fetch manifest @types/node@^20
47 silly packumentCache full:https://registry.npmjs.org/@types%2fnode cache-miss
48 http fetch GET 200 https://registry.npmjs.org/@types%2fnode 369ms (cache miss)
49 silly packumentCache full:https://registry.npmjs.org/@types%2fnode set size:undefined disposed:false
50 silly fetch manifest @types/react@^19
51 silly packumentCache full:https://registry.npmjs.org/@types%2freact cache-miss
52 http fetch GET 200 https://registry.npmjs.org/@types%2freact 101ms (cache miss)
53 silly packumentCache full:https://registry.npmjs.org/@types%2freact set size:undefined disposed:false
54 silly fetch manifest @types/react-dom@^19
55 silly packumentCache full:https://registry.npmjs.org/@types%2freact-dom cache-miss
56 http fetch GET 200 https://registry.npmjs.org/@types%2freact-dom 78ms (cache miss)
57 silly packumentCache full:https://registry.npmjs.org/@types%2freact-dom set size:undefined disposed:false
58 silly fetch manifest eslint@^9
59 silly packumentCache full:https://registry.npmjs.org/eslint cache-miss
60 http fetch GET 200 https://registry.npmjs.org/eslint 73ms (cache miss)
61 silly packumentCache full:https://registry.npmjs.org/eslint set size:undefined disposed:false
62 silly fetch manifest jiti@*
63 silly packumentCache full:https://registry.npmjs.org/jiti cache-miss
64 http fetch GET 200 https://registry.npmjs.org/jiti 50ms (cache miss)
65 silly packumentCache full:https://registry.npmjs.org/jiti set size:undefined disposed:false
66 silly fetch manifest eslint-config-next@16.1.1
67 silly packumentCache full:https://registry.npmjs.org/eslint-config-next cache-miss
68 http fetch GET 200 https://registry.npmjs.org/eslint-config-next 183ms (cache miss)
69 silly packumentCache full:https://registry.npmjs.org/eslint-config-next set size:undefined disposed:false
70 silly fetch manifest typescript@^5
71 silly packumentCache full:https://registry.npmjs.org/typescript cache-miss
72 http fetch GET 200 https://registry.npmjs.org/typescript 379ms (cache miss)
73 silly packumentCache full:https://registry.npmjs.org/typescript set size:undefined disposed:false
74 silly fetch manifest tailwindcss@^4
75 silly packumentCache full:https://registry.npmjs.org/tailwindcss cache-miss
76 http fetch GET 200 https://registry.npmjs.org/tailwindcss 200ms (cache miss)
77 silly packumentCache full:https://registry.npmjs.org/tailwindcss set size:undefined disposed:false
78 silly placeDep ROOT @tailwindcss/postcss@4.1.18 OK for: web@0.1.0 want: ^4
79 silly placeDep ROOT @types/node@20.19.27 OK for: web@0.1.0 want: ^20
80 silly placeDep ROOT @types/react@19.2.7 OK for: web@0.1.0 want: ^19
81 silly placeDep ROOT @types/react-dom@19.2.3 OK for: web@0.1.0 want: ^19
82 silly placeDep ROOT eslint@9.39.2 OK for: web@0.1.0 want: ^9
83 silly placeDep ROOT eslint-config-next@16.1.1 OK for: web@0.1.0 want: 16.1.1
84 silly placeDep ROOT next@16.1.1 OK for: web@0.1.0 want: 16.1.1
85 silly placeDep ROOT react@19.2.3 OK for: next@16.1.1 want: ^18.2.0 || 19.0.0-rc-de68d2f4-20241204 || ^19.0.0
86 silly placeDep ROOT react-dom@19.2.3 OK for: next@16.1.1 want: ^18.2.0 || 19.0.0-rc-de68d2f4-20241204 || ^19.0.0
87 silly placeDep ROOT tailwindcss@4.1.18 OK for: web@0.1.0 want: ^4
88 silly placeDep ROOT typescript@5.9.3 OK for: web@0.1.0 want: ^5
89 silly fetch manifest postcss@^8.4.41
90 silly packumentCache full:https://registry.npmjs.org/postcss cache-miss
91 silly fetch manifest tailwindcss@4.1.18
92 silly packumentCache full:https://registry.npmjs.org/tailwindcss cache-miss
93 silly fetch manifest @alloc/quick-lru@^5.2.0
94 silly packumentCache full:https://registry.npmjs.org/@alloc%2fquick-lru cache-miss
95 silly fetch manifest @tailwindcss/node@4.1.18
96 silly packumentCache full:https://registry.npmjs.org/@tailwindcss%2fnode cache-miss
97 silly fetch manifest @tailwindcss/oxide@4.1.18
98 silly packumentCache full:https://registry.npmjs.org/@tailwindcss%2foxide cache-miss
99 silly fetch manifest undici-types@~6.21.0
100 silly packumentCache full:https://registry.npmjs.org/undici-types cache-miss
101 silly fetch manifest csstype@^3.2.2
102 silly packumentCache full:https://registry.npmjs.org/csstype cache-miss
103 silly fetch manifest @eslint-community/eslint-utils@^4.8.0
104 silly packumentCache full:https://registry.npmjs.org/@eslint-community%2feslint-utils cache-miss
105 silly fetch manifest @eslint-community/regexpp@^4.12.1
106 silly packumentCache full:https://registry.npmjs.org/@eslint-community%2fregexpp cache-miss
107 silly fetch manifest @eslint/config-array@^0.21.1
108 silly packumentCache full:https://registry.npmjs.org/@eslint%2fconfig-array cache-miss
109 http cache https://registry.npmjs.org/tailwindcss 22ms (cache hit)
110 silly packumentCache full:https://registry.npmjs.org/tailwindcss set size:10082008 disposed:false
111 silly fetch manifest @eslint/config-helpers@^0.4.2
112 silly packumentCache full:https://registry.npmjs.org/@eslint%2fconfig-helpers cache-miss
113 http fetch GET 200 https://registry.npmjs.org/postcss 55ms (cache miss)
114 silly packumentCache full:https://registry.npmjs.org/postcss set size:undefined disposed:false
115 silly fetch manifest @eslint/core@^0.17.0
116 silly packumentCache full:https://registry.npmjs.org/@eslint%2fcore cache-miss
117 http fetch GET 200 https://registry.npmjs.org/@alloc%2fquick-lru 112ms (cache miss)
118 silly packumentCache full:https://registry.npmjs.org/@alloc%2fquick-lru set size:undefined disposed:false
119 silly fetch manifest @eslint/eslintrc@^3.3.1
120 silly packumentCache full:https://registry.npmjs.org/@eslint%2feslintrc cache-miss
121 http fetch GET 200 https://registry.npmjs.org/undici-types 117ms (cache miss)
122 silly packumentCache full:https://registry.npmjs.org/undici-types set size:undefined disposed:false
123 silly fetch manifest @eslint/js@9.39.2
124 silly packumentCache full:https://registry.npmjs.org/@eslint%2fjs cache-miss
125 http fetch GET 200 https://registry.npmjs.org/csstype 119ms (cache miss)
126 silly packumentCache full:https://registry.npmjs.org/csstype set size:undefined disposed:false
127 silly fetch manifest @eslint/plugin-kit@^0.4.1
128 silly packumentCache full:https://registry.npmjs.org/@eslint%2fplugin-kit cache-miss
129 http fetch GET 200 https://registry.npmjs.org/@eslint%2fcore 65ms (cache miss)
130 silly packumentCache full:https://registry.npmjs.org/@eslint%2fcore set size:undefined disposed:false
131 silly fetch manifest @humanfs/node@^0.16.6
132 silly packumentCache full:https://registry.npmjs.org/@humanfs%2fnode cache-miss
133 http fetch GET 200 https://registry.npmjs.org/@eslint%2fconfig-helpers 97ms (cache miss)
134 silly packumentCache full:https://registry.npmjs.org/@eslint%2fconfig-helpers set size:undefined disposed:false
135 silly fetch manifest @humanwhocodes/module-importer@^1.0.1
136 silly packumentCache full:https://registry.npmjs.org/@humanwhocodes%2fmodule-importer cache-miss
137 http fetch GET 200 https://registry.npmjs.org/@eslint%2fconfig-array 145ms (cache miss)
138 silly packumentCache full:https://registry.npmjs.org/@eslint%2fconfig-array set size:undefined disposed:false
139 silly fetch manifest @humanwhocodes/retry@^0.4.2
140 silly packumentCache full:https://registry.npmjs.org/@humanwhocodes%2fretry cache-miss
141 http fetch GET 200 https://registry.npmjs.org/@tailwindcss%2fnode 146ms (cache miss)
142 silly packumentCache full:https://registry.npmjs.org/@tailwindcss%2fnode set size:undefined disposed:false
143 silly fetch manifest @types/estree@^1.0.6
144 silly packumentCache full:https://registry.npmjs.org/@types%2festree cache-miss
145 http fetch GET 200 https://registry.npmjs.org/@eslint-community%2fregexpp 155ms (cache miss)
146 silly packumentCache full:https://registry.npmjs.org/@eslint-community%2fregexpp set size:undefined disposed:false
147 silly fetch manifest ajv@^6.12.4
148 silly packumentCache full:https://registry.npmjs.org/ajv cache-miss
149 http fetch GET 200 https://registry.npmjs.org/@eslint%2feslintrc 49ms (cache miss)
150 silly packumentCache full:https://registry.npmjs.org/@eslint%2feslintrc set size:undefined disposed:false
151 silly fetch manifest chalk@^4.0.0
152 silly packumentCache full:https://registry.npmjs.org/chalk cache-miss
153 http fetch GET 200 https://registry.npmjs.org/@eslint%2fplugin-kit 58ms (cache miss)
154 silly packumentCache full:https://registry.npmjs.org/@eslint%2fplugin-kit set size:undefined disposed:false
155 silly fetch manifest cross-spawn@^7.0.6
156 silly packumentCache full:https://registry.npmjs.org/cross-spawn cache-miss
157 http fetch GET 200 https://registry.npmjs.org/@tailwindcss%2foxide 179ms (cache miss)
158 silly packumentCache full:https://registry.npmjs.org/@tailwindcss%2foxide set size:undefined disposed:false
159 silly fetch manifest debug@^4.3.2
160 silly packumentCache full:https://registry.npmjs.org/debug cache-miss
161 http fetch GET 200 https://registry.npmjs.org/@humanwhocodes%2fmodule-importer 58ms (cache miss)
162 silly packumentCache full:https://registry.npmjs.org/@humanwhocodes%2fmodule-importer set size:undefined disposed:false
163 silly fetch manifest escape-string-regexp@^4.0.0
164 silly packumentCache full:https://registry.npmjs.org/escape-string-regexp cache-miss
165 http fetch GET 200 https://registry.npmjs.org/@types%2festree 50ms (cache miss)
166 silly packumentCache full:https://registry.npmjs.org/@types%2festree set size:undefined disposed:false
167 silly fetch manifest eslint-scope@^8.4.0
168 silly packumentCache full:https://registry.npmjs.org/eslint-scope cache-miss
169 http fetch GET 200 https://registry.npmjs.org/@humanfs%2fnode 78ms (cache miss)
170 silly packumentCache full:https://registry.npmjs.org/@humanfs%2fnode set size:undefined disposed:false
171 silly fetch manifest eslint-visitor-keys@^4.2.1
172 silly packumentCache full:https://registry.npmjs.org/eslint-visitor-keys cache-miss
173 http fetch GET 200 https://registry.npmjs.org/chalk 42ms (cache miss)
174 silly packumentCache full:https://registry.npmjs.org/chalk set size:undefined disposed:false
175 silly fetch manifest espree@^10.4.0
176 silly packumentCache full:https://registry.npmjs.org/espree cache-miss
177 http fetch GET 200 https://registry.npmjs.org/@eslint-community%2feslint-utils 206ms (cache miss)
178 silly packumentCache full:https://registry.npmjs.org/@eslint-community%2feslint-utils set size:undefined disposed:false
179 silly fetch manifest esquery@^1.5.0
180 silly packumentCache full:https://registry.npmjs.org/esquery cache-miss
181 http fetch GET 200 https://registry.npmjs.org/@eslint%2fjs 93ms (cache miss)
182 silly packumentCache full:https://registry.npmjs.org/@eslint%2fjs set size:undefined disposed:false
183 silly fetch manifest esutils@^2.0.2
184 silly packumentCache full:https://registry.npmjs.org/esutils cache-miss
185 http fetch GET 200 https://registry.npmjs.org/@humanwhocodes%2fretry 69ms (cache miss)
186 silly packumentCache full:https://registry.npmjs.org/@humanwhocodes%2fretry set size:undefined disposed:false
187 silly fetch manifest fast-deep-equal@^3.1.3
188 silly packumentCache full:https://registry.npmjs.org/fast-deep-equal cache-miss
189 http fetch GET 200 https://registry.npmjs.org/cross-spawn 36ms (cache miss)
190 silly packumentCache full:https://registry.npmjs.org/cross-spawn set size:undefined disposed:false
191 silly fetch manifest file-entry-cache@^8.0.0
192 silly packumentCache full:https://registry.npmjs.org/file-entry-cache cache-miss
193 http fetch GET 200 https://registry.npmjs.org/debug 49ms (cache miss)
194 silly packumentCache full:https://registry.npmjs.org/debug set size:undefined disposed:false
195 silly fetch manifest find-up@^5.0.0
196 silly packumentCache full:https://registry.npmjs.org/find-up cache-miss
197 http fetch GET 200 https://registry.npmjs.org/ajv 84ms (cache miss)
198 silly packumentCache full:https://registry.npmjs.org/ajv set size:undefined disposed:false
199 silly fetch manifest glob-parent@^6.0.2
200 silly packumentCache full:https://registry.npmjs.org/glob-parent cache-miss
201 http fetch GET 200 https://registry.npmjs.org/escape-string-regexp 45ms (cache miss)
202 silly packumentCache full:https://registry.npmjs.org/escape-string-regexp set size:undefined disposed:false
203 silly fetch manifest ignore@^5.2.0
204 silly packumentCache full:https://registry.npmjs.org/ignore cache-miss
205 http fetch GET 200 https://registry.npmjs.org/eslint-visitor-keys 43ms (cache miss)
206 silly packumentCache full:https://registry.npmjs.org/eslint-visitor-keys set size:undefined disposed:false
207 silly fetch manifest imurmurhash@^0.1.4
208 silly packumentCache full:https://registry.npmjs.org/imurmurhash cache-miss
209 http fetch GET 200 https://registry.npmjs.org/eslint-scope 46ms (cache miss)
210 silly packumentCache full:https://registry.npmjs.org/eslint-scope set size:undefined disposed:false
211 silly fetch manifest is-glob@^4.0.0
212 silly packumentCache full:https://registry.npmjs.org/is-glob cache-miss
213 http fetch GET 200 https://registry.npmjs.org/fast-deep-equal 36ms (cache miss)
214 silly packumentCache full:https://registry.npmjs.org/fast-deep-equal set size:undefined disposed:false
215 silly fetch manifest json-stable-stringify-without-jsonify@^1.0.1
216 silly packumentCache full:https://registry.npmjs.org/json-stable-stringify-without-jsonify cache-miss
217 http fetch GET 200 https://registry.npmjs.org/esquery 49ms (cache miss)
218 silly packumentCache full:https://registry.npmjs.org/esquery set size:undefined disposed:false
219 silly fetch manifest lodash.merge@^4.6.2
220 silly packumentCache full:https://registry.npmjs.org/lodash.merge cache-miss
221 http fetch GET 200 https://registry.npmjs.org/espree 51ms (cache miss)
222 silly packumentCache full:https://registry.npmjs.org/espree set size:undefined disposed:false
223 silly fetch manifest minimatch@^3.1.2
224 silly packumentCache full:https://registry.npmjs.org/minimatch cache-miss
225 http fetch GET 200 https://registry.npmjs.org/file-entry-cache 50ms (cache miss)
226 silly packumentCache full:https://registry.npmjs.org/file-entry-cache set size:undefined disposed:false
227 silly fetch manifest natural-compare@^1.4.0
228 silly packumentCache full:https://registry.npmjs.org/natural-compare cache-miss
229 http fetch GET 200 https://registry.npmjs.org/esutils 56ms (cache miss)
230 silly packumentCache full:https://registry.npmjs.org/esutils set size:undefined disposed:false
231 silly fetch manifest optionator@^0.9.3
232 silly packumentCache full:https://registry.npmjs.org/optionator cache-miss
233 http fetch GET 200 https://registry.npmjs.org/find-up 36ms (cache miss)
234 silly packumentCache full:https://registry.npmjs.org/find-up set size:undefined disposed:false
235 silly fetch manifest globals@16.4.0
236 silly packumentCache full:https://registry.npmjs.org/globals cache-miss
237 http fetch GET 200 https://registry.npmjs.org/is-glob 36ms (cache miss)
238 silly packumentCache full:https://registry.npmjs.org/is-glob set size:undefined disposed:false
239 silly fetch manifest typescript-eslint@^8.46.0
240 silly packumentCache full:https://registry.npmjs.org/typescript-eslint cache-miss
241 http fetch GET 200 https://registry.npmjs.org/ignore 41ms (cache miss)
242 silly packumentCache full:https://registry.npmjs.org/ignore set size:undefined disposed:false
243 silly fetch manifest eslint-plugin-react@^7.37.0
244 silly packumentCache full:https://registry.npmjs.org/eslint-plugin-react cache-miss
245 http fetch GET 200 https://registry.npmjs.org/json-stable-stringify-without-jsonify 47ms (cache miss)
246 silly packumentCache full:https://registry.npmjs.org/json-stable-stringify-without-jsonify set size:undefined disposed:false
247 silly fetch manifest eslint-plugin-import@^2.32.0
248 silly packumentCache full:https://registry.npmjs.org/eslint-plugin-import cache-miss
249 http fetch GET 200 https://registry.npmjs.org/imurmurhash 52ms (cache miss)
250 silly packumentCache full:https://registry.npmjs.org/imurmurhash set size:undefined disposed:false
251 silly fetch manifest eslint-plugin-jsx-a11y@^6.10.0
252 silly packumentCache full:https://registry.npmjs.org/eslint-plugin-jsx-a11y cache-miss
253 http fetch GET 200 https://registry.npmjs.org/lodash.merge 45ms (cache miss)
254 silly packumentCache full:https://registry.npmjs.org/lodash.merge set size:undefined disposed:false
255 silly fetch manifest @next/eslint-plugin-next@16.1.1
256 silly packumentCache full:https://registry.npmjs.org/@next%2feslint-plugin-next cache-miss
257 http fetch GET 200 https://registry.npmjs.org/optionator 35ms (cache miss)
258 silly packumentCache full:https://registry.npmjs.org/optionator set size:undefined disposed:false
259 silly fetch manifest eslint-plugin-react-hooks@^7.0.0
260 silly packumentCache full:https://registry.npmjs.org/eslint-plugin-react-hooks cache-miss
261 http fetch GET 200 https://registry.npmjs.org/minimatch 48ms (cache miss)
262 silly packumentCache full:https://registry.npmjs.org/minimatch set size:undefined disposed:false
263 silly fetch manifest eslint-import-resolver-node@^0.3.6
264 silly packumentCache full:https://registry.npmjs.org/eslint-import-resolver-node cache-miss
265 http fetch GET 200 https://registry.npmjs.org/glob-parent 67ms (cache miss)
266 silly packumentCache full:https://registry.npmjs.org/glob-parent set size:undefined disposed:false
267 silly fetch manifest eslint-import-resolver-typescript@^3.5.2
268 silly packumentCache full:https://registry.npmjs.org/eslint-import-resolver-typescript cache-miss
269 http fetch GET 200 https://registry.npmjs.org/globals 41ms (cache miss)
270 silly packumentCache full:https://registry.npmjs.org/globals set size:undefined disposed:false
271 silly fetch manifest postcss@8.4.31
272 silly packumentCache full:https://registry.npmjs.org/postcss cache-miss
273 http cache https://registry.npmjs.org/postcss 2ms (cache hit)
274 silly packumentCache full:https://registry.npmjs.org/postcss set size:696248 disposed:false
275 silly fetch manifest @next/env@16.1.1
276 silly packumentCache full:https://registry.npmjs.org/@next%2fenv cache-miss
277 http fetch GET 200 https://registry.npmjs.org/eslint-plugin-react 44ms (cache miss)
278 silly packumentCache full:https://registry.npmjs.org/eslint-plugin-react set size:undefined disposed:false
279 silly fetch manifest styled-jsx@5.1.6
280 silly packumentCache full:https://registry.npmjs.org/styled-jsx cache-miss
281 http fetch GET 200 https://registry.npmjs.org/natural-compare 79ms (cache miss)
282 silly packumentCache full:https://registry.npmjs.org/natural-compare set size:undefined disposed:false
283 silly fetch manifest @swc/helpers@0.5.15
284 silly packumentCache full:https://registry.npmjs.org/@swc%2fhelpers cache-miss
285 http fetch GET 200 https://registry.npmjs.org/eslint-import-resolver-node 41ms (cache miss)
286 silly packumentCache full:https://registry.npmjs.org/eslint-import-resolver-node set size:undefined disposed:false
287 silly fetch manifest caniuse-lite@^1.0.30001579
288 silly packumentCache full:https://registry.npmjs.org/caniuse-lite cache-miss
289 http fetch GET 200 https://registry.npmjs.org/eslint-plugin-import 51ms (cache miss)
290 silly packumentCache full:https://registry.npmjs.org/eslint-plugin-import set size:undefined disposed:false
291 silly fetch manifest baseline-browser-mapping@^2.8.3
292 silly packumentCache full:https://registry.npmjs.org/baseline-browser-mapping cache-miss
293 http fetch GET 200 https://registry.npmjs.org/eslint-plugin-jsx-a11y 53ms (cache miss)
294 silly packumentCache full:https://registry.npmjs.org/eslint-plugin-jsx-a11y set size:undefined disposed:false
295 silly fetch manifest sharp@^0.34.4
296 silly packumentCache full:https://registry.npmjs.org/sharp cache-miss
297 http fetch GET 200 https://registry.npmjs.org/styled-jsx 38ms (cache miss)
298 silly packumentCache full:https://registry.npmjs.org/styled-jsx set size:undefined disposed:false
299 silly fetch manifest @next/swc-darwin-x64@16.1.1
300 silly packumentCache full:https://registry.npmjs.org/@next%2fswc-darwin-x64 cache-miss
301 http fetch GET 200 https://registry.npmjs.org/eslint-import-resolver-typescript 75ms (cache miss)
302 silly packumentCache full:https://registry.npmjs.org/eslint-import-resolver-typescript set size:undefined disposed:false
303 silly fetch manifest @next/swc-darwin-arm64@16.1.1
304 silly packumentCache full:https://registry.npmjs.org/@next%2fswc-darwin-arm64 cache-miss
305 http fetch GET 200 https://registry.npmjs.org/baseline-browser-mapping 50ms (cache miss)
306 silly packumentCache full:https://registry.npmjs.org/baseline-browser-mapping set size:undefined disposed:false
307 silly fetch manifest @next/swc-linux-x64-gnu@16.1.1
308 silly packumentCache full:https://registry.npmjs.org/@next%2fswc-linux-x64-gnu cache-miss
309 http fetch GET 200 https://registry.npmjs.org/@swc%2fhelpers 125ms (cache miss)
310 silly packumentCache full:https://registry.npmjs.org/@swc%2fhelpers set size:undefined disposed:false
311 silly fetch manifest @next/swc-linux-x64-musl@16.1.1
312 silly packumentCache full:https://registry.npmjs.org/@next%2fswc-linux-x64-musl cache-miss
313 http fetch GET 200 https://registry.npmjs.org/typescript-eslint 227ms (cache miss)
314 silly packumentCache full:https://registry.npmjs.org/typescript-eslint set size:undefined disposed:false
315 silly fetch manifest @next/swc-win32-x64-msvc@16.1.1
316 silly packumentCache full:https://registry.npmjs.org/@next%2fswc-win32-x64-msvc cache-miss
317 http fetch GET 200 https://registry.npmjs.org/sharp 175ms (cache miss)
318 silly packumentCache full:https://registry.npmjs.org/sharp set size:undefined disposed:false
319 silly fetch manifest @next/swc-linux-arm64-gnu@16.1.1
320 silly packumentCache full:https://registry.npmjs.org/@next%2fswc-linux-arm64-gnu cache-miss
321 http fetch GET 200 https://registry.npmjs.org/@next%2fenv 222ms (cache miss)
322 silly packumentCache full:https://registry.npmjs.org/@next%2fenv set size:undefined disposed:false
323 silly fetch manifest @next/swc-linux-arm64-musl@16.1.1
324 silly packumentCache full:https://registry.npmjs.org/@next%2fswc-linux-arm64-musl cache-miss
325 http fetch GET 200 https://registry.npmjs.org/caniuse-lite 218ms (cache miss)
326 silly packumentCache full:https://registry.npmjs.org/caniuse-lite set size:undefined disposed:false
327 silly fetch manifest @next/swc-win32-arm64-msvc@16.1.1
328 silly packumentCache full:https://registry.npmjs.org/@next%2fswc-win32-arm64-msvc cache-miss
329 http fetch GET 200 https://registry.npmjs.org/@next%2feslint-plugin-next 294ms (cache miss)
330 silly packumentCache full:https://registry.npmjs.org/@next%2feslint-plugin-next set size:undefined disposed:false
331 silly fetch manifest scheduler@^0.27.0
332 silly packumentCache full:https://registry.npmjs.org/scheduler cache-miss
333 http fetch GET 200 https://registry.npmjs.org/@next%2fswc-darwin-x64 275ms (cache miss)
334 silly packumentCache full:https://registry.npmjs.org/@next%2fswc-darwin-x64 set size:undefined disposed:false
335 http fetch GET 200 https://registry.npmjs.org/eslint-plugin-react-hooks 360ms (cache miss)
336 silly packumentCache full:https://registry.npmjs.org/eslint-plugin-react-hooks set size:undefined disposed:false
337 http fetch GET 200 https://registry.npmjs.org/@next%2fswc-linux-x64-gnu 305ms (cache miss)
338 silly packumentCache full:https://registry.npmjs.org/@next%2fswc-linux-x64-gnu set size:undefined disposed:false
339 http fetch GET 200 https://registry.npmjs.org/@next%2fswc-darwin-arm64 335ms (cache miss)
340 silly packumentCache full:https://registry.npmjs.org/@next%2fswc-darwin-arm64 set size:undefined disposed:false
341 http fetch GET 200 https://registry.npmjs.org/@next%2fswc-linux-arm64-gnu 232ms (cache miss)
342 silly packumentCache full:https://registry.npmjs.org/@next%2fswc-linux-arm64-gnu set size:undefined disposed:false
343 http fetch GET 200 https://registry.npmjs.org/@next%2fswc-linux-arm64-musl 238ms (cache miss)
344 silly packumentCache full:https://registry.npmjs.org/@next%2fswc-linux-arm64-musl set size:undefined disposed:false
345 http fetch GET 200 https://registry.npmjs.org/@next%2fswc-win32-x64-msvc 315ms (cache miss)
346 silly packumentCache full:https://registry.npmjs.org/@next%2fswc-win32-x64-msvc set size:undefined disposed:false
347 http fetch GET 200 https://registry.npmjs.org/@next%2fswc-linux-x64-musl 387ms (cache miss)
348 silly packumentCache full:https://registry.npmjs.org/@next%2fswc-linux-x64-musl set size:undefined disposed:false
349 http fetch GET 200 https://registry.npmjs.org/@next%2fswc-win32-arm64-msvc 303ms (cache miss)
350 silly packumentCache full:https://registry.npmjs.org/@next%2fswc-win32-arm64-msvc set size:undefined disposed:false
351 http fetch GET 200 https://registry.npmjs.org/scheduler 277ms (cache miss)
352 silly packumentCache full:https://registry.npmjs.org/scheduler set size:undefined disposed:false
353 silly placeDep ROOT @alloc/quick-lru@5.2.0 OK for: @tailwindcss/postcss@4.1.18 want: ^5.2.0
354 silly placeDep ROOT @tailwindcss/node@4.1.18 OK for: @tailwindcss/postcss@4.1.18 want: 4.1.18
355 silly placeDep ROOT @tailwindcss/oxide@4.1.18 OK for: @tailwindcss/postcss@4.1.18 want: 4.1.18
356 silly placeDep ROOT postcss@8.5.6 OK for: @tailwindcss/postcss@4.1.18 want: ^8.4.41
357 silly fetch manifest jiti@^2.6.1
358 silly packumentCache full:https://registry.npmjs.org/jiti cache-miss
359 silly fetch manifest lightningcss@1.30.2
360 silly packumentCache full:https://registry.npmjs.org/lightningcss cache-miss
361 silly fetch manifest magic-string@^0.30.21
362 silly packumentCache full:https://registry.npmjs.org/magic-string cache-miss
363 silly fetch manifest source-map-js@^1.2.1
364 silly packumentCache full:https://registry.npmjs.org/source-map-js cache-miss
365 silly fetch manifest enhanced-resolve@^5.18.3
366 silly packumentCache full:https://registry.npmjs.org/enhanced-resolve cache-miss
367 silly fetch manifest @jridgewell/remapping@^2.3.4
368 silly packumentCache full:https://registry.npmjs.org/@jridgewell%2fremapping cache-miss
369 silly fetch manifest @tailwindcss/oxide-darwin-x64@4.1.18
370 silly packumentCache full:https://registry.npmjs.org/@tailwindcss%2foxide-darwin-x64 cache-miss
371 silly fetch manifest @tailwindcss/oxide-freebsd-x64@4.1.18
372 silly packumentCache full:https://registry.npmjs.org/@tailwindcss%2foxide-freebsd-x64 cache-miss
373 silly fetch manifest @tailwindcss/oxide-wasm32-wasi@4.1.18
374 silly packumentCache full:https://registry.npmjs.org/@tailwindcss%2foxide-wasm32-wasi cache-miss
375 silly fetch manifest @tailwindcss/oxide-darwin-arm64@4.1.18
376 silly packumentCache full:https://registry.npmjs.org/@tailwindcss%2foxide-darwin-arm64 cache-miss
377 http cache https://registry.npmjs.org/jiti 8ms (cache hit)
378 silly packumentCache full:https://registry.npmjs.org/jiti set size:382310 disposed:false
379 silly fetch manifest @tailwindcss/oxide-android-arm64@4.1.18
380 silly packumentCache full:https://registry.npmjs.org/@tailwindcss%2foxide-android-arm64 cache-miss
381 http fetch GET 200 https://registry.npmjs.org/source-map-js 38ms (cache miss)
382 silly packumentCache full:https://registry.npmjs.org/source-map-js set size:undefined disposed:false
383 silly fetch manifest @tailwindcss/oxide-linux-x64-gnu@4.1.18
384 silly packumentCache full:https://registry.npmjs.org/@tailwindcss%2foxide-linux-x64-gnu cache-miss
385 http fetch GET 200 https://registry.npmjs.org/lightningcss 45ms (cache miss)
386 silly packumentCache full:https://registry.npmjs.org/lightningcss set size:undefined disposed:false
387 silly fetch manifest @tailwindcss/oxide-linux-x64-musl@4.1.18
388 silly packumentCache full:https://registry.npmjs.org/@tailwindcss%2foxide-linux-x64-musl cache-miss
389 http fetch GET 200 https://registry.npmjs.org/magic-string 50ms (cache miss)
390 silly packumentCache full:https://registry.npmjs.org/magic-string set size:undefined disposed:false
391 silly fetch manifest @tailwindcss/oxide-win32-x64-msvc@4.1.18
392 silly packumentCache full:https://registry.npmjs.org/@tailwindcss%2foxide-win32-x64-msvc cache-miss
393 http fetch GET 200 https://registry.npmjs.org/enhanced-resolve 52ms (cache miss)
394 silly packumentCache full:https://registry.npmjs.org/enhanced-resolve set size:undefined disposed:false
395 silly fetch manifest @tailwindcss/oxide-linux-arm64-gnu@4.1.18
396 silly packumentCache full:https://registry.npmjs.org/@tailwindcss%2foxide-linux-arm64-gnu cache-miss
397 http fetch GET 200 https://registry.npmjs.org/@tailwindcss%2foxide-wasm32-wasi 85ms (cache miss)
398 silly packumentCache full:https://registry.npmjs.org/@tailwindcss%2foxide-wasm32-wasi set size:undefined disposed:false
399 silly fetch manifest @tailwindcss/oxide-linux-arm64-musl@4.1.18
400 silly packumentCache full:https://registry.npmjs.org/@tailwindcss%2foxide-linux-arm64-musl cache-miss
401 http fetch GET 200 https://registry.npmjs.org/@jridgewell%2fremapping 108ms (cache miss)
402 silly packumentCache full:https://registry.npmjs.org/@jridgewell%2fremapping set size:undefined disposed:false
403 silly fetch manifest @tailwindcss/oxide-win32-arm64-msvc@4.1.18
404 silly packumentCache full:https://registry.npmjs.org/@tailwindcss%2foxide-win32-arm64-msvc cache-miss
405 http fetch GET 200 https://registry.npmjs.org/@tailwindcss%2foxide-darwin-x64 110ms (cache miss)
406 silly packumentCache full:https://registry.npmjs.org/@tailwindcss%2foxide-darwin-x64 set size:undefined disposed:false
407 silly fetch manifest @tailwindcss/oxide-linux-arm-gnueabihf@4.1.18
408 silly packumentCache full:https://registry.npmjs.org/@tailwindcss%2foxide-linux-arm-gnueabihf cache-miss
409 http fetch GET 200 https://registry.npmjs.org/@tailwindcss%2foxide-android-arm64 120ms (cache miss)
410 silly packumentCache full:https://registry.npmjs.org/@tailwindcss%2foxide-android-arm64 set size:undefined disposed:false
411 silly fetch manifest nanoid@^3.3.11
412 silly packumentCache full:https://registry.npmjs.org/nanoid cache-miss
413 http fetch GET 200 https://registry.npmjs.org/@tailwindcss%2foxide-darwin-arm64 151ms (cache miss)
414 silly packumentCache full:https://registry.npmjs.org/@tailwindcss%2foxide-darwin-arm64 set size:undefined disposed:false
415 silly fetch manifest picocolors@^1.1.1
416 silly packumentCache full:https://registry.npmjs.org/picocolors cache-miss
417 http fetch GET 200 https://registry.npmjs.org/@tailwindcss%2foxide-linux-x64-gnu 128ms (cache miss)
418 silly packumentCache full:https://registry.npmjs.org/@tailwindcss%2foxide-linux-x64-gnu set size:undefined disposed:false
419 http fetch GET 200 https://registry.npmjs.org/@tailwindcss%2foxide-linux-x64-musl 127ms (cache miss)
420 silly packumentCache full:https://registry.npmjs.org/@tailwindcss%2foxide-linux-x64-musl set size:undefined disposed:false
421 http fetch GET 200 https://registry.npmjs.org/@tailwindcss%2foxide-freebsd-x64 191ms (cache miss)
422 silly packumentCache full:https://registry.npmjs.org/@tailwindcss%2foxide-freebsd-x64 set size:undefined disposed:false
423 http fetch GET 200 https://registry.npmjs.org/@tailwindcss%2foxide-win32-x64-msvc 150ms (cache miss)
424 silly packumentCache full:https://registry.npmjs.org/@tailwindcss%2foxide-win32-x64-msvc set size:undefined disposed:false
425 http fetch GET 200 https://registry.npmjs.org/nanoid 75ms (cache miss)
426 silly packumentCache full:https://registry.npmjs.org/nanoid set size:undefined disposed:false
427 http fetch GET 200 https://registry.npmjs.org/picocolors 64ms (cache miss)
428 silly packumentCache full:https://registry.npmjs.org/picocolors set size:undefined disposed:false
429 http fetch GET 200 https://registry.npmjs.org/@tailwindcss%2foxide-linux-arm64-gnu 170ms (cache miss)
430 silly packumentCache full:https://registry.npmjs.org/@tailwindcss%2foxide-linux-arm64-gnu set size:undefined disposed:false
431 http fetch GET 200 https://registry.npmjs.org/@tailwindcss%2foxide-win32-arm64-msvc 123ms (cache miss)
432 silly packumentCache full:https://registry.npmjs.org/@tailwindcss%2foxide-win32-arm64-msvc set size:undefined disposed:false
433 http fetch GET 200 https://registry.npmjs.org/@tailwindcss%2foxide-linux-arm-gnueabihf 121ms (cache miss)
434 silly packumentCache full:https://registry.npmjs.org/@tailwindcss%2foxide-linux-arm-gnueabihf set size:undefined disposed:false
435 http fetch GET 200 https://registry.npmjs.org/@tailwindcss%2foxide-linux-arm64-musl 156ms (cache miss)
436 silly packumentCache full:https://registry.npmjs.org/@tailwindcss%2foxide-linux-arm64-musl set size:undefined disposed:false
437 silly placeDep ROOT @jridgewell/remapping@2.3.5 OK for: @tailwindcss/node@4.1.18 want: ^2.3.4
438 silly placeDep ROOT enhanced-resolve@5.18.4 OK for: @tailwindcss/node@4.1.18 want: ^5.18.3
439 silly placeDep ROOT jiti@2.6.1 OK for: @tailwindcss/node@4.1.18 want: ^2.6.1
440 silly placeDep ROOT lightningcss@1.30.2 OK for: @tailwindcss/node@4.1.18 want: 1.30.2
441 silly placeDep ROOT magic-string@0.30.21 OK for: @tailwindcss/node@4.1.18 want: ^0.30.21
442 silly placeDep ROOT source-map-js@1.2.1 OK for: @tailwindcss/node@4.1.18 want: ^1.2.1
443 silly fetch manifest @jridgewell/gen-mapping@^0.3.5
444 silly packumentCache full:https://registry.npmjs.org/@jridgewell%2fgen-mapping cache-miss
445 silly fetch manifest @jridgewell/trace-mapping@^0.3.24
446 silly packumentCache full:https://registry.npmjs.org/@jridgewell%2ftrace-mapping cache-miss
447 silly fetch manifest graceful-fs@^4.2.4
448 silly packumentCache full:https://registry.npmjs.org/graceful-fs cache-miss
449 silly fetch manifest tapable@^2.2.0
450 silly packumentCache full:https://registry.npmjs.org/tapable cache-miss
451 silly fetch manifest detect-libc@^2.0.3
452 silly packumentCache full:https://registry.npmjs.org/detect-libc cache-miss
453 silly fetch manifest lightningcss-darwin-x64@1.30.2
454 silly packumentCache full:https://registry.npmjs.org/lightningcss-darwin-x64 cache-miss
455 silly fetch manifest lightningcss-linux-x64-gnu@1.30.2
456 silly packumentCache full:https://registry.npmjs.org/lightningcss-linux-x64-gnu cache-miss
457 silly fetch manifest lightningcss-win32-x64-msvc@1.30.2
458 silly packumentCache full:https://registry.npmjs.org/lightningcss-win32-x64-msvc cache-miss
459 silly fetch manifest lightningcss-win32-arm64-msvc@1.30.2
460 silly packumentCache full:https://registry.npmjs.org/lightningcss-win32-arm64-msvc cache-miss
461 silly fetch manifest lightningcss-darwin-arm64@1.30.2
462 silly packumentCache full:https://registry.npmjs.org/lightningcss-darwin-arm64 cache-miss
463 http fetch GET 200 https://registry.npmjs.org/graceful-fs 37ms (cache miss)
464 silly packumentCache full:https://registry.npmjs.org/graceful-fs set size:undefined disposed:false
465 silly fetch manifest lightningcss-linux-arm64-gnu@1.30.2
466 silly packumentCache full:https://registry.npmjs.org/lightningcss-linux-arm64-gnu cache-miss
467 http fetch GET 200 https://registry.npmjs.org/lightningcss-darwin-x64 39ms (cache miss)
468 silly packumentCache full:https://registry.npmjs.org/lightningcss-darwin-x64 set size:undefined disposed:false
469 silly fetch manifest lightningcss-linux-arm-gnueabihf@1.30.2
470 silly packumentCache full:https://registry.npmjs.org/lightningcss-linux-arm-gnueabihf cache-miss
471 http fetch GET 200 https://registry.npmjs.org/tapable 42ms (cache miss)
472 silly packumentCache full:https://registry.npmjs.org/tapable set size:undefined disposed:false
473 silly fetch manifest lightningcss-linux-arm64-musl@1.30.2
474 silly packumentCache full:https://registry.npmjs.org/lightningcss-linux-arm64-musl cache-miss
475 http fetch GET 200 https://registry.npmjs.org/lightningcss-darwin-arm64 45ms (cache miss)
476 silly packumentCache full:https://registry.npmjs.org/lightningcss-darwin-arm64 set size:undefined disposed:false
477 silly fetch manifest lightningcss-linux-x64-musl@1.30.2
478 silly packumentCache full:https://registry.npmjs.org/lightningcss-linux-x64-musl cache-miss
479 http fetch GET 200 https://registry.npmjs.org/detect-libc 45ms (cache miss)
480 silly packumentCache full:https://registry.npmjs.org/detect-libc set size:undefined disposed:false
481 silly fetch manifest lightningcss-freebsd-x64@1.30.2
482 silly packumentCache full:https://registry.npmjs.org/lightningcss-freebsd-x64 cache-miss
483 http fetch GET 200 https://registry.npmjs.org/@jridgewell%2fgen-mapping 50ms (cache miss)
484 silly packumentCache full:https://registry.npmjs.org/@jridgewell%2fgen-mapping set size:undefined disposed:false
485 silly fetch manifest lightningcss-android-arm64@1.30.2
486 silly packumentCache full:https://registry.npmjs.org/lightningcss-android-arm64 cache-miss
487 http fetch GET 200 https://registry.npmjs.org/lightningcss-win32-arm64-msvc 52ms (cache miss)
488 silly packumentCache full:https://registry.npmjs.org/lightningcss-win32-arm64-msvc set size:undefined disposed:false
489 silly fetch manifest @jridgewell/sourcemap-codec@^1.5.5
490 silly packumentCache full:https://registry.npmjs.org/@jridgewell%2fsourcemap-codec cache-miss
491 http fetch GET 200 https://registry.npmjs.org/@jridgewell%2ftrace-mapping 60ms (cache miss)
492 silly packumentCache full:https://registry.npmjs.org/@jridgewell%2ftrace-mapping set size:undefined disposed:false
493 http fetch GET 200 https://registry.npmjs.org/lightningcss-win32-x64-msvc 68ms (cache miss)
494 silly packumentCache full:https://registry.npmjs.org/lightningcss-win32-x64-msvc set size:undefined disposed:false
495 http fetch GET 200 https://registry.npmjs.org/lightningcss-linux-arm64-gnu 31ms (cache miss)
496 silly packumentCache full:https://registry.npmjs.org/lightningcss-linux-arm64-gnu set size:undefined disposed:false
497 http fetch GET 200 https://registry.npmjs.org/lightningcss-linux-x64-gnu 69ms (cache miss)
498 silly packumentCache full:https://registry.npmjs.org/lightningcss-linux-x64-gnu set size:undefined disposed:false
499 http fetch GET 200 https://registry.npmjs.org/lightningcss-linux-arm-gnueabihf 42ms (cache miss)
500 silly packumentCache full:https://registry.npmjs.org/lightningcss-linux-arm-gnueabihf set size:undefined disposed:false
501 http fetch GET 200 https://registry.npmjs.org/lightningcss-android-arm64 36ms (cache miss)
502 silly packumentCache full:https://registry.npmjs.org/lightningcss-android-arm64 set size:undefined disposed:false
503 http fetch GET 200 https://registry.npmjs.org/lightningcss-linux-x64-musl 45ms (cache miss)
504 silly packumentCache full:https://registry.npmjs.org/lightningcss-linux-x64-musl set size:undefined disposed:false
505 http fetch GET 200 https://registry.npmjs.org/lightningcss-linux-arm64-musl 70ms (cache miss)
506 silly packumentCache full:https://registry.npmjs.org/lightningcss-linux-arm64-musl set size:undefined disposed:false
507 http fetch GET 200 https://registry.npmjs.org/@jridgewell%2fsourcemap-codec 81ms (cache miss)
508 silly packumentCache full:https://registry.npmjs.org/@jridgewell%2fsourcemap-codec set size:undefined disposed:false
509 http fetch GET 200 https://registry.npmjs.org/lightningcss-freebsd-x64 125ms (cache miss)
510 silly packumentCache full:https://registry.npmjs.org/lightningcss-freebsd-x64 set size:undefined disposed:false
511 silly placeDep ROOT @jridgewell/gen-mapping@0.3.13 OK for: @jridgewell/remapping@2.3.5 want: ^0.3.5
512 silly placeDep ROOT @jridgewell/trace-mapping@0.3.31 OK for: @jridgewell/remapping@2.3.5 want: ^0.3.24
513 silly fetch manifest @jridgewell/sourcemap-codec@^1.5.0
514 silly packumentCache full:https://registry.npmjs.org/@jridgewell%2fsourcemap-codec cache-miss
515 silly fetch manifest @jridgewell/resolve-uri@^3.1.0
516 silly packumentCache full:https://registry.npmjs.org/@jridgewell%2fresolve-uri cache-miss
517 silly fetch manifest @jridgewell/sourcemap-codec@^1.4.14
518 silly packumentCache full:https://registry.npmjs.org/@jridgewell%2fsourcemap-codec cache-miss
519 http cache https://registry.npmjs.org/@jridgewell%2fsourcemap-codec 3ms (cache hit)
520 silly packumentCache full:https://registry.npmjs.org/@jridgewell%2fsourcemap-codec set size:59275 disposed:false
521 http cache https://registry.npmjs.org/@jridgewell%2fsourcemap-codec 2ms (cache hit)
522 silly packumentCache full:https://registry.npmjs.org/@jridgewell%2fsourcemap-codec set size:59275 disposed:false
523 silly packumentCache full:https://registry.npmjs.org/@jridgewell%2fsourcemap-codec dispose
524 http fetch GET 200 https://registry.npmjs.org/@jridgewell%2fresolve-uri 60ms (cache miss)
525 silly packumentCache full:https://registry.npmjs.org/@jridgewell%2fresolve-uri set size:undefined disposed:false
526 silly placeDep ROOT @jridgewell/sourcemap-codec@1.5.5 OK for: @jridgewell/gen-mapping@0.3.13 want: ^1.5.0
527 silly placeDep ROOT @jridgewell/resolve-uri@3.1.2 OK for: @jridgewell/trace-mapping@0.3.31 want: ^3.1.0
528 silly placeDep ROOT @tailwindcss/oxide-android-arm64@4.1.18 OK for: @tailwindcss/oxide@4.1.18 want: 4.1.18
529 silly placeDep ROOT @tailwindcss/oxide-darwin-arm64@4.1.18 OK for: @tailwindcss/oxide@4.1.18 want: 4.1.18
530 silly placeDep ROOT @tailwindcss/oxide-darwin-x64@4.1.18 OK for: @tailwindcss/oxide@4.1.18 want: 4.1.18
531 silly placeDep ROOT @tailwindcss/oxide-freebsd-x64@4.1.18 OK for: @tailwindcss/oxide@4.1.18 want: 4.1.18
532 silly placeDep ROOT @tailwindcss/oxide-linux-arm-gnueabihf@4.1.18 OK for: @tailwindcss/oxide@4.1.18 want: 4.1.18
533 silly placeDep ROOT @tailwindcss/oxide-linux-arm64-gnu@4.1.18 OK for: @tailwindcss/oxide@4.1.18 want: 4.1.18
534 silly placeDep ROOT @tailwindcss/oxide-linux-arm64-musl@4.1.18 OK for: @tailwindcss/oxide@4.1.18 want: 4.1.18
535 silly placeDep ROOT @tailwindcss/oxide-linux-x64-gnu@4.1.18 OK for: @tailwindcss/oxide@4.1.18 want: 4.1.18
536 silly placeDep ROOT @tailwindcss/oxide-linux-x64-musl@4.1.18 OK for: @tailwindcss/oxide@4.1.18 want: 4.1.18
537 silly placeDep ROOT @tailwindcss/oxide-wasm32-wasi@4.1.18 OK for: @tailwindcss/oxide@4.1.18 want: 4.1.18
538 silly placeDep ROOT @tailwindcss/oxide-win32-arm64-msvc@4.1.18 OK for: @tailwindcss/oxide@4.1.18 want: 4.1.18
539 silly placeDep ROOT @tailwindcss/oxide-win32-x64-msvc@4.1.18 OK for: @tailwindcss/oxide@4.1.18 want: 4.1.18
540 silly placeDep ROOT undici-types@6.21.0 OK for: @types/node@20.19.27 want: ~6.21.0
541 silly placeDep ROOT csstype@3.2.3 OK for: @types/react@19.2.7 want: ^3.2.2
542 silly placeDep ROOT graceful-fs@4.2.11 OK for: enhanced-resolve@5.18.4 want: ^4.2.4
543 silly placeDep ROOT tapable@2.3.0 OK for: enhanced-resolve@5.18.4 want: ^2.2.0
544 silly fetch manifest eslint@^6.0.0 || ^7.0.0 || >=8.0.0
545 silly packumentCache full:https://registry.npmjs.org/eslint cache-miss
546 http cache https://registry.npmjs.org/eslint 5ms (cache hit)
547 silly packumentCache full:https://registry.npmjs.org/eslint set size:1900943 disposed:false
548 silly placeDep ROOT @eslint-community/eslint-utils@4.9.1 OK for: eslint@9.39.2 want: ^4.8.0
549 silly placeDep ROOT @eslint-community/regexpp@4.12.2 OK for: eslint@9.39.2 want: ^4.12.1
550 silly placeDep ROOT @eslint/config-array@0.21.1 OK for: eslint@9.39.2 want: ^0.21.1
551 silly placeDep ROOT @eslint/config-helpers@0.4.2 OK for: eslint@9.39.2 want: ^0.4.2
552 silly placeDep ROOT @eslint/core@0.17.0 OK for: eslint@9.39.2 want: ^0.17.0
553 silly placeDep ROOT @eslint/eslintrc@3.3.3 OK for: eslint@9.39.2 want: ^3.3.1
554 silly placeDep ROOT @eslint/js@9.39.2 OK for: eslint@9.39.2 want: 9.39.2
555 silly placeDep ROOT @eslint/plugin-kit@0.4.1 OK for: eslint@9.39.2 want: ^0.4.1
556 silly placeDep ROOT @humanfs/node@0.16.7 OK for: eslint@9.39.2 want: ^0.16.6
557 silly placeDep ROOT @humanwhocodes/module-importer@1.0.1 OK for: eslint@9.39.2 want: ^1.0.1
558 silly placeDep ROOT @humanwhocodes/retry@0.4.3 OK for: eslint@9.39.2 want: ^0.4.2
559 silly placeDep ROOT @types/estree@1.0.8 OK for: eslint@9.39.2 want: ^1.0.6
560 silly placeDep ROOT ajv@6.12.6 OK for: eslint@9.39.2 want: ^6.12.4
561 silly placeDep ROOT chalk@4.1.2 OK for: eslint@9.39.2 want: ^4.0.0
562 silly placeDep ROOT cross-spawn@7.0.6 OK for: eslint@9.39.2 want: ^7.0.6
563 silly placeDep ROOT debug@4.4.3 OK for: eslint@9.39.2 want: ^4.3.2
564 silly placeDep ROOT escape-string-regexp@4.0.0 OK for: eslint@9.39.2 want: ^4.0.0
565 silly placeDep ROOT eslint-scope@8.4.0 OK for: eslint@9.39.2 want: ^8.4.0
566 silly placeDep ROOT eslint-visitor-keys@4.2.1 OK for: eslint@9.39.2 want: ^4.2.1
567 silly placeDep ROOT espree@10.4.0 OK for: eslint@9.39.2 want: ^10.4.0
568 silly placeDep ROOT esquery@1.7.0 OK for: eslint@9.39.2 want: ^1.5.0
569 silly placeDep ROOT esutils@2.0.3 OK for: eslint@9.39.2 want: ^2.0.2
570 silly placeDep ROOT fast-deep-equal@3.1.3 OK for: eslint@9.39.2 want: ^3.1.3
571 silly placeDep ROOT file-entry-cache@8.0.0 OK for: eslint@9.39.2 want: ^8.0.0
572 silly placeDep ROOT find-up@5.0.0 OK for: eslint@9.39.2 want: ^5.0.0
573 silly placeDep ROOT glob-parent@6.0.2 OK for: eslint@9.39.2 want: ^6.0.2
574 silly placeDep ROOT ignore@5.3.2 OK for: eslint@9.39.2 want: ^5.2.0
575 silly placeDep ROOT imurmurhash@0.1.4 OK for: eslint@9.39.2 want: ^0.1.4
576 silly placeDep ROOT is-glob@4.0.3 OK for: eslint@9.39.2 want: ^4.0.0
577 silly placeDep ROOT json-stable-stringify-without-jsonify@1.0.1 OK for: eslint@9.39.2 want: ^1.0.1
578 silly placeDep ROOT lodash.merge@4.6.2 OK for: eslint@9.39.2 want: ^4.6.2
579 silly placeDep ROOT minimatch@3.1.2 OK for: eslint@9.39.2 want: ^3.1.2
580 silly placeDep ROOT natural-compare@1.4.0 OK for: eslint@9.39.2 want: ^1.4.0
581 silly placeDep ROOT optionator@0.9.4 OK for: eslint@9.39.2 want: ^0.9.3
582 silly fetch manifest eslint-visitor-keys@^3.4.3
583 silly packumentCache full:https://registry.npmjs.org/eslint-visitor-keys cache-miss
584 silly fetch manifest debug@^4.3.1
585 silly packumentCache full:https://registry.npmjs.org/debug cache-miss
586 silly fetch manifest @eslint/object-schema@^2.1.7
587 silly packumentCache full:https://registry.npmjs.org/@eslint%2fobject-schema cache-miss
588 silly fetch manifest @types/json-schema@^7.0.15
589 silly packumentCache full:https://registry.npmjs.org/@types%2fjson-schema cache-miss
590 silly fetch manifest espree@^10.0.1
591 silly packumentCache full:https://registry.npmjs.org/espree cache-miss
592 silly fetch manifest globals@^14.0.0
593 silly packumentCache full:https://registry.npmjs.org/globals cache-miss
594 silly fetch manifest import-fresh@^3.2.1
595 silly packumentCache full:https://registry.npmjs.org/import-fresh cache-miss
596 silly fetch manifest js-yaml@^4.1.1
597 silly packumentCache full:https://registry.npmjs.org/js-yaml cache-miss
598 silly fetch manifest strip-json-comments@^3.1.1
599 silly packumentCache full:https://registry.npmjs.org/strip-json-comments cache-miss
600 silly fetch manifest levn@^0.4.1
601 silly packumentCache full:https://registry.npmjs.org/levn cache-miss
602 http cache https://registry.npmjs.org/espree 5ms (cache hit)
603 silly packumentCache full:https://registry.npmjs.org/espree set size:317497 disposed:false
604 silly fetch manifest @humanwhocodes/retry@^0.4.0
605 silly packumentCache full:https://registry.npmjs.org/@humanwhocodes%2fretry cache-miss
606 http cache https://registry.npmjs.org/globals 7ms (cache hit)
607 silly packumentCache full:https://registry.npmjs.org/globals set size:293859 disposed:false
608 silly fetch manifest @humanfs/core@^0.19.1
609 silly packumentCache full:https://registry.npmjs.org/@humanfs%2fcore cache-miss
610 http cache https://registry.npmjs.org/debug 9ms (cache hit)
611 silly packumentCache full:https://registry.npmjs.org/debug set size:195840 disposed:false
612 silly fetch manifest uri-js@^4.2.2
613 silly packumentCache full:https://registry.npmjs.org/uri-js cache-miss
614 http cache https://registry.npmjs.org/eslint-visitor-keys 11ms (cache hit)
615 silly packumentCache full:https://registry.npmjs.org/eslint-visitor-keys set size:67352 disposed:false
616 silly fetch manifest fast-deep-equal@^3.1.1
617 silly packumentCache full:https://registry.npmjs.org/fast-deep-equal cache-miss
618 http cache https://registry.npmjs.org/@humanwhocodes%2fretry 5ms (cache hit)
619 silly packumentCache full:https://registry.npmjs.org/@humanwhocodes%2fretry set size:42348 disposed:false
620 silly fetch manifest json-schema-traverse@^0.4.1
621 silly packumentCache full:https://registry.npmjs.org/json-schema-traverse cache-miss
622 http cache https://registry.npmjs.org/fast-deep-equal 2ms (cache hit)
623 silly packumentCache full:https://registry.npmjs.org/fast-deep-equal set size:48634 disposed:false
624 silly fetch manifest fast-json-stable-stringify@^2.0.0
625 silly packumentCache full:https://registry.npmjs.org/fast-json-stable-stringify cache-miss
626 http fetch GET 200 https://registry.npmjs.org/import-fresh 39ms (cache miss)
627 silly packumentCache full:https://registry.npmjs.org/import-fresh set size:undefined disposed:false
628 silly fetch manifest ansi-styles@^4.1.0
629 silly packumentCache full:https://registry.npmjs.org/ansi-styles cache-miss
630 http fetch GET 200 https://registry.npmjs.org/fast-json-stable-stringify 38ms (cache miss)
631 silly packumentCache full:https://registry.npmjs.org/fast-json-stable-stringify set size:undefined disposed:false
632 silly fetch manifest supports-color@^7.1.0
633 silly packumentCache full:https://registry.npmjs.org/supports-color cache-miss
634 http fetch GET 200 https://registry.npmjs.org/levn 51ms (cache miss)
635 silly packumentCache full:https://registry.npmjs.org/levn set size:undefined disposed:false
636 silly fetch manifest which@^2.0.1
637 silly packumentCache full:https://registry.npmjs.org/which cache-miss
638 http fetch GET 200 https://registry.npmjs.org/json-schema-traverse 41ms (cache miss)
639 silly packumentCache full:https://registry.npmjs.org/json-schema-traverse set size:undefined disposed:false
640 silly fetch manifest path-key@^3.1.0
641 silly packumentCache full:https://registry.npmjs.org/path-key cache-miss
642 http fetch GET 200 https://registry.npmjs.org/strip-json-comments 54ms (cache miss)
643 silly packumentCache full:https://registry.npmjs.org/strip-json-comments set size:undefined disposed:false
644 silly fetch manifest shebang-command@^2.0.0
645 silly packumentCache full:https://registry.npmjs.org/shebang-command cache-miss
646 http fetch GET 200 https://registry.npmjs.org/js-yaml 56ms (cache miss)
647 silly packumentCache full:https://registry.npmjs.org/js-yaml set size:undefined disposed:false
648 silly fetch manifest ms@^2.1.3
649 silly packumentCache full:https://registry.npmjs.org/ms cache-miss
650 http fetch GET 200 https://registry.npmjs.org/uri-js 48ms (cache miss)
651 silly packumentCache full:https://registry.npmjs.org/uri-js set size:undefined disposed:false
652 silly fetch manifest esrecurse@^4.3.0
653 silly packumentCache full:https://registry.npmjs.org/esrecurse cache-miss
654 http fetch GET 200 https://registry.npmjs.org/@types%2fjson-schema 63ms (cache miss)
655 silly packumentCache full:https://registry.npmjs.org/@types%2fjson-schema set size:undefined disposed:false
656 silly fetch manifest estraverse@^5.2.0
657 silly packumentCache full:https://registry.npmjs.org/estraverse cache-miss
658 http fetch GET 200 https://registry.npmjs.org/@humanfs%2fcore 55ms (cache miss)
659 silly packumentCache full:https://registry.npmjs.org/@humanfs%2fcore set size:undefined disposed:false
660 silly fetch manifest acorn@^8.15.0
661 silly packumentCache full:https://registry.npmjs.org/acorn cache-miss
662 http fetch GET 200 https://registry.npmjs.org/@eslint%2fobject-schema 77ms (cache miss)
663 silly packumentCache full:https://registry.npmjs.org/@eslint%2fobject-schema set size:undefined disposed:false
664 silly fetch manifest acorn-jsx@^5.3.2
665 silly packumentCache full:https://registry.npmjs.org/acorn-jsx cache-miss
666 http fetch GET 200 https://registry.npmjs.org/ansi-styles 38ms (cache miss)
667 silly packumentCache full:https://registry.npmjs.org/ansi-styles set size:undefined disposed:false
668 silly fetch manifest estraverse@^5.1.0
669 silly packumentCache full:https://registry.npmjs.org/estraverse cache-miss
670 http fetch GET 200 https://registry.npmjs.org/shebang-command 28ms (cache miss)
671 silly packumentCache full:https://registry.npmjs.org/shebang-command set size:undefined disposed:false
672 silly fetch manifest flat-cache@^4.0.0
673 silly packumentCache full:https://registry.npmjs.org/flat-cache cache-miss
674 http fetch GET 200 https://registry.npmjs.org/path-key 36ms (cache miss)
675 silly packumentCache full:https://registry.npmjs.org/path-key set size:undefined disposed:false
676 silly fetch manifest locate-path@^6.0.0
677 silly packumentCache full:https://registry.npmjs.org/locate-path cache-miss
678 http fetch GET 200 https://registry.npmjs.org/esrecurse 37ms (cache miss)
679 silly packumentCache full:https://registry.npmjs.org/esrecurse set size:undefined disposed:false
680 silly fetch manifest path-exists@^4.0.0
681 silly packumentCache full:https://registry.npmjs.org/path-exists cache-miss
682 http fetch GET 200 https://registry.npmjs.org/ms 39ms (cache miss)
683 silly packumentCache full:https://registry.npmjs.org/ms set size:undefined disposed:false
684 silly fetch manifest is-glob@^4.0.3
685 silly packumentCache full:https://registry.npmjs.org/is-glob cache-miss
686 http fetch GET 200 https://registry.npmjs.org/supports-color 46ms (cache miss)
687 silly packumentCache full:https://registry.npmjs.org/supports-color set size:undefined disposed:false
688 silly fetch manifest is-extglob@^2.1.1
689 silly packumentCache full:https://registry.npmjs.org/is-extglob cache-miss
690 http cache https://registry.npmjs.org/is-glob 3ms (cache hit)
691 silly packumentCache full:https://registry.npmjs.org/is-glob set size:40530 disposed:false
692 silly fetch manifest brace-expansion@^1.1.7
693 silly packumentCache full:https://registry.npmjs.org/brace-expansion cache-miss
694 http fetch GET 200 https://registry.npmjs.org/estraverse 39ms (cache miss)
695 silly packumentCache full:https://registry.npmjs.org/estraverse set size:undefined disposed:false
696 silly fetch manifest prelude-ls@^1.2.1
697 silly packumentCache full:https://registry.npmjs.org/prelude-ls cache-miss
698 http fetch GET 200 https://registry.npmjs.org/acorn 41ms (cache miss)
699 silly packumentCache full:https://registry.npmjs.org/acorn set size:undefined disposed:false
700 silly fetch manifest deep-is@^0.1.3
701 silly packumentCache full:https://registry.npmjs.org/deep-is cache-miss
702 http fetch GET 200 https://registry.npmjs.org/which 63ms (cache miss)
703 silly packumentCache full:https://registry.npmjs.org/which set size:undefined disposed:false
704 silly fetch manifest word-wrap@^1.2.5
705 silly packumentCache full:https://registry.npmjs.org/word-wrap cache-miss
706 http fetch GET 200 https://registry.npmjs.org/path-exists 38ms (cache miss)
707 silly packumentCache full:https://registry.npmjs.org/path-exists set size:undefined disposed:false
708 silly fetch manifest type-check@^0.4.0
709 silly packumentCache full:https://registry.npmjs.org/type-check cache-miss
710 http fetch GET 200 https://registry.npmjs.org/locate-path 43ms (cache miss)
711 silly packumentCache full:https://registry.npmjs.org/locate-path set size:undefined disposed:false
712 silly fetch manifest fast-levenshtein@^2.0.6
713 silly packumentCache full:https://registry.npmjs.org/fast-levenshtein cache-miss
714 http fetch GET 200 https://registry.npmjs.org/estraverse 59ms (cache miss)
715 silly packumentCache full:https://registry.npmjs.org/estraverse set size:undefined disposed:false
716 http fetch GET 200 https://registry.npmjs.org/flat-cache 54ms (cache miss)
717 silly packumentCache full:https://registry.npmjs.org/flat-cache set size:undefined disposed:false
718 http fetch GET 200 https://registry.npmjs.org/brace-expansion 40ms (cache miss)
719 silly packumentCache full:https://registry.npmjs.org/brace-expansion set size:undefined disposed:false
720 http fetch GET 200 https://registry.npmjs.org/acorn-jsx 66ms (cache miss)
721 silly packumentCache full:https://registry.npmjs.org/acorn-jsx set size:undefined disposed:false
722 http fetch GET 200 https://registry.npmjs.org/deep-is 37ms (cache miss)
723 silly packumentCache full:https://registry.npmjs.org/deep-is set size:undefined disposed:false
724 http fetch GET 200 https://registry.npmjs.org/prelude-ls 46ms (cache miss)
725 silly packumentCache full:https://registry.npmjs.org/prelude-ls set size:undefined disposed:false
726 http fetch GET 200 https://registry.npmjs.org/is-extglob 58ms (cache miss)
727 silly packumentCache full:https://registry.npmjs.org/is-extglob set size:undefined disposed:false
728 http fetch GET 200 https://registry.npmjs.org/word-wrap 51ms (cache miss)
729 silly packumentCache full:https://registry.npmjs.org/word-wrap set size:undefined disposed:false
730 http fetch GET 200 https://registry.npmjs.org/type-check 37ms (cache miss)
731 silly packumentCache full:https://registry.npmjs.org/type-check set size:undefined disposed:false
732 http fetch GET 200 https://registry.npmjs.org/fast-levenshtein 37ms (cache miss)
733 silly packumentCache full:https://registry.npmjs.org/fast-levenshtein set size:undefined disposed:false
734 silly placeDep node_modules/@eslint-community/eslint-utils eslint-visitor-keys@3.4.3 OK for: @eslint-community/eslint-utils@4.9.1 want: ^3.4.3
735 silly placeDep ROOT @eslint/object-schema@2.1.7 OK for: @eslint/config-array@0.21.1 want: ^2.1.7
736 silly placeDep ROOT @types/json-schema@7.0.15 OK for: @eslint/core@0.17.0 want: ^7.0.15
737 silly placeDep ROOT globals@14.0.0 OK for: @eslint/eslintrc@3.3.3 want: ^14.0.0
738 silly placeDep ROOT import-fresh@3.3.1 OK for: @eslint/eslintrc@3.3.3 want: ^3.2.1
739 silly placeDep ROOT js-yaml@4.1.1 OK for: @eslint/eslintrc@3.3.3 want: ^4.1.1
740 silly placeDep ROOT strip-json-comments@3.1.1 OK for: @eslint/eslintrc@3.3.3 want: ^3.1.1
741 silly fetch manifest parent-module@^1.0.0
742 silly packumentCache full:https://registry.npmjs.org/parent-module cache-miss
743 silly fetch manifest resolve-from@^4.0.0
744 silly packumentCache full:https://registry.npmjs.org/resolve-from cache-miss
745 silly fetch manifest argparse@^2.0.1
746 silly packumentCache full:https://registry.npmjs.org/argparse cache-miss
747 http fetch GET 200 https://registry.npmjs.org/resolve-from 41ms (cache miss)
748 silly packumentCache full:https://registry.npmjs.org/resolve-from set size:undefined disposed:false
749 http fetch GET 200 https://registry.npmjs.org/argparse 42ms (cache miss)
750 silly packumentCache full:https://registry.npmjs.org/argparse set size:undefined disposed:false
751 http fetch GET 200 https://registry.npmjs.org/parent-module 61ms (cache miss)
752 silly packumentCache full:https://registry.npmjs.org/parent-module set size:undefined disposed:false
753 silly placeDep ROOT levn@0.4.1 OK for: @eslint/plugin-kit@0.4.1 want: ^0.4.1
754 silly fetch manifest type-check@~0.4.0
755 silly packumentCache full:https://registry.npmjs.org/type-check cache-miss
756 http cache https://registry.npmjs.org/type-check 1ms (cache hit)
757 silly packumentCache full:https://registry.npmjs.org/type-check set size:21221 disposed:false
758 silly placeDep ROOT @humanfs/core@0.19.1 OK for: @humanfs/node@0.16.7 want: ^0.19.1
759 silly placeDep ROOT fast-json-stable-stringify@2.1.0 OK for: ajv@6.12.6 want: ^2.0.0
760 silly placeDep ROOT json-schema-traverse@0.4.1 OK for: ajv@6.12.6 want: ^0.4.1
761 silly placeDep ROOT uri-js@4.4.1 OK for: ajv@6.12.6 want: ^4.2.2
762 silly fetch manifest punycode@^2.1.0
763 silly packumentCache full:https://registry.npmjs.org/punycode cache-miss
764 http fetch GET 200 https://registry.npmjs.org/punycode 34ms (cache miss)
765 silly packumentCache full:https://registry.npmjs.org/punycode set size:undefined disposed:false
766 silly placeDep ROOT ansi-styles@4.3.0 OK for: chalk@4.1.2 want: ^4.1.0
767 silly placeDep ROOT supports-color@7.2.0 OK for: chalk@4.1.2 want: ^7.1.0
768 silly fetch manifest color-convert@^2.0.1
769 silly packumentCache full:https://registry.npmjs.org/color-convert cache-miss
770 silly fetch manifest has-flag@^4.0.0
771 silly packumentCache full:https://registry.npmjs.org/has-flag cache-miss
772 http fetch GET 200 https://registry.npmjs.org/color-convert 32ms (cache miss)
773 silly packumentCache full:https://registry.npmjs.org/color-convert set size:undefined disposed:false
774 http fetch GET 200 https://registry.npmjs.org/has-flag 41ms (cache miss)
775 silly packumentCache full:https://registry.npmjs.org/has-flag set size:undefined disposed:false
776 silly placeDep ROOT color-convert@2.0.1 OK for: ansi-styles@4.3.0 want: ^2.0.1
777 silly fetch manifest color-name@~1.1.4
778 silly packumentCache full:https://registry.npmjs.org/color-name cache-miss
779 http fetch GET 200 https://registry.npmjs.org/color-name 36ms (cache miss)
780 silly packumentCache full:https://registry.npmjs.org/color-name set size:undefined disposed:false
781 silly placeDep ROOT color-name@1.1.4 OK for: color-convert@2.0.1 want: ~1.1.4
782 silly placeDep ROOT path-key@3.1.1 OK for: cross-spawn@7.0.6 want: ^3.1.0
783 silly placeDep ROOT shebang-command@2.0.0 OK for: cross-spawn@7.0.6 want: ^2.0.0
784 silly placeDep ROOT which@2.0.2 OK for: cross-spawn@7.0.6 want: ^2.0.1
785 silly fetch manifest shebang-regex@^3.0.0
786 silly packumentCache full:https://registry.npmjs.org/shebang-regex cache-miss
787 silly fetch manifest isexe@^2.0.0
788 silly packumentCache full:https://registry.npmjs.org/isexe cache-miss
789 http fetch GET 200 https://registry.npmjs.org/isexe 36ms (cache miss)
790 silly packumentCache full:https://registry.npmjs.org/isexe set size:undefined disposed:false
791 http fetch GET 200 https://registry.npmjs.org/shebang-regex 44ms (cache miss)
792 silly packumentCache full:https://registry.npmjs.org/shebang-regex set size:undefined disposed:false
793 silly placeDep ROOT ms@2.1.3 OK for: debug@4.4.3 want: ^2.1.3
794 silly fetch manifest eslint@>=9.0.0
795 silly packumentCache full:https://registry.npmjs.org/eslint cache-miss
796 http cache https://registry.npmjs.org/eslint 4ms (cache hit)
797 silly packumentCache full:https://registry.npmjs.org/eslint set size:1900943 disposed:false
798 silly fetch manifest typescript@>=3.3.1
799 silly packumentCache full:https://registry.npmjs.org/typescript cache-miss
800 http cache https://registry.npmjs.org/typescript 16ms (cache hit)
801 silly packumentCache full:https://registry.npmjs.org/typescript set size:15076978 disposed:false
802 silly fetch manifest eslint-plugin-import-x@*
803 silly packumentCache full:https://registry.npmjs.org/eslint-plugin-import-x cache-miss
804 http fetch GET 200 https://registry.npmjs.org/eslint-plugin-import-x 63ms (cache miss)
805 silly packumentCache full:https://registry.npmjs.org/eslint-plugin-import-x set size:undefined disposed:false
806 silly fetch manifest @typescript-eslint/utils@^8.0.0
807 silly packumentCache full:https://registry.npmjs.org/@typescript-eslint%2futils cache-miss
808 http fetch GET 200 https://registry.npmjs.org/@typescript-eslint%2futils 204ms (cache miss)
809 silly packumentCache full:https://registry.npmjs.org/@typescript-eslint%2futils set size:undefined disposed:false
810 silly placeDep ROOT @next/eslint-plugin-next@16.1.1 OK for: eslint-config-next@16.1.1 want: 16.1.1
811 silly placeDep ROOT eslint-import-resolver-node@0.3.9 OK for: eslint-config-next@16.1.1 want: ^0.3.6
812 silly placeDep ROOT eslint-import-resolver-typescript@3.10.1 OK for: eslint-config-next@16.1.1 want: ^3.5.2
813 silly placeDep ROOT eslint-plugin-import@2.32.0 OK for: eslint-config-next@16.1.1 want: ^2.32.0
814 silly placeDep ROOT eslint-plugin-jsx-a11y@6.10.2 OK for: eslint-config-next@16.1.1 want: ^6.10.0
815 silly placeDep ROOT eslint-plugin-react@7.37.5 OK for: eslint-config-next@16.1.1 want: ^7.37.0
816 silly placeDep ROOT eslint-plugin-react-hooks@7.0.1 OK for: eslint-config-next@16.1.1 want: ^7.0.0
817 silly placeDep node_modules/eslint-config-next globals@16.4.0 OK for: eslint-config-next@16.1.1 want: 16.4.0
818 silly placeDep ROOT typescript-eslint@8.51.0 OK for: eslint-config-next@16.1.1 want: ^8.46.0
819 silly fetch manifest fast-glob@3.3.1
820 silly packumentCache full:https://registry.npmjs.org/fast-glob cache-miss
821 silly fetch manifest debug@^3.2.7
822 silly packumentCache full:https://registry.npmjs.org/debug cache-hit
823 silly fetch manifest is-core-module@^2.13.0
824 silly packumentCache full:https://registry.npmjs.org/is-core-module cache-miss
825 silly fetch manifest resolve@^1.22.4
826 silly packumentCache full:https://registry.npmjs.org/resolve cache-miss
827 silly fetch manifest tinyglobby@^0.2.13
828 silly packumentCache full:https://registry.npmjs.org/tinyglobby cache-miss
829 silly fetch manifest stable-hash@^0.0.5
830 silly packumentCache full:https://registry.npmjs.org/stable-hash cache-miss
831 silly fetch manifest get-tsconfig@^4.10.0
832 silly packumentCache full:https://registry.npmjs.org/get-tsconfig cache-miss
833 silly fetch manifest is-bun-module@^2.0.0
834 silly packumentCache full:https://registry.npmjs.org/is-bun-module cache-miss
835 silly fetch manifest unrs-resolver@^1.6.2
836 silly packumentCache full:https://registry.npmjs.org/unrs-resolver cache-miss
837 silly fetch manifest @nolyfill/is-core-module@1.0.39
838 silly packumentCache full:https://registry.npmjs.org/@nolyfill%2fis-core-module cache-miss
839 silly fetch manifest @rtsao/scc@^1.1.0
840 silly packumentCache full:https://registry.npmjs.org/@rtsao%2fscc cache-miss
841 http fetch GET 200 https://registry.npmjs.org/tinyglobby 53ms (cache miss)
842 silly packumentCache full:https://registry.npmjs.org/tinyglobby set size:undefined disposed:false
843 silly fetch manifest array-includes@^3.1.9
844 silly packumentCache full:https://registry.npmjs.org/array-includes cache-miss
845 http fetch GET 200 https://registry.npmjs.org/fast-glob 70ms (cache miss)
846 silly packumentCache full:https://registry.npmjs.org/fast-glob set size:undefined disposed:false
847 silly fetch manifest array.prototype.findlastindex@^1.2.6
848 silly packumentCache full:https://registry.npmjs.org/array.prototype.findlastindex cache-miss
849 http fetch GET 200 https://registry.npmjs.org/resolve 71ms (cache miss)
850 silly packumentCache full:https://registry.npmjs.org/resolve set size:undefined disposed:false
851 silly fetch manifest array.prototype.flat@^1.3.3
852 silly packumentCache full:https://registry.npmjs.org/array.prototype.flat cache-miss
853 http fetch GET 200 https://registry.npmjs.org/unrs-resolver 73ms (cache miss)
854 silly packumentCache full:https://registry.npmjs.org/unrs-resolver set size:undefined disposed:false
855 silly fetch manifest array.prototype.flatmap@^1.3.3
856 silly packumentCache full:https://registry.npmjs.org/array.prototype.flatmap cache-miss
857 http fetch GET 200 https://registry.npmjs.org/is-bun-module 75ms (cache miss)
858 silly packumentCache full:https://registry.npmjs.org/is-bun-module set size:undefined disposed:false
859 silly fetch manifest doctrine@^2.1.0
860 silly packumentCache full:https://registry.npmjs.org/doctrine cache-miss
861 http fetch GET 200 https://registry.npmjs.org/@rtsao%2fscc 75ms (cache miss)
862 silly packumentCache full:https://registry.npmjs.org/@rtsao%2fscc set size:undefined disposed:false
863 silly fetch manifest eslint-module-utils@^2.12.1
864 silly packumentCache full:https://registry.npmjs.org/eslint-module-utils cache-miss
865 http fetch GET 200 https://registry.npmjs.org/stable-hash 77ms (cache miss)
866 silly packumentCache full:https://registry.npmjs.org/stable-hash set size:undefined disposed:false
867 silly fetch manifest hasown@^2.0.2
868 silly packumentCache full:https://registry.npmjs.org/hasown cache-miss
869 http fetch GET 200 https://registry.npmjs.org/get-tsconfig 78ms (cache miss)
870 silly packumentCache full:https://registry.npmjs.org/get-tsconfig set size:undefined disposed:false
871 silly fetch manifest is-core-module@^2.16.1
872 silly packumentCache full:https://registry.npmjs.org/is-core-module cache-miss
873 http fetch GET 200 https://registry.npmjs.org/@nolyfill%2fis-core-module 79ms (cache miss)
874 silly packumentCache full:https://registry.npmjs.org/@nolyfill%2fis-core-module set size:undefined disposed:false
875 silly fetch manifest object.fromentries@^2.0.8
876 silly packumentCache full:https://registry.npmjs.org/object.fromentries cache-miss
877 http fetch GET 200 https://registry.npmjs.org/array-includes 38ms (cache miss)
878 silly packumentCache full:https://registry.npmjs.org/array-includes set size:undefined disposed:false
879 silly fetch manifest object.groupby@^1.0.3
880 silly packumentCache full:https://registry.npmjs.org/object.groupby cache-miss
881 http fetch GET 200 https://registry.npmjs.org/array.prototype.findlastindex 36ms (cache miss)
882 silly packumentCache full:https://registry.npmjs.org/array.prototype.findlastindex set size:undefined disposed:false
883 silly fetch manifest object.values@^1.2.1
884 silly packumentCache full:https://registry.npmjs.org/object.values cache-miss
885 http fetch GET 200 https://registry.npmjs.org/array.prototype.flat 38ms (cache miss)
886 silly packumentCache full:https://registry.npmjs.org/array.prototype.flat set size:undefined disposed:false
887 silly fetch manifest semver@^6.3.1
888 silly packumentCache full:https://registry.npmjs.org/semver cache-miss
889 http fetch GET 200 https://registry.npmjs.org/eslint-module-utils 36ms (cache miss)
890 silly packumentCache full:https://registry.npmjs.org/eslint-module-utils set size:undefined disposed:false
891 silly fetch manifest string.prototype.trimend@^1.0.9
892 silly packumentCache full:https://registry.npmjs.org/string.prototype.trimend cache-miss
893 http fetch GET 200 https://registry.npmjs.org/hasown 39ms (cache miss)
894 silly packumentCache full:https://registry.npmjs.org/hasown set size:undefined disposed:false
895 silly fetch manifest tsconfig-paths@^3.15.0
896 silly packumentCache full:https://registry.npmjs.org/tsconfig-paths cache-miss
897 http fetch GET 200 https://registry.npmjs.org/array.prototype.flatmap 44ms (cache miss)
898 silly packumentCache full:https://registry.npmjs.org/array.prototype.flatmap set size:undefined disposed:false
899 silly fetch manifest aria-query@^5.3.2
900 silly packumentCache full:https://registry.npmjs.org/aria-query cache-miss
901 http fetch GET 200 https://registry.npmjs.org/doctrine 44ms (cache miss)
902 silly packumentCache full:https://registry.npmjs.org/doctrine set size:undefined disposed:false
903 silly fetch manifest array-includes@^3.1.8
904 silly packumentCache full:https://registry.npmjs.org/array-includes cache-miss
905 http cache https://registry.npmjs.org/array-includes 2ms (cache hit)
906 silly packumentCache full:https://registry.npmjs.org/array-includes set size:77143 disposed:false
907 silly fetch manifest array.prototype.flatmap@^1.3.2
908 silly packumentCache full:https://registry.npmjs.org/array.prototype.flatmap cache-miss
909 http fetch GET 200 https://registry.npmjs.org/object.fromentries 44ms (cache miss)
910 silly packumentCache full:https://registry.npmjs.org/object.fromentries set size:undefined disposed:false
911 silly fetch manifest ast-types-flow@^0.0.8
912 silly packumentCache full:https://registry.npmjs.org/ast-types-flow cache-miss
913 http fetch GET 200 https://registry.npmjs.org/is-core-module 46ms (cache miss)
914 silly packumentCache full:https://registry.npmjs.org/is-core-module set size:undefined disposed:false
915 silly fetch manifest axe-core@^4.10.0
916 silly packumentCache full:https://registry.npmjs.org/axe-core cache-miss
917 http cache https://registry.npmjs.org/array.prototype.flatmap 4ms (cache hit)
918 silly packumentCache full:https://registry.npmjs.org/array.prototype.flatmap set size:51458 disposed:false
919 silly fetch manifest axobject-query@^4.1.0
920 silly packumentCache full:https://registry.npmjs.org/axobject-query cache-miss
921 http fetch GET 200 https://registry.npmjs.org/object.groupby 50ms (cache miss)
922 silly packumentCache full:https://registry.npmjs.org/object.groupby set size:undefined disposed:false
923 silly fetch manifest damerau-levenshtein@^1.0.8
924 silly packumentCache full:https://registry.npmjs.org/damerau-levenshtein cache-miss
925 http fetch GET 200 https://registry.npmjs.org/string.prototype.trimend 35ms (cache miss)
926 silly packumentCache full:https://registry.npmjs.org/string.prototype.trimend set size:undefined disposed:false
927 silly fetch manifest emoji-regex@^9.2.2
928 silly packumentCache full:https://registry.npmjs.org/emoji-regex cache-miss
929 http fetch GET 200 https://registry.npmjs.org/semver 41ms (cache miss)
930 silly packumentCache full:https://registry.npmjs.org/semver set size:undefined disposed:false
931 silly fetch manifest jsx-ast-utils@^3.3.5
932 silly packumentCache full:https://registry.npmjs.org/jsx-ast-utils cache-miss
933 http fetch GET 200 https://registry.npmjs.org/tsconfig-paths 39ms (cache miss)
934 silly packumentCache full:https://registry.npmjs.org/tsconfig-paths set size:undefined disposed:false
935 silly fetch manifest language-tags@^1.0.9
936 silly packumentCache full:https://registry.npmjs.org/language-tags cache-miss
937 http fetch GET 200 https://registry.npmjs.org/ast-types-flow 37ms (cache miss)
938 silly packumentCache full:https://registry.npmjs.org/ast-types-flow set size:undefined disposed:false
939 silly fetch manifest safe-regex-test@^1.0.3
940 silly packumentCache full:https://registry.npmjs.org/safe-regex-test cache-miss
941 http fetch GET 200 https://registry.npmjs.org/object.values 56ms (cache miss)
942 silly packumentCache full:https://registry.npmjs.org/object.values set size:undefined disposed:false
943 silly fetch manifest string.prototype.includes@^2.0.1
944 silly packumentCache full:https://registry.npmjs.org/string.prototype.includes cache-miss
945 http fetch GET 200 https://registry.npmjs.org/axobject-query 35ms (cache miss)
946 silly packumentCache full:https://registry.npmjs.org/axobject-query set size:undefined disposed:false
947 silly fetch manifest array.prototype.findlast@^1.2.5
948 silly packumentCache full:https://registry.npmjs.org/array.prototype.findlast cache-miss
949 http fetch GET 200 https://registry.npmjs.org/aria-query 48ms (cache miss)
950 silly packumentCache full:https://registry.npmjs.org/aria-query set size:undefined disposed:false
951 silly fetch manifest array.prototype.tosorted@^1.1.4
952 silly packumentCache full:https://registry.npmjs.org/array.prototype.tosorted cache-miss
953 http fetch GET 200 https://registry.npmjs.org/damerau-levenshtein 36ms (cache miss)
954 silly packumentCache full:https://registry.npmjs.org/damerau-levenshtein set size:undefined disposed:false
955 silly fetch manifest es-iterator-helpers@^1.2.1
956 silly packumentCache full:https://registry.npmjs.org/es-iterator-helpers cache-miss
957 http fetch GET 200 https://registry.npmjs.org/is-core-module 181ms (cache miss)
958 silly packumentCache full:https://registry.npmjs.org/is-core-module set size:undefined disposed:false
959 silly fetch manifest estraverse@^5.3.0
960 silly packumentCache full:https://registry.npmjs.org/estraverse cache-miss
961 http cache https://registry.npmjs.org/estraverse 1ms (cache hit)
962 silly packumentCache full:https://registry.npmjs.org/estraverse set size:62412 disposed:false
963 silly fetch manifest jsx-ast-utils@^2.4.1 || ^3.0.0
964 silly packumentCache full:https://registry.npmjs.org/jsx-ast-utils cache-miss
965 http fetch GET 200 https://registry.npmjs.org/string.prototype.includes 35ms (cache miss)
966 silly packumentCache full:https://registry.npmjs.org/string.prototype.includes set size:undefined disposed:false
967 silly fetch manifest object.entries@^1.1.9
968 silly packumentCache full:https://registry.npmjs.org/object.entries cache-miss
969 http fetch GET 200 https://registry.npmjs.org/language-tags 43ms (cache miss)
970 silly packumentCache full:https://registry.npmjs.org/language-tags set size:undefined disposed:false
971 silly fetch manifest prop-types@^15.8.1
972 silly packumentCache full:https://registry.npmjs.org/prop-types cache-miss
973 http fetch GET 200 https://registry.npmjs.org/jsx-ast-utils 48ms (cache miss)
974 silly packumentCache full:https://registry.npmjs.org/jsx-ast-utils set size:undefined disposed:false
975 silly fetch manifest resolve@^2.0.0-next.5
976 silly packumentCache full:https://registry.npmjs.org/resolve cache-miss
977 http cache https://registry.npmjs.org/resolve 1ms (cache hit)
978 silly packumentCache full:https://registry.npmjs.org/resolve set size:246681 disposed:false
979 silly fetch manifest string.prototype.matchall@^4.0.12
980 silly packumentCache full:https://registry.npmjs.org/string.prototype.matchall cache-miss
981 http fetch GET 200 https://registry.npmjs.org/emoji-regex 59ms (cache miss)
982 silly packumentCache full:https://registry.npmjs.org/emoji-regex set size:undefined disposed:false
983 silly fetch manifest string.prototype.repeat@^1.0.0
984 silly packumentCache full:https://registry.npmjs.org/string.prototype.repeat cache-miss
985 http fetch GET 200 https://registry.npmjs.org/array.prototype.tosorted 44ms (cache miss)
986 silly packumentCache full:https://registry.npmjs.org/array.prototype.tosorted set size:undefined disposed:false
987 silly fetch manifest zod@^3.25.0 || ^4.0.0
988 silly packumentCache full:https://registry.npmjs.org/zod cache-miss
989 http fetch GET 200 https://registry.npmjs.org/array.prototype.findlast 47ms (cache miss)
990 silly packumentCache full:https://registry.npmjs.org/array.prototype.findlast set size:undefined disposed:false
991 silly fetch manifest @babel/core@^7.24.4
992 silly packumentCache full:https://registry.npmjs.org/@babel%2fcore cache-miss
993 http fetch GET 200 https://registry.npmjs.org/safe-regex-test 52ms (cache miss)
994 silly packumentCache full:https://registry.npmjs.org/safe-regex-test set size:undefined disposed:false
995 silly fetch manifest @babel/parser@^7.24.4
996 silly packumentCache full:https://registry.npmjs.org/@babel%2fparser cache-miss
997 http fetch GET 200 https://registry.npmjs.org/es-iterator-helpers 42ms (cache miss)
998 silly packumentCache full:https://registry.npmjs.org/es-iterator-helpers set size:undefined disposed:false
999 silly fetch manifest hermes-parser@^0.25.1
1000 silly packumentCache full:https://registry.npmjs.org/hermes-parser cache-miss
1001 http fetch GET 200 https://registry.npmjs.org/prop-types 31ms (cache miss)
1002 silly packumentCache full:https://registry.npmjs.org/prop-types set size:undefined disposed:false
1003 silly fetch manifest zod-validation-error@^3.5.0 || ^4.0.0
1004 silly packumentCache full:https://registry.npmjs.org/zod-validation-error cache-miss
1005 http fetch GET 200 https://registry.npmjs.org/object.entries 41ms (cache miss)
1006 silly packumentCache full:https://registry.npmjs.org/object.entries set size:undefined disposed:false
1007 silly fetch manifest @typescript-eslint/utils@8.51.0
1008 silly packumentCache full:https://registry.npmjs.org/@typescript-eslint%2futils cache-miss
1009 http cache https://registry.npmjs.org/@typescript-eslint%2futils 8ms (cache hit)
1010 silly packumentCache full:https://registry.npmjs.org/@typescript-eslint%2futils set size:9525287 disposed:false
1011 silly fetch manifest @typescript-eslint/parser@8.51.0
1012 silly packumentCache full:https://registry.npmjs.org/@typescript-eslint%2fparser cache-miss
1013 http fetch GET 200 https://registry.npmjs.org/string.prototype.repeat 68ms (cache miss)
1014 silly packumentCache full:https://registry.npmjs.org/string.prototype.repeat set size:undefined disposed:false
1015 silly fetch manifest @typescript-eslint/eslint-plugin@8.51.0
1016 silly packumentCache full:https://registry.npmjs.org/@typescript-eslint%2feslint-plugin cache-miss
1017 http fetch GET 200 https://registry.npmjs.org/string.prototype.matchall 76ms (cache miss)
1018 silly packumentCache full:https://registry.npmjs.org/string.prototype.matchall set size:undefined disposed:false
1019 silly fetch manifest @typescript-eslint/typescript-estree@8.51.0
1020 silly packumentCache full:https://registry.npmjs.org/@typescript-eslint%2ftypescript-estree cache-miss
1021 http fetch GET 200 https://registry.npmjs.org/jsx-ast-utils 98ms (cache miss)
1022 silly packumentCache full:https://registry.npmjs.org/jsx-ast-utils set size:undefined disposed:false
1023 http fetch GET 200 https://registry.npmjs.org/hermes-parser 61ms (cache miss)
1024 silly packumentCache full:https://registry.npmjs.org/hermes-parser set size:undefined disposed:false
1025 http fetch GET 200 https://registry.npmjs.org/zod-validation-error 53ms (cache miss)
1026 silly packumentCache full:https://registry.npmjs.org/zod-validation-error set size:undefined disposed:false
1027 http fetch GET 200 https://registry.npmjs.org/@babel%2fparser 75ms (cache miss)
1028 silly packumentCache full:https://registry.npmjs.org/@babel%2fparser set size:undefined disposed:false
1029 http fetch GET 200 https://registry.npmjs.org/@babel%2fcore 79ms (cache miss)
1030 silly packumentCache full:https://registry.npmjs.org/@babel%2fcore set size:undefined disposed:false
1031 http fetch GET 200 https://registry.npmjs.org/zod 87ms (cache miss)
1032 silly packumentCache full:https://registry.npmjs.org/zod set size:undefined disposed:false
1033 http fetch GET 200 https://registry.npmjs.org/axe-core 314ms (cache miss)
1034 silly packumentCache full:https://registry.npmjs.org/axe-core set size:undefined disposed:false
1035 http fetch GET 200 https://registry.npmjs.org/@typescript-eslint%2feslint-plugin 359ms (cache miss)
1036 silly packumentCache full:https://registry.npmjs.org/@typescript-eslint%2feslint-plugin set size:undefined disposed:false
1037 http fetch GET 200 https://registry.npmjs.org/@typescript-eslint%2fparser 415ms (cache miss)
1038 silly packumentCache full:https://registry.npmjs.org/@typescript-eslint%2fparser set size:undefined disposed:false
1039 http fetch GET 200 https://registry.npmjs.org/@typescript-eslint%2ftypescript-estree 932ms (cache miss)
1040 silly packumentCache full:https://registry.npmjs.org/@typescript-eslint%2ftypescript-estree set size:undefined disposed:false
1041 silly placeDep ROOT fast-glob@3.3.1 OK for: @next/eslint-plugin-next@16.1.1 want: 3.3.1
1042 silly fetch manifest merge2@^1.3.0
1043 silly packumentCache full:https://registry.npmjs.org/merge2 cache-miss
1044 silly fetch manifest micromatch@^4.0.4
1045 silly packumentCache full:https://registry.npmjs.org/micromatch cache-miss
1046 silly fetch manifest glob-parent@^5.1.2
1047 silly packumentCache full:https://registry.npmjs.org/glob-parent cache-miss
1048 silly fetch manifest @nodelib/fs.stat@^2.0.2
1049 silly packumentCache full:https://registry.npmjs.org/@nodelib%2ffs.stat cache-miss
1050 silly fetch manifest @nodelib/fs.walk@^1.2.3
1051 silly packumentCache full:https://registry.npmjs.org/@nodelib%2ffs.walk cache-miss
1052 http cache https://registry.npmjs.org/glob-parent 3ms (cache hit)
1053 silly packumentCache full:https://registry.npmjs.org/glob-parent set size:42445 disposed:false
1054 http fetch GET 200 https://registry.npmjs.org/merge2 35ms (cache miss)
1055 silly packumentCache full:https://registry.npmjs.org/merge2 set size:undefined disposed:false
1056 http fetch GET 200 https://registry.npmjs.org/micromatch 48ms (cache miss)
1057 silly packumentCache full:https://registry.npmjs.org/micromatch set size:undefined disposed:false
1058 http fetch GET 200 https://registry.npmjs.org/@nodelib%2ffs.stat 59ms (cache miss)
1059 silly packumentCache full:https://registry.npmjs.org/@nodelib%2ffs.stat set size:undefined disposed:false
1060 http fetch GET 200 https://registry.npmjs.org/@nodelib%2ffs.walk 67ms (cache miss)
1061 silly packumentCache full:https://registry.npmjs.org/@nodelib%2ffs.walk set size:undefined disposed:false
1062 silly placeDep node_modules/eslint-import-resolver-node debug@3.2.7 OK for: eslint-import-resolver-node@0.3.9 want: ^3.2.7
1063 silly placeDep ROOT is-core-module@2.16.1 OK for: eslint-import-resolver-node@0.3.9 want: ^2.13.0
1064 silly placeDep ROOT resolve@1.22.11 OK for: eslint-import-resolver-node@0.3.9 want: ^1.22.4
1065 silly fetch manifest path-parse@^1.0.7
1066 silly packumentCache full:https://registry.npmjs.org/path-parse cache-miss
1067 silly fetch manifest supports-preserve-symlinks-flag@^1.0.0
1068 silly packumentCache full:https://registry.npmjs.org/supports-preserve-symlinks-flag cache-miss
1069 http fetch GET 200 https://registry.npmjs.org/path-parse 65ms (cache miss)
1070 silly packumentCache full:https://registry.npmjs.org/path-parse set size:undefined disposed:false
1071 http fetch GET 200 https://registry.npmjs.org/supports-preserve-symlinks-flag 70ms (cache miss)
1072 silly packumentCache full:https://registry.npmjs.org/supports-preserve-symlinks-flag set size:undefined disposed:false
1073 silly placeDep ROOT @nolyfill/is-core-module@1.0.39 OK for: eslint-import-resolver-typescript@3.10.1 want: 1.0.39
1074 silly placeDep ROOT get-tsconfig@4.13.0 OK for: eslint-import-resolver-typescript@3.10.1 want: ^4.10.0
1075 silly placeDep ROOT is-bun-module@2.0.0 OK for: eslint-import-resolver-typescript@3.10.1 want: ^2.0.0
1076 silly placeDep ROOT stable-hash@0.0.5 OK for: eslint-import-resolver-typescript@3.10.1 want: ^0.0.5
1077 silly placeDep ROOT tinyglobby@0.2.15 OK for: eslint-import-resolver-typescript@3.10.1 want: ^0.2.13
1078 silly placeDep ROOT unrs-resolver@1.11.1 OK for: eslint-import-resolver-typescript@3.10.1 want: ^1.6.2
1079 silly fetch manifest resolve-pkg-maps@^1.0.0
1080 silly packumentCache full:https://registry.npmjs.org/resolve-pkg-maps cache-miss
1081 silly fetch manifest semver@^7.7.1
1082 silly packumentCache full:https://registry.npmjs.org/semver cache-miss
1083 silly fetch manifest fdir@^6.5.0
1084 silly packumentCache full:https://registry.npmjs.org/fdir cache-miss
1085 silly fetch manifest picomatch@^4.0.3
1086 silly packumentCache full:https://registry.npmjs.org/picomatch cache-miss
1087 silly fetch manifest napi-postinstall@^0.3.0
1088 silly packumentCache full:https://registry.npmjs.org/napi-postinstall cache-miss
1089 silly fetch manifest @unrs/resolver-binding-win32-x64-msvc@1.11.1
1090 silly packumentCache full:https://registry.npmjs.org/@unrs%2fresolver-binding-win32-x64-msvc cache-miss
1091 silly fetch manifest @unrs/resolver-binding-win32-arm64-msvc@1.11.1
1092 silly packumentCache full:https://registry.npmjs.org/@unrs%2fresolver-binding-win32-arm64-msvc cache-miss
1093 silly fetch manifest @unrs/resolver-binding-win32-ia32-msvc@1.11.1
1094 silly packumentCache full:https://registry.npmjs.org/@unrs%2fresolver-binding-win32-ia32-msvc cache-miss
1095 silly fetch manifest @unrs/resolver-binding-linux-x64-gnu@1.11.1
1096 silly packumentCache full:https://registry.npmjs.org/@unrs%2fresolver-binding-linux-x64-gnu cache-miss
1097 silly fetch manifest @unrs/resolver-binding-linux-x64-musl@1.11.1
1098 silly packumentCache full:https://registry.npmjs.org/@unrs%2fresolver-binding-linux-x64-musl cache-miss
1099 http cache https://registry.npmjs.org/semver 5ms (cache hit)
1100 silly packumentCache full:https://registry.npmjs.org/semver set size:226907 disposed:false
1101 silly fetch manifest @unrs/resolver-binding-freebsd-x64@1.11.1
1102 silly packumentCache full:https://registry.npmjs.org/@unrs%2fresolver-binding-freebsd-x64 cache-miss
1103 http fetch GET 200 https://registry.npmjs.org/resolve-pkg-maps 40ms (cache miss)
1104 silly packumentCache full:https://registry.npmjs.org/resolve-pkg-maps set size:undefined disposed:false
1105 silly fetch manifest @unrs/resolver-binding-android-arm64@1.11.1
1106 silly packumentCache full:https://registry.npmjs.org/@unrs%2fresolver-binding-android-arm64 cache-miss
1107 http fetch GET 200 https://registry.npmjs.org/picomatch 42ms (cache miss)
1108 silly packumentCache full:https://registry.npmjs.org/picomatch set size:undefined disposed:false
1109 silly fetch manifest @unrs/resolver-binding-linux-arm64-gnu@1.11.1
1110 silly packumentCache full:https://registry.npmjs.org/@unrs%2fresolver-binding-linux-arm64-gnu cache-miss
1111 http fetch GET 200 https://registry.npmjs.org/fdir 43ms (cache miss)
1112 silly packumentCache full:https://registry.npmjs.org/fdir set size:undefined disposed:false
1113 silly fetch manifest @unrs/resolver-binding-linux-arm64-musl@1.11.1
1114 silly packumentCache full:https://registry.npmjs.org/@unrs%2fresolver-binding-linux-arm64-musl cache-miss
1115 http fetch GET 200 https://registry.npmjs.org/@unrs%2fresolver-binding-linux-x64-musl 50ms (cache miss)
1116 silly packumentCache full:https://registry.npmjs.org/@unrs%2fresolver-binding-linux-x64-musl set size:undefined disposed:false
1117 silly fetch manifest @unrs/resolver-binding-android-arm-eabi@1.11.1
1118 silly packumentCache full:https://registry.npmjs.org/@unrs%2fresolver-binding-android-arm-eabi cache-miss
1119 http fetch GET 200 https://registry.npmjs.org/@unrs%2fresolver-binding-win32-arm64-msvc 63ms (cache miss)
1120 silly packumentCache full:https://registry.npmjs.org/@unrs%2fresolver-binding-win32-arm64-msvc set size:undefined disposed:false
1121 silly fetch manifest @unrs/resolver-binding-linux-arm-gnueabihf@1.11.1
1122 silly packumentCache full:https://registry.npmjs.org/@unrs%2fresolver-binding-linux-arm-gnueabihf cache-miss
1123 http fetch GET 200 https://registry.npmjs.org/napi-postinstall 70ms (cache miss)
1124 silly packumentCache full:https://registry.npmjs.org/napi-postinstall set size:undefined disposed:false
1125 silly fetch manifest @unrs/resolver-binding-linux-arm-musleabihf@1.11.1
1126 silly packumentCache full:https://registry.npmjs.org/@unrs%2fresolver-binding-linux-arm-musleabihf cache-miss
1127 http fetch GET 200 https://registry.npmjs.org/@unrs%2fresolver-binding-linux-x64-gnu 70ms (cache miss)
1128 silly packumentCache full:https://registry.npmjs.org/@unrs%2fresolver-binding-linux-x64-gnu set size:undefined disposed:false
1129 silly fetch manifest @unrs/resolver-binding-linux-ppc64-gnu@1.11.1
1130 silly packumentCache full:https://registry.npmjs.org/@unrs%2fresolver-binding-linux-ppc64-gnu cache-miss
1131 http fetch GET 200 https://registry.npmjs.org/@unrs%2fresolver-binding-win32-x64-msvc 73ms (cache miss)
1132 silly packumentCache full:https://registry.npmjs.org/@unrs%2fresolver-binding-win32-x64-msvc set size:undefined disposed:false
1133 silly fetch manifest @unrs/resolver-binding-linux-riscv64-gnu@1.11.1
1134 silly packumentCache full:https://registry.npmjs.org/@unrs%2fresolver-binding-linux-riscv64-gnu cache-miss
1135 http fetch GET 200 https://registry.npmjs.org/@unrs%2fresolver-binding-freebsd-x64 68ms (cache miss)
1136 silly packumentCache full:https://registry.npmjs.org/@unrs%2fresolver-binding-freebsd-x64 set size:undefined disposed:false
1137 silly fetch manifest @unrs/resolver-binding-linux-riscv64-musl@1.11.1
1138 silly packumentCache full:https://registry.npmjs.org/@unrs%2fresolver-binding-linux-riscv64-musl cache-miss
1139 http fetch GET 200 https://registry.npmjs.org/@unrs%2fresolver-binding-win32-ia32-msvc 78ms (cache miss)
1140 silly packumentCache full:https://registry.npmjs.org/@unrs%2fresolver-binding-win32-ia32-msvc set size:undefined disposed:false
1141 silly fetch manifest @unrs/resolver-binding-linux-s390x-gnu@1.11.1
1142 silly packumentCache full:https://registry.npmjs.org/@unrs%2fresolver-binding-linux-s390x-gnu cache-miss
1143 http fetch GET 200 https://registry.npmjs.org/@unrs%2fresolver-binding-linux-arm64-gnu 50ms (cache miss)
1144 silly packumentCache full:https://registry.npmjs.org/@unrs%2fresolver-binding-linux-arm64-gnu set size:undefined disposed:false
1145 silly fetch manifest @unrs/resolver-binding-darwin-x64@1.11.1
1146 silly packumentCache full:https://registry.npmjs.org/@unrs%2fresolver-binding-darwin-x64 cache-miss
1147 http fetch GET 200 https://registry.npmjs.org/@unrs%2fresolver-binding-android-arm-eabi 48ms (cache miss)
1148 silly packumentCache full:https://registry.npmjs.org/@unrs%2fresolver-binding-android-arm-eabi set size:undefined disposed:false
1149 silly fetch manifest @unrs/resolver-binding-darwin-arm64@1.11.1
1150 silly packumentCache full:https://registry.npmjs.org/@unrs%2fresolver-binding-darwin-arm64 cache-miss
1151 http fetch GET 200 https://registry.npmjs.org/@unrs%2fresolver-binding-linux-arm64-musl 57ms (cache miss)
1152 silly packumentCache full:https://registry.npmjs.org/@unrs%2fresolver-binding-linux-arm64-musl set size:undefined disposed:false
1153 silly fetch manifest @unrs/resolver-binding-wasm32-wasi@1.11.1
1154 silly packumentCache full:https://registry.npmjs.org/@unrs%2fresolver-binding-wasm32-wasi cache-miss
1155 http fetch GET 200 https://registry.npmjs.org/@unrs%2fresolver-binding-linux-arm-gnueabihf 43ms (cache miss)
1156 silly packumentCache full:https://registry.npmjs.org/@unrs%2fresolver-binding-linux-arm-gnueabihf set size:undefined disposed:false
1157 http fetch GET 200 https://registry.npmjs.org/@unrs%2fresolver-binding-linux-ppc64-gnu 60ms (cache miss)
1158 silly packumentCache full:https://registry.npmjs.org/@unrs%2fresolver-binding-linux-ppc64-gnu set size:undefined disposed:false
1159 http fetch GET 200 https://registry.npmjs.org/@unrs%2fresolver-binding-linux-riscv64-musl 61ms (cache miss)
1160 silly packumentCache full:https://registry.npmjs.org/@unrs%2fresolver-binding-linux-riscv64-musl set size:undefined disposed:false
1161 http fetch GET 200 https://registry.npmjs.org/@unrs%2fresolver-binding-darwin-x64 48ms (cache miss)
1162 silly packumentCache full:https://registry.npmjs.org/@unrs%2fresolver-binding-darwin-x64 set size:undefined disposed:false
1163 http fetch GET 200 https://registry.npmjs.org/@unrs%2fresolver-binding-linux-s390x-gnu 65ms (cache miss)
1164 silly packumentCache full:https://registry.npmjs.org/@unrs%2fresolver-binding-linux-s390x-gnu set size:undefined disposed:false
1165 http fetch GET 200 https://registry.npmjs.org/@unrs%2fresolver-binding-darwin-arm64 51ms (cache miss)
1166 silly packumentCache full:https://registry.npmjs.org/@unrs%2fresolver-binding-darwin-arm64 set size:undefined disposed:false
1167 http fetch GET 200 https://registry.npmjs.org/@unrs%2fresolver-binding-linux-arm-musleabihf 82ms (cache miss)
1168 silly packumentCache full:https://registry.npmjs.org/@unrs%2fresolver-binding-linux-arm-musleabihf set size:undefined disposed:false
1169 http fetch GET 200 https://registry.npmjs.org/@unrs%2fresolver-binding-android-arm64 118ms (cache miss)
1170 silly packumentCache full:https://registry.npmjs.org/@unrs%2fresolver-binding-android-arm64 set size:undefined disposed:false
1171 http fetch GET 200 https://registry.npmjs.org/@unrs%2fresolver-binding-linux-riscv64-gnu 89ms (cache miss)
1172 silly packumentCache full:https://registry.npmjs.org/@unrs%2fresolver-binding-linux-riscv64-gnu set size:undefined disposed:false
1173 http fetch GET 200 https://registry.npmjs.org/@unrs%2fresolver-binding-wasm32-wasi 65ms (cache miss)
1174 silly packumentCache full:https://registry.npmjs.org/@unrs%2fresolver-binding-wasm32-wasi set size:undefined disposed:false
1175 silly placeDep ROOT @rtsao/scc@1.1.0 OK for: eslint-plugin-import@2.32.0 want: ^1.1.0
1176 silly placeDep ROOT array-includes@3.1.9 OK for: eslint-plugin-import@2.32.0 want: ^3.1.9
1177 silly placeDep ROOT array.prototype.findlastindex@1.2.6 OK for: eslint-plugin-import@2.32.0 want: ^1.2.6
1178 silly placeDep ROOT array.prototype.flat@1.3.3 OK for: eslint-plugin-import@2.32.0 want: ^1.3.3
1179 silly placeDep ROOT array.prototype.flatmap@1.3.3 OK for: eslint-plugin-import@2.32.0 want: ^1.3.3
1180 silly placeDep node_modules/eslint-plugin-import debug@3.2.7 OK for: eslint-plugin-import@2.32.0 want: ^3.2.7
1181 silly placeDep ROOT doctrine@2.1.0 OK for: eslint-plugin-import@2.32.0 want: ^2.1.0
1182 silly placeDep ROOT eslint-module-utils@2.12.1 OK for: eslint-plugin-import@2.32.0 want: ^2.12.1
1183 silly placeDep ROOT hasown@2.0.2 OK for: eslint-plugin-import@2.32.0 want: ^2.0.2
1184 silly placeDep ROOT object.fromentries@2.0.8 OK for: eslint-plugin-import@2.32.0 want: ^2.0.8
1185 silly placeDep ROOT object.groupby@1.0.3 OK for: eslint-plugin-import@2.32.0 want: ^1.0.3
1186 silly placeDep ROOT object.values@1.2.1 OK for: eslint-plugin-import@2.32.0 want: ^1.2.1
1187 silly placeDep ROOT semver@6.3.1 OK for: eslint-plugin-import@2.32.0 want: ^6.3.1
1188 silly placeDep ROOT string.prototype.trimend@1.0.9 OK for: eslint-plugin-import@2.32.0 want: ^1.0.9
1189 silly placeDep ROOT tsconfig-paths@3.15.0 OK for: eslint-plugin-import@2.32.0 want: ^3.15.0
1190 silly fetch manifest call-bind@^1.0.8
1191 silly packumentCache full:https://registry.npmjs.org/call-bind cache-miss
1192 silly fetch manifest call-bound@^1.0.4
1193 silly packumentCache full:https://registry.npmjs.org/call-bound cache-miss
1194 silly fetch manifest define-properties@^1.2.1
1195 silly packumentCache full:https://registry.npmjs.org/define-properties cache-miss
1196 silly fetch manifest es-abstract@^1.24.0
1197 silly packumentCache full:https://registry.npmjs.org/es-abstract cache-miss
1198 silly fetch manifest es-object-atoms@^1.1.1
1199 silly packumentCache full:https://registry.npmjs.org/es-object-atoms cache-miss
1200 silly fetch manifest get-intrinsic@^1.3.0
1201 silly packumentCache full:https://registry.npmjs.org/get-intrinsic cache-miss
1202 silly fetch manifest is-string@^1.1.1
1203 silly packumentCache full:https://registry.npmjs.org/is-string cache-miss
1204 silly fetch manifest math-intrinsics@^1.1.0
1205 silly packumentCache full:https://registry.npmjs.org/math-intrinsics cache-miss
1206 silly fetch manifest call-bind@^1.0.8
1207 silly packumentCache full:https://registry.npmjs.org/call-bind cache-miss
1208 silly fetch manifest call-bound@^1.0.4
1209 silly packumentCache full:https://registry.npmjs.org/call-bound cache-miss
1210 http fetch GET 200 https://registry.npmjs.org/call-bind 34ms (cache miss)
1211 silly packumentCache full:https://registry.npmjs.org/call-bind set size:undefined disposed:false
1212 silly fetch manifest define-properties@^1.2.1
1213 silly packumentCache full:https://registry.npmjs.org/define-properties cache-miss
1214 http fetch GET 200 https://registry.npmjs.org/define-properties 40ms (cache miss)
1215 silly packumentCache full:https://registry.npmjs.org/define-properties set size:undefined disposed:false
1216 silly fetch manifest es-abstract@^1.23.9
1217 silly packumentCache full:https://registry.npmjs.org/es-abstract cache-miss
1218 http fetch GET 200 https://registry.npmjs.org/call-bound 40ms (cache miss)
1219 silly packumentCache full:https://registry.npmjs.org/call-bound set size:undefined disposed:false
1220 silly fetch manifest es-errors@^1.3.0
1221 silly packumentCache full:https://registry.npmjs.org/es-errors cache-miss
1222 http fetch GET 200 https://registry.npmjs.org/get-intrinsic 42ms (cache miss)
1223 silly packumentCache full:https://registry.npmjs.org/get-intrinsic set size:undefined disposed:false
1224 silly fetch manifest es-object-atoms@^1.1.1
1225 silly packumentCache full:https://registry.npmjs.org/es-object-atoms cache-miss
1226 http fetch GET 200 https://registry.npmjs.org/call-bound 46ms (cache miss)
1227 silly packumentCache full:https://registry.npmjs.org/call-bound set size:undefined disposed:false
1228 silly fetch manifest es-shim-unscopables@^1.1.0
1229 silly packumentCache full:https://registry.npmjs.org/es-shim-unscopables cache-miss
1230 http fetch GET 200 https://registry.npmjs.org/call-bind 46ms (cache miss)
1231 silly packumentCache full:https://registry.npmjs.org/call-bind set size:undefined disposed:false
1232 silly fetch manifest es-abstract@^1.23.5
1233 silly packumentCache full:https://registry.npmjs.org/es-abstract cache-miss
1234 http fetch GET 200 https://registry.npmjs.org/es-object-atoms 47ms (cache miss)
1235 silly packumentCache full:https://registry.npmjs.org/es-object-atoms set size:undefined disposed:false
1236 silly fetch manifest es-shim-unscopables@^1.0.2
1237 silly packumentCache full:https://registry.npmjs.org/es-shim-unscopables cache-miss
1238 http fetch GET 200 https://registry.npmjs.org/es-abstract 48ms (cache miss)
1239 silly packumentCache full:https://registry.npmjs.org/es-abstract set size:undefined disposed:false
1240 silly fetch manifest es-abstract@^1.23.5
1241 silly packumentCache full:https://registry.npmjs.org/es-abstract cache-miss
1242 http cache https://registry.npmjs.org/es-abstract 3ms (cache hit)
1243 silly packumentCache full:https://registry.npmjs.org/es-abstract set size:378584 disposed:false
1244 silly fetch manifest es-shim-unscopables@^1.0.2
1245 silly packumentCache full:https://registry.npmjs.org/es-shim-unscopables cache-miss
1246 http fetch GET 200 https://registry.npmjs.org/math-intrinsics 57ms (cache miss)
1247 silly packumentCache full:https://registry.npmjs.org/math-intrinsics set size:undefined disposed:false
1248 silly fetch manifest function-bind@^1.1.2
1249 silly packumentCache full:https://registry.npmjs.org/function-bind cache-miss
1250 http fetch GET 200 https://registry.npmjs.org/is-string 58ms (cache miss)
1251 silly packumentCache full:https://registry.npmjs.org/is-string set size:undefined disposed:false
1252 silly fetch manifest call-bind@^1.0.7
1253 silly packumentCache full:https://registry.npmjs.org/call-bind cache-miss
1254 http cache https://registry.npmjs.org/call-bind 1ms (cache hit)
1255 silly packumentCache full:https://registry.npmjs.org/call-bind set size:30096 disposed:false
1256 silly fetch manifest es-abstract@^1.23.2
1257 silly packumentCache full:https://registry.npmjs.org/es-abstract cache-hit
1258 silly fetch manifest es-object-atoms@^1.0.0
1259 silly packumentCache full:https://registry.npmjs.org/es-object-atoms cache-miss
1260 http cache https://registry.npmjs.org/es-object-atoms 0ms (cache hit)
1261 silly packumentCache full:https://registry.npmjs.org/es-object-atoms set size:15304 disposed:false
1262 silly fetch manifest call-bound@^1.0.3
1263 silly packumentCache full:https://registry.npmjs.org/call-bound cache-miss
1264 http cache https://registry.npmjs.org/call-bound 1ms (cache hit)
1265 silly packumentCache full:https://registry.npmjs.org/call-bound set size:15317 disposed:false
1266 silly fetch manifest call-bound@^1.0.2
1267 silly packumentCache full:https://registry.npmjs.org/call-bound cache-hit
1268 silly fetch manifest json5@^1.0.2
1269 silly packumentCache full:https://registry.npmjs.org/json5 cache-miss
1270 http fetch GET 200 https://registry.npmjs.org/es-object-atoms 36ms (cache miss)
1271 silly packumentCache full:https://registry.npmjs.org/es-object-atoms set size:undefined disposed:false
1272 silly packumentCache full:https://registry.npmjs.org/es-object-atoms dispose
1273 silly fetch manifest minimist@^1.2.6
1274 silly packumentCache full:https://registry.npmjs.org/minimist cache-miss
1275 http fetch GET 200 https://registry.npmjs.org/es-errors 38ms (cache miss)
1276 silly packumentCache full:https://registry.npmjs.org/es-errors set size:undefined disposed:false
1277 silly fetch manifest strip-bom@^3.0.0
1278 silly packumentCache full:https://registry.npmjs.org/strip-bom cache-miss
1279 http fetch GET 200 https://registry.npmjs.org/es-abstract 41ms (cache miss)
1280 silly packumentCache full:https://registry.npmjs.org/es-abstract set size:undefined disposed:false
1281 silly packumentCache full:https://registry.npmjs.org/es-abstract dispose
1282 silly fetch manifest @types/json5@^0.0.29
1283 silly packumentCache full:https://registry.npmjs.org/@types%2fjson5 cache-miss
1284 http fetch GET 200 https://registry.npmjs.org/define-properties 49ms (cache miss)
1285 silly packumentCache full:https://registry.npmjs.org/define-properties set size:undefined disposed:false
1286 http fetch GET 200 https://registry.npmjs.org/es-abstract 38ms (cache miss)
1287 silly packumentCache full:https://registry.npmjs.org/es-abstract set size:undefined disposed:true
1288 http fetch GET 200 https://registry.npmjs.org/es-shim-unscopables 47ms (cache miss)
1289 silly packumentCache full:https://registry.npmjs.org/es-shim-unscopables set size:undefined disposed:false
1290 http fetch GET 200 https://registry.npmjs.org/function-bind 37ms (cache miss)
1291 silly packumentCache full:https://registry.npmjs.org/function-bind set size:undefined disposed:false
1292 http fetch GET 200 https://registry.npmjs.org/es-shim-unscopables 48ms (cache miss)
1293 silly packumentCache full:https://registry.npmjs.org/es-shim-unscopables set size:undefined disposed:false
1294 http fetch GET 200 https://registry.npmjs.org/es-shim-unscopables 47ms (cache miss)
1295 silly packumentCache full:https://registry.npmjs.org/es-shim-unscopables set size:undefined disposed:false
1296 http fetch GET 200 https://registry.npmjs.org/strip-bom 40ms (cache miss)
1297 silly packumentCache full:https://registry.npmjs.org/strip-bom set size:undefined disposed:false
1298 http fetch GET 200 https://registry.npmjs.org/minimist 45ms (cache miss)
1299 silly packumentCache full:https://registry.npmjs.org/minimist set size:undefined disposed:false
1300 http fetch GET 200 https://registry.npmjs.org/@types%2fjson5 48ms (cache miss)
1301 silly packumentCache full:https://registry.npmjs.org/@types%2fjson5 set size:undefined disposed:false
1302 http fetch GET 200 https://registry.npmjs.org/json5 72ms (cache miss)
1303 silly packumentCache full:https://registry.npmjs.org/json5 set size:undefined disposed:false
1304 silly placeDep ROOT call-bind@1.0.8 OK for: array-includes@3.1.9 want: ^1.0.8
1305 silly placeDep ROOT call-bound@1.0.4 OK for: array-includes@3.1.9 want: ^1.0.4
1306 silly placeDep ROOT define-properties@1.2.1 OK for: array-includes@3.1.9 want: ^1.2.1
1307 silly placeDep ROOT es-abstract@1.24.1 OK for: array-includes@3.1.9 want: ^1.24.0
1308 silly placeDep ROOT es-object-atoms@1.1.1 OK for: array-includes@3.1.9 want: ^1.1.1
1309 silly placeDep ROOT get-intrinsic@1.3.0 OK for: array-includes@3.1.9 want: ^1.3.0
1310 silly placeDep ROOT is-string@1.1.1 OK for: array-includes@3.1.9 want: ^1.1.1
1311 silly placeDep ROOT math-intrinsics@1.1.0 OK for: array-includes@3.1.9 want: ^1.1.0
1312 silly fetch manifest call-bind-apply-helpers@^1.0.0
1313 silly packumentCache full:https://registry.npmjs.org/call-bind-apply-helpers cache-miss
1314 silly fetch manifest es-define-property@^1.0.0
1315 silly packumentCache full:https://registry.npmjs.org/es-define-property cache-miss
1316 silly fetch manifest get-intrinsic@^1.2.4
1317 silly packumentCache full:https://registry.npmjs.org/get-intrinsic cache-miss
1318 silly fetch manifest set-function-length@^1.2.2
1319 silly packumentCache full:https://registry.npmjs.org/set-function-length cache-miss
1320 silly fetch manifest call-bind-apply-helpers@^1.0.2
1321 silly packumentCache full:https://registry.npmjs.org/call-bind-apply-helpers cache-miss
1322 silly fetch manifest define-data-property@^1.0.1
1323 silly packumentCache full:https://registry.npmjs.org/define-data-property cache-miss
1324 silly fetch manifest has-property-descriptors@^1.0.0
1325 silly packumentCache full:https://registry.npmjs.org/has-property-descriptors cache-miss
1326 silly fetch manifest object-keys@^1.1.1
1327 silly packumentCache full:https://registry.npmjs.org/object-keys cache-miss
1328 silly fetch manifest array-buffer-byte-length@^1.0.2
1329 silly packumentCache full:https://registry.npmjs.org/array-buffer-byte-length cache-miss
1330 silly fetch manifest arraybuffer.prototype.slice@^1.0.4
1331 silly packumentCache full:https://registry.npmjs.org/arraybuffer.prototype.slice cache-miss
1332 http cache https://registry.npmjs.org/get-intrinsic 5ms (cache hit)
1333 silly packumentCache full:https://registry.npmjs.org/get-intrinsic set size:60985 disposed:false
1334 silly fetch manifest available-typed-arrays@^1.0.7
1335 silly packumentCache full:https://registry.npmjs.org/available-typed-arrays cache-miss
1336 http fetch GET 200 https://registry.npmjs.org/call-bind-apply-helpers 40ms (cache miss)
1337 silly packumentCache full:https://registry.npmjs.org/call-bind-apply-helpers set size:undefined disposed:false
1338 silly fetch manifest data-view-buffer@^1.0.2
1339 silly packumentCache full:https://registry.npmjs.org/data-view-buffer cache-miss
1340 http fetch GET 200 https://registry.npmjs.org/call-bind-apply-helpers 43ms (cache miss)
1341 silly packumentCache full:https://registry.npmjs.org/call-bind-apply-helpers set size:undefined disposed:false
1342 silly fetch manifest data-view-byte-length@^1.0.2
1343 silly packumentCache full:https://registry.npmjs.org/data-view-byte-length cache-miss
1344 http fetch GET 200 https://registry.npmjs.org/has-property-descriptors 44ms (cache miss)
1345 silly packumentCache full:https://registry.npmjs.org/has-property-descriptors set size:undefined disposed:false
1346 silly fetch manifest data-view-byte-offset@^1.0.1
1347 silly packumentCache full:https://registry.npmjs.org/data-view-byte-offset cache-miss
1348 http fetch GET 200 https://registry.npmjs.org/arraybuffer.prototype.slice 44ms (cache miss)
1349 silly packumentCache full:https://registry.npmjs.org/arraybuffer.prototype.slice set size:undefined disposed:false
1350 silly fetch manifest es-define-property@^1.0.1
1351 silly packumentCache full:https://registry.npmjs.org/es-define-property cache-miss
1352 http fetch GET 200 https://registry.npmjs.org/array-buffer-byte-length 45ms (cache miss)
1353 silly packumentCache full:https://registry.npmjs.org/array-buffer-byte-length set size:undefined disposed:false
1354 silly fetch manifest es-set-tostringtag@^2.1.0
1355 silly packumentCache full:https://registry.npmjs.org/es-set-tostringtag cache-miss
1356 http fetch GET 200 https://registry.npmjs.org/object-keys 46ms (cache miss)
1357 silly packumentCache full:https://registry.npmjs.org/object-keys set size:undefined disposed:false
1358 silly fetch manifest es-to-primitive@^1.3.0
1359 silly packumentCache full:https://registry.npmjs.org/es-to-primitive cache-miss
1360 http fetch GET 200 https://registry.npmjs.org/define-data-property 48ms (cache miss)
1361 silly packumentCache full:https://registry.npmjs.org/define-data-property set size:undefined disposed:false
1362 silly fetch manifest function.prototype.name@^1.1.8
1363 silly packumentCache full:https://registry.npmjs.org/function.prototype.name cache-miss
1364 http fetch GET 200 https://registry.npmjs.org/set-function-length 56ms (cache miss)
1365 silly packumentCache full:https://registry.npmjs.org/set-function-length set size:undefined disposed:false
1366 silly fetch manifest get-proto@^1.0.1
1367 silly packumentCache full:https://registry.npmjs.org/get-proto cache-miss
1368 http fetch GET 200 https://registry.npmjs.org/available-typed-arrays 53ms (cache miss)
1369 silly packumentCache full:https://registry.npmjs.org/available-typed-arrays set size:undefined disposed:false
1370 silly fetch manifest get-symbol-description@^1.1.0
1371 silly packumentCache full:https://registry.npmjs.org/get-symbol-description cache-miss
1372 http fetch GET 200 https://registry.npmjs.org/es-define-property 61ms (cache miss)
1373 silly packumentCache full:https://registry.npmjs.org/es-define-property set size:undefined disposed:false
1374 silly fetch manifest globalthis@^1.0.4
1375 silly packumentCache full:https://registry.npmjs.org/globalthis cache-miss
1376 http fetch GET 200 https://registry.npmjs.org/es-define-property 57ms (cache miss)
1377 silly packumentCache full:https://registry.npmjs.org/es-define-property set size:undefined disposed:false
1378 silly fetch manifest gopd@^1.2.0
1379 silly packumentCache full:https://registry.npmjs.org/gopd cache-miss
1380 http fetch GET 200 https://registry.npmjs.org/es-set-tostringtag 57ms (cache miss)
1381 silly packumentCache full:https://registry.npmjs.org/es-set-tostringtag set size:undefined disposed:false
1382 silly fetch manifest has-property-descriptors@^1.0.2
1383 silly packumentCache full:https://registry.npmjs.org/has-property-descriptors cache-miss
1384 http fetch GET 200 https://registry.npmjs.org/es-to-primitive 58ms (cache miss)
1385 silly packumentCache full:https://registry.npmjs.org/es-to-primitive set size:undefined disposed:false
1386 silly fetch manifest has-proto@^1.2.0
1387 silly packumentCache full:https://registry.npmjs.org/has-proto cache-miss
1388 http fetch GET 200 https://registry.npmjs.org/data-view-buffer 65ms (cache miss)
1389 silly packumentCache full:https://registry.npmjs.org/data-view-buffer set size:undefined disposed:false
1390 silly fetch manifest has-symbols@^1.1.0
1391 silly packumentCache full:https://registry.npmjs.org/has-symbols cache-miss
1392 http cache https://registry.npmjs.org/has-property-descriptors 4ms (cache hit)
1393 silly packumentCache full:https://registry.npmjs.org/has-property-descriptors set size:12452 disposed:false
1394 silly fetch manifest internal-slot@^1.1.0
1395 silly packumentCache full:https://registry.npmjs.org/internal-slot cache-miss
1396 http fetch GET 200 https://registry.npmjs.org/get-symbol-description 49ms (cache miss)
1397 silly packumentCache full:https://registry.npmjs.org/get-symbol-description set size:undefined disposed:false
1398 silly fetch manifest is-array-buffer@^3.0.5
1399 silly packumentCache full:https://registry.npmjs.org/is-array-buffer cache-miss
1400 http fetch GET 200 https://registry.npmjs.org/data-view-byte-length 66ms (cache miss)
1401 silly packumentCache full:https://registry.npmjs.org/data-view-byte-length set size:undefined disposed:false
1402 silly fetch manifest is-callable@^1.2.7
1403 silly packumentCache full:https://registry.npmjs.org/is-callable cache-miss
1404 http fetch GET 200 https://registry.npmjs.org/globalthis 57ms (cache miss)
1405 silly packumentCache full:https://registry.npmjs.org/globalthis set size:undefined disposed:false
1406 silly fetch manifest is-data-view@^1.0.2
1407 silly packumentCache full:https://registry.npmjs.org/is-data-view cache-miss
1408 http fetch GET 200 https://registry.npmjs.org/get-proto 62ms (cache miss)
1409 silly packumentCache full:https://registry.npmjs.org/get-proto set size:undefined disposed:false
1410 silly fetch manifest is-negative-zero@^2.0.3
1411 silly packumentCache full:https://registry.npmjs.org/is-negative-zero cache-miss
1412 http fetch GET 200 https://registry.npmjs.org/data-view-byte-offset 79ms (cache miss)
1413 silly packumentCache full:https://registry.npmjs.org/data-view-byte-offset set size:undefined disposed:false
1414 silly fetch manifest is-regex@^1.2.1
1415 silly packumentCache full:https://registry.npmjs.org/is-regex cache-miss
1416 http fetch GET 200 https://registry.npmjs.org/function.prototype.name 81ms (cache miss)
1417 silly packumentCache full:https://registry.npmjs.org/function.prototype.name set size:undefined disposed:false
1418 silly fetch manifest is-set@^2.0.3
1419 silly packumentCache full:https://registry.npmjs.org/is-set cache-miss
1420 http fetch GET 200 https://registry.npmjs.org/has-proto 38ms (cache miss)
1421 silly packumentCache full:https://registry.npmjs.org/has-proto set size:undefined disposed:false
1422 silly fetch manifest is-shared-array-buffer@^1.0.4
1423 silly packumentCache full:https://registry.npmjs.org/is-shared-array-buffer cache-miss
1424 http fetch GET 200 https://registry.npmjs.org/internal-slot 36ms (cache miss)
1425 silly packumentCache full:https://registry.npmjs.org/internal-slot set size:undefined disposed:false
1426 silly fetch manifest is-typed-array@^1.1.15
1427 silly packumentCache full:https://registry.npmjs.org/is-typed-array cache-miss
1428 http fetch GET 200 https://registry.npmjs.org/gopd 42ms (cache miss)
1429 silly packumentCache full:https://registry.npmjs.org/gopd set size:undefined disposed:false
1430 silly fetch manifest is-weakref@^1.1.1
1431 silly packumentCache full:https://registry.npmjs.org/is-weakref cache-miss
1432 http fetch GET 200 https://registry.npmjs.org/has-symbols 41ms (cache miss)
1433 silly packumentCache full:https://registry.npmjs.org/has-symbols set size:undefined disposed:false
1434 silly fetch manifest object-inspect@^1.13.4
1435 silly packumentCache full:https://registry.npmjs.org/object-inspect cache-miss
1436 http fetch GET 200 https://registry.npmjs.org/is-data-view 34ms (cache miss)
1437 silly packumentCache full:https://registry.npmjs.org/is-data-view set size:undefined disposed:false
1438 silly fetch manifest object.assign@^4.1.7
1439 silly packumentCache full:https://registry.npmjs.org/object.assign cache-miss
1440 http fetch GET 200 https://registry.npmjs.org/is-callable 44ms (cache miss)
1441 silly packumentCache full:https://registry.npmjs.org/is-callable set size:undefined disposed:false
1442 silly fetch manifest own-keys@^1.0.1
1443 silly packumentCache full:https://registry.npmjs.org/own-keys cache-miss
1444 http fetch GET 200 https://registry.npmjs.org/is-array-buffer 46ms (cache miss)
1445 silly packumentCache full:https://registry.npmjs.org/is-array-buffer set size:undefined disposed:false
1446 silly fetch manifest regexp.prototype.flags@^1.5.4
1447 silly packumentCache full:https://registry.npmjs.org/regexp.prototype.flags cache-miss
1448 http fetch GET 200 https://registry.npmjs.org/is-set 40ms (cache miss)
1449 silly packumentCache full:https://registry.npmjs.org/is-set set size:undefined disposed:false
1450 silly fetch manifest safe-array-concat@^1.1.3
1451 silly packumentCache full:https://registry.npmjs.org/safe-array-concat cache-miss
1452 http fetch GET 200 https://registry.npmjs.org/is-negative-zero 51ms (cache miss)
1453 silly packumentCache full:https://registry.npmjs.org/is-negative-zero set size:undefined disposed:false
1454 silly fetch manifest safe-push-apply@^1.0.0
1455 silly packumentCache full:https://registry.npmjs.org/safe-push-apply cache-miss
1456 http fetch GET 200 https://registry.npmjs.org/is-regex 57ms (cache miss)
1457 silly packumentCache full:https://registry.npmjs.org/is-regex set size:undefined disposed:false
1458 silly fetch manifest safe-regex-test@^1.1.0
1459 silly packumentCache full:https://registry.npmjs.org/safe-regex-test cache-miss
1460 http fetch GET 200 https://registry.npmjs.org/object-inspect 35ms (cache miss)
1461 silly packumentCache full:https://registry.npmjs.org/object-inspect set size:undefined disposed:false
1462 silly fetch manifest set-proto@^1.0.0
1463 silly packumentCache full:https://registry.npmjs.org/set-proto cache-miss
1464 http cache https://registry.npmjs.org/safe-regex-test 2ms (cache hit)
1465 silly packumentCache full:https://registry.npmjs.org/safe-regex-test set size:17412 disposed:false
1466 silly fetch manifest stop-iteration-iterator@^1.1.0
1467 silly packumentCache full:https://registry.npmjs.org/stop-iteration-iterator cache-miss
1468 http fetch GET 200 https://registry.npmjs.org/is-weakref 39ms (cache miss)
1469 silly packumentCache full:https://registry.npmjs.org/is-weakref set size:undefined disposed:false
1470 silly fetch manifest string.prototype.trim@^1.2.10
1471 silly packumentCache full:https://registry.npmjs.org/string.prototype.trim cache-miss
1472 http fetch GET 200 https://registry.npmjs.org/is-shared-array-buffer 45ms (cache miss)
1473 silly packumentCache full:https://registry.npmjs.org/is-shared-array-buffer set size:undefined disposed:false
1474 silly fetch manifest string.prototype.trimstart@^1.0.8
1475 silly packumentCache full:https://registry.npmjs.org/string.prototype.trimstart cache-miss
1476 http fetch GET 200 https://registry.npmjs.org/is-typed-array 44ms (cache miss)
1477 silly packumentCache full:https://registry.npmjs.org/is-typed-array set size:undefined disposed:false
1478 silly fetch manifest typed-array-buffer@^1.0.3
1479 silly packumentCache full:https://registry.npmjs.org/typed-array-buffer cache-miss
1480 http fetch GET 200 https://registry.npmjs.org/object.assign 42ms (cache miss)
1481 silly packumentCache full:https://registry.npmjs.org/object.assign set size:undefined disposed:false
1482 silly fetch manifest typed-array-byte-length@^1.0.3
1483 silly packumentCache full:https://registry.npmjs.org/typed-array-byte-length cache-miss
1484 http fetch GET 200 https://registry.npmjs.org/own-keys 47ms (cache miss)
1485 silly packumentCache full:https://registry.npmjs.org/own-keys set size:undefined disposed:false
1486 silly fetch manifest typed-array-byte-offset@^1.0.4
1487 silly packumentCache full:https://registry.npmjs.org/typed-array-byte-offset cache-miss
1488 http fetch GET 200 https://registry.npmjs.org/regexp.prototype.flags 47ms (cache miss)
1489 silly packumentCache full:https://registry.npmjs.org/regexp.prototype.flags set size:undefined disposed:false
1490 silly fetch manifest typed-array-length@^1.0.7
1491 silly packumentCache full:https://registry.npmjs.org/typed-array-length cache-miss
1492 http fetch GET 200 https://registry.npmjs.org/safe-push-apply 41ms (cache miss)
1493 silly packumentCache full:https://registry.npmjs.org/safe-push-apply set size:undefined disposed:false
1494 silly fetch manifest unbox-primitive@^1.1.0
1495 silly packumentCache full:https://registry.npmjs.org/unbox-primitive cache-miss
1496 http fetch GET 200 https://registry.npmjs.org/set-proto 38ms (cache miss)
1497 silly packumentCache full:https://registry.npmjs.org/set-proto set size:undefined disposed:false
1498 silly fetch manifest which-typed-array@^1.1.19
1499 silly packumentCache full:https://registry.npmjs.org/which-typed-array cache-miss
1500 http fetch GET 200 https://registry.npmjs.org/safe-array-concat 50ms (cache miss)
1501 silly packumentCache full:https://registry.npmjs.org/safe-array-concat set size:undefined disposed:false
1502 silly fetch manifest has-tostringtag@^1.0.2
1503 silly packumentCache full:https://registry.npmjs.org/has-tostringtag cache-miss
1504 http fetch GET 200 https://registry.npmjs.org/typed-array-buffer 36ms (cache miss)
1505 silly packumentCache full:https://registry.npmjs.org/typed-array-buffer set size:undefined disposed:false
1506 http fetch GET 200 https://registry.npmjs.org/string.prototype.trimstart 37ms (cache miss)
1507 silly packumentCache full:https://registry.npmjs.org/string.prototype.trimstart set size:undefined disposed:false
1508 http fetch GET 200 https://registry.npmjs.org/typed-array-byte-length 33ms (cache miss)
1509 silly packumentCache full:https://registry.npmjs.org/typed-array-byte-length set size:undefined disposed:false
1510 http fetch GET 200 https://registry.npmjs.org/string.prototype.trim 56ms (cache miss)
1511 silly packumentCache full:https://registry.npmjs.org/string.prototype.trim set size:undefined disposed:false
1512 http fetch GET 200 https://registry.npmjs.org/typed-array-byte-offset 40ms (cache miss)
1513 silly packumentCache full:https://registry.npmjs.org/typed-array-byte-offset set size:undefined disposed:false
1514 http fetch GET 200 https://registry.npmjs.org/unbox-primitive 33ms (cache miss)
1515 silly packumentCache full:https://registry.npmjs.org/unbox-primitive set size:undefined disposed:false
1516 http fetch GET 200 https://registry.npmjs.org/typed-array-length 41ms (cache miss)
1517 silly packumentCache full:https://registry.npmjs.org/typed-array-length set size:undefined disposed:false
1518 http fetch GET 200 https://registry.npmjs.org/has-tostringtag 33ms (cache miss)
1519 silly packumentCache full:https://registry.npmjs.org/has-tostringtag set size:undefined disposed:false
1520 http fetch GET 200 https://registry.npmjs.org/which-typed-array 39ms (cache miss)
1521 silly packumentCache full:https://registry.npmjs.org/which-typed-array set size:undefined disposed:false
1522 http fetch GET 200 https://registry.npmjs.org/stop-iteration-iterator 77ms (cache miss)
1523 silly packumentCache full:https://registry.npmjs.org/stop-iteration-iterator set size:undefined disposed:false
1524 silly placeDep ROOT es-errors@1.3.0 OK for: array.prototype.findlastindex@1.2.6 want: ^1.3.0
1525 silly placeDep ROOT es-shim-unscopables@1.1.0 OK for: array.prototype.findlastindex@1.2.6 want: ^1.1.0
1526 silly placeDep ROOT call-bind-apply-helpers@1.0.2 OK for: call-bind@1.0.8 want: ^1.0.0
1527 silly placeDep ROOT es-define-property@1.0.1 OK for: call-bind@1.0.8 want: ^1.0.0
1528 silly placeDep ROOT set-function-length@1.2.2 OK for: call-bind@1.0.8 want: ^1.2.2
1529 silly fetch manifest define-data-property@^1.1.4
1530 silly packumentCache full:https://registry.npmjs.org/define-data-property cache-miss
1531 silly fetch manifest gopd@^1.0.1
1532 silly packumentCache full:https://registry.npmjs.org/gopd cache-miss
1533 http cache https://registry.npmjs.org/gopd 2ms (cache hit)
1534 silly packumentCache full:https://registry.npmjs.org/gopd set size:11458 disposed:false
1535 http cache https://registry.npmjs.org/define-data-property 3ms (cache hit)
1536 silly packumentCache full:https://registry.npmjs.org/define-data-property set size:28048 disposed:false
1537 silly placeDep ROOT function-bind@1.1.2 OK for: call-bind-apply-helpers@1.0.2 want: ^1.1.2
1538 silly placeDep ROOT define-data-property@1.1.4 OK for: define-properties@1.2.1 want: ^1.0.1
1539 silly placeDep ROOT has-property-descriptors@1.0.2 OK for: define-properties@1.2.1 want: ^1.0.0
1540 silly placeDep ROOT object-keys@1.1.1 OK for: define-properties@1.2.1 want: ^1.1.1
1541 silly placeDep ROOT gopd@1.2.0 OK for: define-data-property@1.1.4 want: ^1.0.1
1542 silly placeDep ROOT array-buffer-byte-length@1.0.2 OK for: es-abstract@1.24.1 want: ^1.0.2
1543 silly placeDep ROOT arraybuffer.prototype.slice@1.0.4 OK for: es-abstract@1.24.1 want: ^1.0.4
1544 silly placeDep ROOT available-typed-arrays@1.0.7 OK for: es-abstract@1.24.1 want: ^1.0.7
1545 silly placeDep ROOT data-view-buffer@1.0.2 OK for: es-abstract@1.24.1 want: ^1.0.2
1546 silly placeDep ROOT data-view-byte-length@1.0.2 OK for: es-abstract@1.24.1 want: ^1.0.2
1547 silly placeDep ROOT data-view-byte-offset@1.0.1 OK for: es-abstract@1.24.1 want: ^1.0.1
1548 silly placeDep ROOT es-set-tostringtag@2.1.0 OK for: es-abstract@1.24.1 want: ^2.1.0
1549 silly placeDep ROOT es-to-primitive@1.3.0 OK for: es-abstract@1.24.1 want: ^1.3.0
1550 silly placeDep ROOT function.prototype.name@1.1.8 OK for: es-abstract@1.24.1 want: ^1.1.8
1551 silly placeDep ROOT get-proto@1.0.1 OK for: es-abstract@1.24.1 want: ^1.0.1
1552 silly placeDep ROOT get-symbol-description@1.1.0 OK for: es-abstract@1.24.1 want: ^1.1.0
1553 silly placeDep ROOT globalthis@1.0.4 OK for: es-abstract@1.24.1 want: ^1.0.4
1554 silly placeDep ROOT has-proto@1.2.0 OK for: es-abstract@1.24.1 want: ^1.2.0
1555 silly placeDep ROOT has-symbols@1.1.0 OK for: es-abstract@1.24.1 want: ^1.1.0
1556 silly placeDep ROOT internal-slot@1.1.0 OK for: es-abstract@1.24.1 want: ^1.1.0
1557 silly placeDep ROOT is-array-buffer@3.0.5 OK for: es-abstract@1.24.1 want: ^3.0.5
1558 silly placeDep ROOT is-callable@1.2.7 OK for: es-abstract@1.24.1 want: ^1.2.7
1559 silly placeDep ROOT is-data-view@1.0.2 OK for: es-abstract@1.24.1 want: ^1.0.2
1560 silly placeDep ROOT is-negative-zero@2.0.3 OK for: es-abstract@1.24.1 want: ^2.0.3
1561 silly placeDep ROOT is-regex@1.2.1 OK for: es-abstract@1.24.1 want: ^1.2.1
1562 silly placeDep ROOT is-set@2.0.3 OK for: es-abstract@1.24.1 want: ^2.0.3
1563 silly placeDep ROOT is-shared-array-buffer@1.0.4 OK for: es-abstract@1.24.1 want: ^1.0.4
1564 silly placeDep ROOT is-typed-array@1.1.15 OK for: es-abstract@1.24.1 want: ^1.1.15
1565 silly placeDep ROOT is-weakref@1.1.1 OK for: es-abstract@1.24.1 want: ^1.1.1
1566 silly placeDep ROOT object-inspect@1.13.4 OK for: es-abstract@1.24.1 want: ^1.13.4
1567 silly placeDep ROOT object.assign@4.1.7 OK for: es-abstract@1.24.1 want: ^4.1.7
1568 silly placeDep ROOT own-keys@1.0.1 OK for: es-abstract@1.24.1 want: ^1.0.1
1569 silly placeDep ROOT regexp.prototype.flags@1.5.4 OK for: es-abstract@1.24.1 want: ^1.5.4
1570 silly placeDep ROOT safe-array-concat@1.1.3 OK for: es-abstract@1.24.1 want: ^1.1.3
1571 silly placeDep ROOT safe-push-apply@1.0.0 OK for: es-abstract@1.24.1 want: ^1.0.0
1572 silly placeDep ROOT safe-regex-test@1.1.0 OK for: es-abstract@1.24.1 want: ^1.1.0
1573 silly placeDep ROOT set-proto@1.0.0 OK for: es-abstract@1.24.1 want: ^1.0.0
1574 silly placeDep ROOT stop-iteration-iterator@1.1.0 OK for: es-abstract@1.24.1 want: ^1.1.0
1575 silly placeDep ROOT string.prototype.trim@1.2.10 OK for: es-abstract@1.24.1 want: ^1.2.10
1576 silly placeDep ROOT string.prototype.trimstart@1.0.8 OK for: es-abstract@1.24.1 want: ^1.0.8
1577 silly placeDep ROOT typed-array-buffer@1.0.3 OK for: es-abstract@1.24.1 want: ^1.0.3
1578 silly placeDep ROOT typed-array-byte-length@1.0.3 OK for: es-abstract@1.24.1 want: ^1.0.3
1579 silly placeDep ROOT typed-array-byte-offset@1.0.4 OK for: es-abstract@1.24.1 want: ^1.0.4
1580 silly placeDep ROOT typed-array-length@1.0.7 OK for: es-abstract@1.24.1 want: ^1.0.7
1581 silly placeDep ROOT unbox-primitive@1.1.0 OK for: es-abstract@1.24.1 want: ^1.1.0
1582 silly placeDep ROOT which-typed-array@1.1.19 OK for: es-abstract@1.24.1 want: ^1.1.19
1583 silly fetch manifest is-array-buffer@^3.0.4
1584 silly packumentCache full:https://registry.npmjs.org/is-array-buffer cache-miss
1585 silly fetch manifest possible-typed-array-names@^1.0.0
1586 silly packumentCache full:https://registry.npmjs.org/possible-typed-array-names cache-miss
1587 silly fetch manifest is-data-view@^1.0.1
1588 silly packumentCache full:https://registry.npmjs.org/is-data-view cache-miss
1589 silly fetch manifest is-date-object@^1.0.5
1590 silly packumentCache full:https://registry.npmjs.org/is-date-object cache-miss
1591 silly fetch manifest is-symbol@^1.0.4
1592 silly packumentCache full:https://registry.npmjs.org/is-symbol cache-miss
1593 silly fetch manifest functions-have-names@^1.2.3
1594 silly packumentCache full:https://registry.npmjs.org/functions-have-names cache-miss
1595 silly fetch manifest dunder-proto@^1.0.1
1596 silly packumentCache full:https://registry.npmjs.org/dunder-proto cache-miss
1597 silly fetch manifest dunder-proto@^1.0.0
1598 silly packumentCache full:https://registry.npmjs.org/dunder-proto cache-miss
1599 silly fetch manifest side-channel@^1.1.0
1600 silly packumentCache full:https://registry.npmjs.org/side-channel cache-miss
1601 silly fetch manifest is-typed-array@^1.1.13
1602 silly packumentCache full:https://registry.npmjs.org/is-typed-array cache-miss
1603 http cache https://registry.npmjs.org/is-data-view 4ms (cache hit)
1604 silly packumentCache full:https://registry.npmjs.org/is-data-view set size:13756 disposed:false
1605 silly fetch manifest which-typed-array@^1.1.16
1606 silly packumentCache full:https://registry.npmjs.org/which-typed-array cache-miss
1607 http cache https://registry.npmjs.org/is-array-buffer 5ms (cache hit)
1608 silly packumentCache full:https://registry.npmjs.org/is-array-buffer set size:33562 disposed:false
1609 silly fetch manifest set-function-name@^2.0.2
1610 silly packumentCache full:https://registry.npmjs.org/set-function-name cache-miss
1611 http cache https://registry.npmjs.org/is-typed-array 4ms (cache hit)
1612 silly packumentCache full:https://registry.npmjs.org/is-typed-array set size:79965 disposed:false
1613 silly fetch manifest isarray@^2.0.5
1614 silly packumentCache full:https://registry.npmjs.org/isarray cache-miss
1615 http cache https://registry.npmjs.org/which-typed-array 2ms (cache hit)
1616 silly packumentCache full:https://registry.npmjs.org/which-typed-array set size:89701 disposed:false
1617 silly fetch manifest isarray@^2.0.5
1618 silly packumentCache full:https://registry.npmjs.org/isarray cache-miss
1619 http fetch GET 200 https://registry.npmjs.org/functions-have-names 37ms (cache miss)
1620 silly packumentCache full:https://registry.npmjs.org/functions-have-names set size:undefined disposed:false
1621 silly fetch manifest dunder-proto@^1.0.1
1622 silly packumentCache full:https://registry.npmjs.org/dunder-proto cache-miss
1623 http fetch GET 200 https://registry.npmjs.org/possible-typed-array-names 40ms (cache miss)
1624 silly packumentCache full:https://registry.npmjs.org/possible-typed-array-names set size:undefined disposed:false
1625 silly fetch manifest for-each@^0.3.3
1626 silly packumentCache full:https://registry.npmjs.org/for-each cache-miss
1627 http fetch GET 200 https://registry.npmjs.org/is-date-object 40ms (cache miss)
1628 silly packumentCache full:https://registry.npmjs.org/is-date-object set size:undefined disposed:false
1629 silly fetch manifest for-each@^0.3.3
1630 silly packumentCache full:https://registry.npmjs.org/for-each cache-miss
1631 http fetch GET 200 https://registry.npmjs.org/isarray 41ms (cache miss)
1632 silly packumentCache full:https://registry.npmjs.org/isarray set size:undefined disposed:false
1633 silly fetch manifest reflect.getprototypeof@^1.0.9
1634 silly packumentCache full:https://registry.npmjs.org/reflect.getprototypeof cache-miss
1635 http fetch GET 200 https://registry.npmjs.org/dunder-proto 47ms (cache miss)
1636 silly packumentCache full:https://registry.npmjs.org/dunder-proto set size:undefined disposed:false
1637 silly fetch manifest for-each@^0.3.3
1638 silly packumentCache full:https://registry.npmjs.org/for-each cache-miss
1639 http fetch GET 200 https://registry.npmjs.org/set-function-name 49ms (cache miss)
1640 silly packumentCache full:https://registry.npmjs.org/set-function-name set size:undefined disposed:false
1641 silly fetch manifest reflect.getprototypeof@^1.0.6
1642 silly packumentCache full:https://registry.npmjs.org/reflect.getprototypeof cache-miss
1643 http fetch GET 200 https://registry.npmjs.org/side-channel 53ms (cache miss)
1644 silly packumentCache full:https://registry.npmjs.org/side-channel set size:undefined disposed:false
1645 silly fetch manifest has-bigints@^1.0.2
1646 silly packumentCache full:https://registry.npmjs.org/has-bigints cache-miss
1647 http fetch GET 200 https://registry.npmjs.org/is-symbol 54ms (cache miss)
1648 silly packumentCache full:https://registry.npmjs.org/is-symbol set size:undefined disposed:false
1649 silly fetch manifest which-boxed-primitive@^1.1.1
1650 silly packumentCache full:https://registry.npmjs.org/which-boxed-primitive cache-miss
1651 http fetch GET 200 https://registry.npmjs.org/isarray 59ms (cache miss)
1652 silly packumentCache full:https://registry.npmjs.org/isarray set size:undefined disposed:false
1653 silly fetch manifest for-each@^0.3.5
1654 silly packumentCache full:https://registry.npmjs.org/for-each cache-miss
1655 http fetch GET 200 https://registry.npmjs.org/dunder-proto 29ms (cache miss)
1656 silly packumentCache full:https://registry.npmjs.org/dunder-proto set size:undefined disposed:false
1657 http fetch GET 200 https://registry.npmjs.org/dunder-proto 74ms (cache miss)
1658 silly packumentCache full:https://registry.npmjs.org/dunder-proto set size:undefined disposed:false
1659 http fetch GET 200 https://registry.npmjs.org/for-each 30ms (cache miss)
1660 silly packumentCache full:https://registry.npmjs.org/for-each set size:undefined disposed:false
1661 http fetch GET 200 https://registry.npmjs.org/for-each 38ms (cache miss)
1662 silly packumentCache full:https://registry.npmjs.org/for-each set size:undefined disposed:false
1663 http fetch GET 200 https://registry.npmjs.org/has-bigints 29ms (cache miss)
1664 silly packumentCache full:https://registry.npmjs.org/has-bigints set size:undefined disposed:false
1665 http fetch GET 200 https://registry.npmjs.org/reflect.getprototypeof 32ms (cache miss)
1666 silly packumentCache full:https://registry.npmjs.org/reflect.getprototypeof set size:undefined disposed:false
1667 http fetch GET 200 https://registry.npmjs.org/for-each 53ms (cache miss)
1668 silly packumentCache full:https://registry.npmjs.org/for-each set size:undefined disposed:false
1669 http fetch GET 200 https://registry.npmjs.org/which-boxed-primitive 43ms (cache miss)
1670 silly packumentCache full:https://registry.npmjs.org/which-boxed-primitive set size:undefined disposed:false
1671 http fetch GET 200 https://registry.npmjs.org/reflect.getprototypeof 52ms (cache miss)
1672 silly packumentCache full:https://registry.npmjs.org/reflect.getprototypeof set size:undefined disposed:false
1673 http fetch GET 200 https://registry.npmjs.org/for-each 84ms (cache miss)
1674 silly packumentCache full:https://registry.npmjs.org/for-each set size:undefined disposed:false
1675 silly placeDep ROOT possible-typed-array-names@1.1.0 OK for: available-typed-arrays@1.0.7 want: ^1.0.0
1676 silly placeDep ROOT has-tostringtag@1.0.2 OK for: es-set-tostringtag@2.1.0 want: ^1.0.2
1677 silly placeDep ROOT is-date-object@1.1.0 OK for: es-to-primitive@1.3.0 want: ^1.0.5
1678 silly placeDep ROOT is-symbol@1.1.1 OK for: es-to-primitive@1.3.0 want: ^1.0.4
1679 silly placeDep node_modules/eslint-module-utils debug@3.2.7 OK for: eslint-module-utils@2.12.1 want: ^3.2.7
1680 silly placeDep ROOT aria-query@5.3.2 OK for: eslint-plugin-jsx-a11y@6.10.2 want: ^5.3.2
1681 silly placeDep ROOT ast-types-flow@0.0.8 OK for: eslint-plugin-jsx-a11y@6.10.2 want: ^0.0.8
1682 silly placeDep ROOT axe-core@4.11.0 OK for: eslint-plugin-jsx-a11y@6.10.2 want: ^4.10.0
1683 silly placeDep ROOT axobject-query@4.1.0 OK for: eslint-plugin-jsx-a11y@6.10.2 want: ^4.1.0
1684 silly placeDep ROOT damerau-levenshtein@1.0.8 OK for: eslint-plugin-jsx-a11y@6.10.2 want: ^1.0.8
1685 silly placeDep ROOT emoji-regex@9.2.2 OK for: eslint-plugin-jsx-a11y@6.10.2 want: ^9.2.2
1686 silly placeDep ROOT jsx-ast-utils@3.3.5 OK for: eslint-plugin-jsx-a11y@6.10.2 want: ^3.3.5
1687 silly placeDep ROOT language-tags@1.0.9 OK for: eslint-plugin-jsx-a11y@6.10.2 want: ^1.0.9
1688 silly placeDep ROOT string.prototype.includes@2.0.1 OK for: eslint-plugin-jsx-a11y@6.10.2 want: ^2.0.1
1689 silly fetch manifest language-subtag-registry@^0.3.20
1690 silly packumentCache full:https://registry.npmjs.org/language-subtag-registry cache-miss
1691 http fetch GET 200 https://registry.npmjs.org/language-subtag-registry 42ms (cache miss)
1692 silly packumentCache full:https://registry.npmjs.org/language-subtag-registry set size:undefined disposed:false
1693 silly placeDep ROOT array.prototype.findlast@1.2.5 OK for: eslint-plugin-react@7.37.5 want: ^1.2.5
1694 silly placeDep ROOT array.prototype.tosorted@1.1.4 OK for: eslint-plugin-react@7.37.5 want: ^1.1.4
1695 silly placeDep ROOT es-iterator-helpers@1.2.2 OK for: eslint-plugin-react@7.37.5 want: ^1.2.1
1696 silly placeDep ROOT estraverse@5.3.0 OK for: eslint-plugin-react@7.37.5 want: ^5.3.0
1697 silly placeDep ROOT object.entries@1.1.9 OK for: eslint-plugin-react@7.37.5 want: ^1.1.9
1698 silly placeDep ROOT prop-types@15.8.1 OK for: eslint-plugin-react@7.37.5 want: ^15.8.1
1699 silly placeDep node_modules/eslint-plugin-react resolve@2.0.0-next.5 OK for: eslint-plugin-react@7.37.5 want: ^2.0.0-next.5
1700 silly placeDep ROOT string.prototype.matchall@4.0.12 OK for: eslint-plugin-react@7.37.5 want: ^4.0.12
1701 silly placeDep ROOT string.prototype.repeat@1.0.0 OK for: eslint-plugin-react@7.37.5 want: ^1.0.0
1702 silly fetch manifest iterator.prototype@^1.1.5
1703 silly packumentCache full:https://registry.npmjs.org/iterator.prototype cache-miss
1704 silly fetch manifest loose-envify@^1.4.0
1705 silly packumentCache full:https://registry.npmjs.org/loose-envify cache-miss
1706 silly fetch manifest object-assign@^4.1.1
1707 silly packumentCache full:https://registry.npmjs.org/object-assign cache-miss
1708 silly fetch manifest react-is@^16.13.1
1709 silly packumentCache full:https://registry.npmjs.org/react-is cache-miss
1710 http fetch GET 200 https://registry.npmjs.org/loose-envify 36ms (cache miss)
1711 silly packumentCache full:https://registry.npmjs.org/loose-envify set size:undefined disposed:false
1712 http fetch GET 200 https://registry.npmjs.org/object-assign 56ms (cache miss)
1713 silly packumentCache full:https://registry.npmjs.org/object-assign set size:undefined disposed:false
1714 http fetch GET 200 https://registry.npmjs.org/iterator.prototype 58ms (cache miss)
1715 silly packumentCache full:https://registry.npmjs.org/iterator.prototype set size:undefined disposed:false
1716 http fetch GET 200 https://registry.npmjs.org/react-is 135ms (cache miss)
1717 silly packumentCache full:https://registry.npmjs.org/react-is set size:undefined disposed:false
1718 silly placeDep ROOT iterator.prototype@1.1.5 OK for: es-iterator-helpers@1.2.2 want: ^1.1.5
1719 silly placeDep ROOT @babel/core@7.28.5 OK for: eslint-plugin-react-hooks@7.0.1 want: ^7.24.4
1720 silly placeDep ROOT @babel/parser@7.28.5 OK for: eslint-plugin-react-hooks@7.0.1 want: ^7.24.4
1721 silly placeDep ROOT hermes-parser@0.25.1 OK for: eslint-plugin-react-hooks@7.0.1 want: ^0.25.1
1722 silly placeDep ROOT zod@4.3.4 OK for: eslint-plugin-react-hooks@7.0.1 want: ^3.25.0 || ^4.0.0
1723 silly placeDep ROOT zod-validation-error@4.0.2 OK for: eslint-plugin-react-hooks@7.0.1 want: ^3.5.0 || ^4.0.0
1724 silly fetch manifest @babel/code-frame@^7.27.1
1725 silly packumentCache full:https://registry.npmjs.org/@babel%2fcode-frame cache-miss
1726 silly fetch manifest @babel/generator@^7.28.5
1727 silly packumentCache full:https://registry.npmjs.org/@babel%2fgenerator cache-miss
1728 silly fetch manifest @babel/helper-compilation-targets@^7.27.2
1729 silly packumentCache full:https://registry.npmjs.org/@babel%2fhelper-compilation-targets cache-miss
1730 silly fetch manifest @babel/helper-module-transforms@^7.28.3
1731 silly packumentCache full:https://registry.npmjs.org/@babel%2fhelper-module-transforms cache-miss
1732 silly fetch manifest @babel/helpers@^7.28.4
1733 silly packumentCache full:https://registry.npmjs.org/@babel%2fhelpers cache-miss
1734 silly fetch manifest @babel/parser@^7.28.5
1735 silly packumentCache full:https://registry.npmjs.org/@babel%2fparser cache-miss
1736 silly fetch manifest @babel/template@^7.27.2
1737 silly packumentCache full:https://registry.npmjs.org/@babel%2ftemplate cache-miss
1738 silly fetch manifest @babel/traverse@^7.28.5
1739 silly packumentCache full:https://registry.npmjs.org/@babel%2ftraverse cache-miss
1740 silly fetch manifest @babel/types@^7.28.5
1741 silly packumentCache full:https://registry.npmjs.org/@babel%2ftypes cache-miss
1742 silly fetch manifest convert-source-map@^2.0.0
1743 silly packumentCache full:https://registry.npmjs.org/convert-source-map cache-miss
1744 http cache https://registry.npmjs.org/@babel%2fparser 5ms (cache hit)
1745 silly packumentCache full:https://registry.npmjs.org/@babel%2fparser set size:702781 disposed:false
1746 silly fetch manifest gensync@^1.0.0-beta.2
1747 silly packumentCache full:https://registry.npmjs.org/gensync cache-miss
1748 http fetch GET 200 https://registry.npmjs.org/@babel%2fhelper-module-transforms 54ms (cache miss)
1749 silly packumentCache full:https://registry.npmjs.org/@babel%2fhelper-module-transforms set size:undefined disposed:false
1750 silly fetch manifest json5@^2.2.3
1751 silly packumentCache full:https://registry.npmjs.org/json5 cache-miss
1752 http cache https://registry.npmjs.org/json5 3ms (cache hit)
1753 silly packumentCache full:https://registry.npmjs.org/json5 set size:86136 disposed:false
1754 silly fetch manifest @babel/types@^7.28.5
1755 silly packumentCache full:https://registry.npmjs.org/@babel%2ftypes cache-miss
1756 http fetch GET 200 https://registry.npmjs.org/@babel%2fhelper-compilation-targets 62ms (cache miss)
1757 silly packumentCache full:https://registry.npmjs.org/@babel%2fhelper-compilation-targets set size:undefined disposed:false
1758 silly fetch manifest hermes-estree@0.25.1
1759 silly packumentCache full:https://registry.npmjs.org/hermes-estree cache-miss
1760 http fetch GET 200 https://registry.npmjs.org/@babel%2ftraverse 63ms (cache miss)
1761 silly packumentCache full:https://registry.npmjs.org/@babel%2ftraverse set size:undefined disposed:false
1762 http fetch GET 200 https://registry.npmjs.org/convert-source-map 66ms (cache miss)
1763 silly packumentCache full:https://registry.npmjs.org/convert-source-map set size:undefined disposed:false
1764 http fetch GET 200 https://registry.npmjs.org/@babel%2ftemplate 66ms (cache miss)
1765 silly packumentCache full:https://registry.npmjs.org/@babel%2ftemplate set size:undefined disposed:false
1766 http fetch GET 200 https://registry.npmjs.org/gensync 70ms (cache miss)
1767 silly packumentCache full:https://registry.npmjs.org/gensync set size:undefined disposed:false
1768 http fetch GET 200 https://registry.npmjs.org/@babel%2ftypes 78ms (cache miss)
1769 silly packumentCache full:https://registry.npmjs.org/@babel%2ftypes set size:undefined disposed:false
1770 http fetch GET 200 https://registry.npmjs.org/@babel%2fcode-frame 82ms (cache miss)
1771 silly packumentCache full:https://registry.npmjs.org/@babel%2fcode-frame set size:undefined disposed:false
1772 http fetch GET 200 https://registry.npmjs.org/hermes-estree 38ms (cache miss)
1773 silly packumentCache full:https://registry.npmjs.org/hermes-estree set size:undefined disposed:false
1774 http fetch GET 200 https://registry.npmjs.org/@babel%2fgenerator 103ms (cache miss)
1775 silly packumentCache full:https://registry.npmjs.org/@babel%2fgenerator set size:undefined disposed:false
1776 http fetch GET 200 https://registry.npmjs.org/@babel%2fhelpers 105ms (cache miss)
1777 silly packumentCache full:https://registry.npmjs.org/@babel%2fhelpers set size:undefined disposed:false
1778 http fetch GET 200 https://registry.npmjs.org/@babel%2ftypes 57ms (cache miss)
1779 silly packumentCache full:https://registry.npmjs.org/@babel%2ftypes set size:undefined disposed:false
1780 silly fetch manifest @babel/core@^7.0.0
1781 silly packumentCache full:https://registry.npmjs.org/@babel%2fcore cache-miss
1782 http cache https://registry.npmjs.org/@babel%2fcore 2ms (cache hit)
1783 silly packumentCache full:https://registry.npmjs.org/@babel%2fcore set size:738278 disposed:false
1784 silly placeDep ROOT @babel/code-frame@7.27.1 OK for: @babel/core@7.28.5 want: ^7.27.1
1785 silly placeDep ROOT @babel/generator@7.28.5 OK for: @babel/core@7.28.5 want: ^7.28.5
1786 silly placeDep ROOT @babel/helper-compilation-targets@7.27.2 OK for: @babel/core@7.28.5 want: ^7.27.2
1787 silly placeDep ROOT @babel/helper-module-transforms@7.28.3 OK for: @babel/core@7.28.5 want: ^7.28.3
1788 silly placeDep ROOT @babel/helpers@7.28.4 OK for: @babel/core@7.28.5 want: ^7.28.4
1789 silly placeDep ROOT @babel/template@7.27.2 OK for: @babel/core@7.28.5 want: ^7.27.2
1790 silly placeDep ROOT @babel/traverse@7.28.5 OK for: @babel/core@7.28.5 want: ^7.28.5
1791 silly placeDep ROOT @babel/types@7.28.5 OK for: @babel/core@7.28.5 want: ^7.28.5
1792 silly placeDep ROOT convert-source-map@2.0.0 OK for: @babel/core@7.28.5 want: ^2.0.0
1793 silly placeDep ROOT gensync@1.0.0-beta.2 OK for: @babel/core@7.28.5 want: ^1.0.0-beta.2
1794 silly placeDep ROOT json5@2.2.3 OK for: @babel/core@7.28.5 want: ^2.2.3
1795 silly fetch manifest js-tokens@^4.0.0
1796 silly packumentCache full:https://registry.npmjs.org/js-tokens cache-miss
1797 silly fetch manifest @babel/helper-validator-identifier@^7.27.1
1798 silly packumentCache full:https://registry.npmjs.org/@babel%2fhelper-validator-identifier cache-miss
1799 silly fetch manifest jsesc@^3.0.2
1800 silly packumentCache full:https://registry.npmjs.org/jsesc cache-miss
1801 silly fetch manifest lru-cache@^5.1.1
1802 silly packumentCache full:https://registry.npmjs.org/lru-cache cache-miss
1803 silly fetch manifest browserslist@^4.24.0
1804 silly packumentCache full:https://registry.npmjs.org/browserslist cache-miss
1805 silly fetch manifest @babel/compat-data@^7.27.2
1806 silly packumentCache full:https://registry.npmjs.org/@babel%2fcompat-data cache-miss
1807 silly fetch manifest @babel/helper-validator-option@^7.27.1
1808 silly packumentCache full:https://registry.npmjs.org/@babel%2fhelper-validator-option cache-miss
1809 silly fetch manifest @babel/traverse@^7.28.3
1810 silly packumentCache full:https://registry.npmjs.org/@babel%2ftraverse cache-miss
1811 silly fetch manifest @babel/helper-module-imports@^7.27.1
1812 silly packumentCache full:https://registry.npmjs.org/@babel%2fhelper-module-imports cache-miss
1813 silly fetch manifest @babel/helper-validator-identifier@^7.27.1
1814 silly packumentCache full:https://registry.npmjs.org/@babel%2fhelper-validator-identifier cache-miss
1815 http cache https://registry.npmjs.org/@babel%2ftraverse 5ms (cache hit)
1816 silly packumentCache full:https://registry.npmjs.org/@babel%2ftraverse set size:535703 disposed:false
1817 silly fetch manifest @babel/types@^7.28.4
1818 silly packumentCache full:https://registry.npmjs.org/@babel%2ftypes cache-miss
1819 http cache https://registry.npmjs.org/@babel%2ftypes 1ms (cache hit)
1820 silly packumentCache full:https://registry.npmjs.org/@babel%2ftypes set size:475698 disposed:false
1821 silly fetch manifest @babel/types@^7.27.1
1822 silly packumentCache full:https://registry.npmjs.org/@babel%2ftypes cache-hit
1823 silly fetch manifest @babel/helper-globals@^7.28.0
1824 silly packumentCache full:https://registry.npmjs.org/@babel%2fhelper-globals cache-miss
1825 http fetch GET 200 https://registry.npmjs.org/js-tokens 66ms (cache miss)
1826 silly packumentCache full:https://registry.npmjs.org/js-tokens set size:undefined disposed:false
1827 silly fetch manifest @babel/helper-string-parser@^7.27.1
1828 silly packumentCache full:https://registry.npmjs.org/@babel%2fhelper-string-parser cache-miss
1829 http fetch GET 200 https://registry.npmjs.org/jsesc 66ms (cache miss)
1830 silly packumentCache full:https://registry.npmjs.org/jsesc set size:undefined disposed:false
1831 silly fetch manifest @babel/helper-validator-identifier@^7.28.5
1832 silly packumentCache full:https://registry.npmjs.org/@babel%2fhelper-validator-identifier cache-miss
1833 http fetch GET 200 https://registry.npmjs.org/browserslist 69ms (cache miss)
1834 silly packumentCache full:https://registry.npmjs.org/browserslist set size:undefined disposed:false
1835 http fetch GET 200 https://registry.npmjs.org/lru-cache 71ms (cache miss)
1836 silly packumentCache full:https://registry.npmjs.org/lru-cache set size:undefined disposed:false
1837 http fetch GET 200 https://registry.npmjs.org/@babel%2fhelper-globals 67ms (cache miss)
1838 silly packumentCache full:https://registry.npmjs.org/@babel%2fhelper-globals set size:undefined disposed:false
1839 http fetch GET 200 https://registry.npmjs.org/@babel%2fhelper-validator-option 78ms (cache miss)
1840 silly packumentCache full:https://registry.npmjs.org/@babel%2fhelper-validator-option set size:undefined disposed:false
1841 http fetch GET 200 https://registry.npmjs.org/@babel%2fhelper-module-imports 80ms (cache miss)
1842 silly packumentCache full:https://registry.npmjs.org/@babel%2fhelper-module-imports set size:undefined disposed:false
1843 http fetch GET 200 https://registry.npmjs.org/@babel%2fcompat-data 83ms (cache miss)
1844 silly packumentCache full:https://registry.npmjs.org/@babel%2fcompat-data set size:undefined disposed:false
1845 http fetch GET 200 https://registry.npmjs.org/@babel%2fhelper-validator-identifier 89ms (cache miss)
1846 silly packumentCache full:https://registry.npmjs.org/@babel%2fhelper-validator-identifier set size:undefined disposed:false
1847 http fetch GET 200 https://registry.npmjs.org/@babel%2fhelper-validator-identifier 93ms (cache miss)
1848 silly packumentCache full:https://registry.npmjs.org/@babel%2fhelper-validator-identifier set size:undefined disposed:false
1849 http fetch GET 200 https://registry.npmjs.org/@babel%2fhelper-string-parser 49ms (cache miss)
1850 silly packumentCache full:https://registry.npmjs.org/@babel%2fhelper-string-parser set size:undefined disposed:false
1851 http fetch GET 200 https://registry.npmjs.org/@babel%2fhelper-validator-identifier 57ms (cache miss)
1852 silly packumentCache full:https://registry.npmjs.org/@babel%2fhelper-validator-identifier set size:undefined disposed:false
1853 silly placeDep ROOT @babel/helper-validator-identifier@7.28.5 OK for: @babel/code-frame@7.27.1 want: ^7.27.1
1854 silly placeDep ROOT js-tokens@4.0.0 OK for: @babel/code-frame@7.27.1 want: ^4.0.0
1855 silly placeDep ROOT picocolors@1.1.1 OK for: @babel/code-frame@7.27.1 want: ^1.1.1
1856 silly placeDep ROOT jsesc@3.1.0 OK for: @babel/generator@7.28.5 want: ^3.0.2
1857 silly placeDep ROOT @babel/compat-data@7.28.5 OK for: @babel/helper-compilation-targets@7.27.2 want: ^7.27.2
1858 silly placeDep ROOT @babel/helper-validator-option@7.27.1 OK for: @babel/helper-compilation-targets@7.27.2 want: ^7.27.1
1859 silly placeDep ROOT browserslist@4.28.1 OK for: @babel/helper-compilation-targets@7.27.2 want: ^4.24.0
1860 silly placeDep ROOT lru-cache@5.1.1 OK for: @babel/helper-compilation-targets@7.27.2 want: ^5.1.1
1861 silly fetch manifest baseline-browser-mapping@^2.9.0
1862 silly packumentCache full:https://registry.npmjs.org/baseline-browser-mapping cache-miss
1863 silly fetch manifest caniuse-lite@^1.0.30001759
1864 silly packumentCache full:https://registry.npmjs.org/caniuse-lite cache-miss
1865 silly fetch manifest electron-to-chromium@^1.5.263
1866 silly packumentCache full:https://registry.npmjs.org/electron-to-chromium cache-miss
1867 silly fetch manifest node-releases@^2.0.27
1868 silly packumentCache full:https://registry.npmjs.org/node-releases cache-miss
1869 silly fetch manifest update-browserslist-db@^1.2.0
1870 silly packumentCache full:https://registry.npmjs.org/update-browserslist-db cache-miss
1871 silly fetch manifest yallist@^3.0.2
1872 silly packumentCache full:https://registry.npmjs.org/yallist cache-miss
1873 http cache https://registry.npmjs.org/baseline-browser-mapping 3ms (cache hit)
1874 silly packumentCache full:https://registry.npmjs.org/baseline-browser-mapping set size:356541 disposed:false
1875 http cache https://registry.npmjs.org/caniuse-lite 6ms (cache hit)
1876 silly packumentCache full:https://registry.npmjs.org/caniuse-lite set size:2238369 disposed:false
1877 http fetch GET 200 https://registry.npmjs.org/node-releases 39ms (cache miss)
1878 silly packumentCache full:https://registry.npmjs.org/node-releases set size:undefined disposed:false
1879 http fetch GET 200 https://registry.npmjs.org/yallist 42ms (cache miss)
1880 silly packumentCache full:https://registry.npmjs.org/yallist set size:undefined disposed:false
1881 http fetch GET 200 https://registry.npmjs.org/update-browserslist-db 60ms (cache miss)
1882 silly packumentCache full:https://registry.npmjs.org/update-browserslist-db set size:undefined disposed:false
1883 http fetch GET 200 https://registry.npmjs.org/electron-to-chromium 144ms (cache miss)
1884 silly packumentCache full:https://registry.npmjs.org/electron-to-chromium set size:undefined disposed:false
1885 silly placeDep ROOT @babel/helper-module-imports@7.27.1 OK for: @babel/helper-module-transforms@7.28.3 want: ^7.27.1
1886 silly placeDep ROOT @babel/helper-globals@7.28.0 OK for: @babel/traverse@7.28.5 want: ^7.28.0
1887 silly placeDep ROOT @babel/helper-string-parser@7.27.1 OK for: @babel/types@7.28.5 want: ^7.27.1
1888 silly fetch manifest browserslist@>= 4.21.0
1889 silly packumentCache full:https://registry.npmjs.org/browserslist cache-miss
1890 http cache https://registry.npmjs.org/browserslist 3ms (cache hit)
1891 silly packumentCache full:https://registry.npmjs.org/browserslist set size:502989 disposed:false
1892 silly placeDep ROOT baseline-browser-mapping@2.9.11 OK for: browserslist@4.28.1 want: ^2.9.0
1893 silly placeDep ROOT caniuse-lite@1.0.30001762 OK for: browserslist@4.28.1 want: ^1.0.30001759
1894 silly placeDep ROOT electron-to-chromium@1.5.267 OK for: browserslist@4.28.1 want: ^1.5.263
1895 silly placeDep ROOT node-releases@2.0.27 OK for: browserslist@4.28.1 want: ^2.0.27
1896 silly placeDep ROOT update-browserslist-db@1.2.3 OK for: browserslist@4.28.1 want: ^1.2.0
1897 silly fetch manifest escalade@^3.2.0
1898 silly packumentCache full:https://registry.npmjs.org/escalade cache-miss
1899 http fetch GET 200 https://registry.npmjs.org/escalade 78ms (cache miss)
1900 silly packumentCache full:https://registry.npmjs.org/escalade set size:undefined disposed:false
1901 silly placeDep ROOT esrecurse@4.3.0 OK for: eslint-scope@8.4.0 want: ^4.3.0
1902 silly placeDep ROOT acorn@8.15.0 OK for: espree@10.4.0 want: ^8.15.0
1903 silly placeDep ROOT acorn-jsx@5.3.2 OK for: espree@10.4.0 want: ^5.3.2
1904 silly placeDep ROOT @nodelib/fs.stat@2.0.5 OK for: fast-glob@3.3.1 want: ^2.0.2
1905 silly placeDep ROOT @nodelib/fs.walk@1.2.8 OK for: fast-glob@3.3.1 want: ^1.2.3
1906 silly placeDep node_modules/fast-glob glob-parent@5.1.2 OK for: fast-glob@3.3.1 want: ^5.1.2
1907 silly placeDep ROOT merge2@1.4.1 OK for: fast-glob@3.3.1 want: ^1.3.0
1908 silly placeDep ROOT micromatch@4.0.8 OK for: fast-glob@3.3.1 want: ^4.0.4
1909 silly fetch manifest fastq@^1.6.0
1910 silly packumentCache full:https://registry.npmjs.org/fastq cache-miss
1911 silly fetch manifest @nodelib/fs.scandir@2.1.5
1912 silly packumentCache full:https://registry.npmjs.org/@nodelib%2ffs.scandir cache-miss
1913 silly fetch manifest braces@^3.0.3
1914 silly packumentCache full:https://registry.npmjs.org/braces cache-miss
1915 silly fetch manifest picomatch@^2.3.1
1916 silly packumentCache full:https://registry.npmjs.org/picomatch cache-miss
1917 http cache https://registry.npmjs.org/picomatch 3ms (cache hit)
1918 silly packumentCache full:https://registry.npmjs.org/picomatch set size:118818 disposed:false
1919 http fetch GET 200 https://registry.npmjs.org/fastq 50ms (cache miss)
1920 silly packumentCache full:https://registry.npmjs.org/fastq set size:undefined disposed:false
1921 http fetch GET 200 https://registry.npmjs.org/braces 61ms (cache miss)
1922 silly packumentCache full:https://registry.npmjs.org/braces set size:undefined disposed:false
1923 http fetch GET 200 https://registry.npmjs.org/@nodelib%2ffs.scandir 147ms (cache miss)
1924 silly packumentCache full:https://registry.npmjs.org/@nodelib%2ffs.scandir set size:undefined disposed:false
1925 silly placeDep ROOT @nodelib/fs.scandir@2.1.5 OK for: @nodelib/fs.walk@1.2.8 want: 2.1.5
1926 silly placeDep ROOT fastq@1.20.1 OK for: @nodelib/fs.walk@1.2.8 want: ^1.6.0
1927 silly fetch manifest run-parallel@^1.1.9
1928 silly packumentCache full:https://registry.npmjs.org/run-parallel cache-miss
1929 silly fetch manifest reusify@^1.0.4
1930 silly packumentCache full:https://registry.npmjs.org/reusify cache-miss
1931 http fetch GET 200 https://registry.npmjs.org/run-parallel 49ms (cache miss)
1932 silly packumentCache full:https://registry.npmjs.org/run-parallel set size:undefined disposed:false
1933 http fetch GET 200 https://registry.npmjs.org/reusify 61ms (cache miss)
1934 silly packumentCache full:https://registry.npmjs.org/reusify set size:undefined disposed:false
1935 silly placeDep ROOT run-parallel@1.2.0 OK for: @nodelib/fs.scandir@2.1.5 want: ^1.1.9
1936 silly fetch manifest queue-microtask@^1.2.2
1937 silly packumentCache full:https://registry.npmjs.org/queue-microtask cache-miss
1938 http fetch GET 200 https://registry.npmjs.org/queue-microtask 32ms (cache miss)
1939 silly packumentCache full:https://registry.npmjs.org/queue-microtask set size:undefined disposed:false
1940 silly placeDep ROOT reusify@1.1.0 OK for: fastq@1.20.1 want: ^1.0.4
1941 silly placeDep ROOT flat-cache@4.0.1 OK for: file-entry-cache@8.0.0 want: ^4.0.0
1942 silly fetch manifest keyv@^4.5.4
1943 silly packumentCache full:https://registry.npmjs.org/keyv cache-miss
1944 silly fetch manifest flatted@^3.2.9
1945 silly packumentCache full:https://registry.npmjs.org/flatted cache-miss
1946 http fetch GET 200 https://registry.npmjs.org/keyv 52ms (cache miss)
1947 silly packumentCache full:https://registry.npmjs.org/keyv set size:undefined disposed:false
1948 http fetch GET 200 https://registry.npmjs.org/flatted 63ms (cache miss)
1949 silly packumentCache full:https://registry.npmjs.org/flatted set size:undefined disposed:false
1950 silly placeDep ROOT locate-path@6.0.0 OK for: find-up@5.0.0 want: ^6.0.0
1951 silly placeDep ROOT path-exists@4.0.0 OK for: find-up@5.0.0 want: ^4.0.0
1952 silly fetch manifest p-locate@^5.0.0
1953 silly packumentCache full:https://registry.npmjs.org/p-locate cache-miss
1954 http fetch GET 200 https://registry.npmjs.org/p-locate 38ms (cache miss)
1955 silly packumentCache full:https://registry.npmjs.org/p-locate set size:undefined disposed:false
1956 silly placeDep ROOT flatted@3.3.3 OK for: flat-cache@4.0.1 want: ^3.2.9
1957 silly placeDep ROOT keyv@4.5.4 OK for: flat-cache@4.0.1 want: ^4.5.4
1958 silly fetch manifest json-buffer@3.0.1
1959 silly packumentCache full:https://registry.npmjs.org/json-buffer cache-miss
1960 http fetch GET 200 https://registry.npmjs.org/json-buffer 98ms (cache miss)
1961 silly packumentCache full:https://registry.npmjs.org/json-buffer set size:undefined disposed:false
1962 silly placeDep ROOT functions-have-names@1.2.3 OK for: function.prototype.name@1.1.8 want: ^1.2.3
1963 silly placeDep ROOT dunder-proto@1.0.1 OK for: get-proto@1.0.1 want: ^1.0.1
1964 silly placeDep ROOT resolve-pkg-maps@1.0.0 OK for: get-tsconfig@4.13.0 want: ^1.0.0
1965 silly placeDep ROOT hermes-estree@0.25.1 OK for: hermes-parser@0.25.1 want: 0.25.1
1966 silly placeDep ROOT parent-module@1.0.1 OK for: import-fresh@3.3.1 want: ^1.0.0
1967 silly placeDep ROOT resolve-from@4.0.0 OK for: import-fresh@3.3.1 want: ^4.0.0
1968 silly fetch manifest callsites@^3.0.0
1969 silly packumentCache full:https://registry.npmjs.org/callsites cache-miss
1970 http fetch GET 200 https://registry.npmjs.org/callsites 67ms (cache miss)
1971 silly packumentCache full:https://registry.npmjs.org/callsites set size:undefined disposed:false
1972 silly placeDep ROOT side-channel@1.1.0 OK for: internal-slot@1.1.0 want: ^1.1.0
1973 silly fetch manifest side-channel-list@^1.0.0
1974 silly packumentCache full:https://registry.npmjs.org/side-channel-list cache-miss
1975 silly fetch manifest side-channel-map@^1.0.1
1976 silly packumentCache full:https://registry.npmjs.org/side-channel-map cache-miss
1977 silly fetch manifest side-channel-weakmap@^1.0.2
1978 silly packumentCache full:https://registry.npmjs.org/side-channel-weakmap cache-miss
1979 http fetch GET 200 https://registry.npmjs.org/side-channel-list 37ms (cache miss)
1980 silly packumentCache full:https://registry.npmjs.org/side-channel-list set size:undefined disposed:false
1981 http fetch GET 200 https://registry.npmjs.org/side-channel-weakmap 40ms (cache miss)
1982 silly packumentCache full:https://registry.npmjs.org/side-channel-weakmap set size:undefined disposed:false
1983 http fetch GET 200 https://registry.npmjs.org/side-channel-map 53ms (cache miss)
1984 silly packumentCache full:https://registry.npmjs.org/side-channel-map set size:undefined disposed:false
1985 silly placeDep node_modules/is-bun-module semver@7.7.3 OK for: is-bun-module@2.0.0 want: ^7.7.1
1986 silly placeDep ROOT is-extglob@2.1.1 OK for: is-glob@4.0.3 want: ^2.1.1
1987 silly placeDep ROOT set-function-name@2.0.2 OK for: iterator.prototype@1.1.5 want: ^2.0.2
1988 silly placeDep ROOT argparse@2.0.1 OK for: js-yaml@4.1.1 want: ^2.0.1
1989 silly placeDep ROOT json-buffer@3.0.1 OK for: keyv@4.5.4 want: 3.0.1
1990 silly placeDep ROOT language-subtag-registry@0.3.23 OK for: language-tags@1.0.9 want: ^0.3.20
1991 silly placeDep ROOT prelude-ls@1.2.1 OK for: levn@0.4.1 want: ^1.2.1
1992 silly placeDep ROOT type-check@0.4.0 OK for: levn@0.4.1 want: ~0.4.0
1993 silly placeDep ROOT detect-libc@2.1.2 OK for: lightningcss@1.30.2 want: ^2.0.3
1994 silly placeDep ROOT lightningcss-android-arm64@1.30.2 OK for: lightningcss@1.30.2 want: 1.30.2
1995 silly placeDep ROOT lightningcss-darwin-arm64@1.30.2 OK for: lightningcss@1.30.2 want: 1.30.2
1996 silly placeDep ROOT lightningcss-darwin-x64@1.30.2 OK for: lightningcss@1.30.2 want: 1.30.2
1997 silly placeDep ROOT lightningcss-freebsd-x64@1.30.2 OK for: lightningcss@1.30.2 want: 1.30.2
1998 silly placeDep ROOT lightningcss-linux-arm-gnueabihf@1.30.2 OK for: lightningcss@1.30.2 want: 1.30.2
1999 silly placeDep ROOT lightningcss-linux-arm64-gnu@1.30.2 OK for: lightningcss@1.30.2 want: 1.30.2
2000 silly placeDep ROOT lightningcss-linux-arm64-musl@1.30.2 OK for: lightningcss@1.30.2 want: 1.30.2
2001 silly placeDep ROOT lightningcss-linux-x64-gnu@1.30.2 OK for: lightningcss@1.30.2 want: 1.30.2
2002 silly placeDep ROOT lightningcss-linux-x64-musl@1.30.2 OK for: lightningcss@1.30.2 want: 1.30.2
2003 silly placeDep ROOT lightningcss-win32-arm64-msvc@1.30.2 OK for: lightningcss@1.30.2 want: 1.30.2
2004 silly placeDep ROOT lightningcss-win32-x64-msvc@1.30.2 OK for: lightningcss@1.30.2 want: 1.30.2
2005 silly placeDep ROOT p-locate@5.0.0 OK for: locate-path@6.0.0 want: ^5.0.0
2006 silly fetch manifest p-limit@^3.0.2
2007 silly packumentCache full:https://registry.npmjs.org/p-limit cache-miss
2008 http fetch GET 200 https://registry.npmjs.org/p-limit 45ms (cache miss)
2009 silly packumentCache full:https://registry.npmjs.org/p-limit set size:undefined disposed:false
2010 silly placeDep ROOT yallist@3.1.1 OK for: lru-cache@5.1.1 want: ^3.0.2
2011 silly placeDep ROOT braces@3.0.3 OK for: micromatch@4.0.8 want: ^3.0.3
2012 silly placeDep ROOT picomatch@2.3.1 OK for: micromatch@4.0.8 want: ^2.3.1
2013 silly fetch manifest fill-range@^7.1.1
2014 silly packumentCache full:https://registry.npmjs.org/fill-range cache-miss
2015 http fetch GET 200 https://registry.npmjs.org/fill-range 42ms (cache miss)
2016 silly packumentCache full:https://registry.npmjs.org/fill-range set size:undefined disposed:false
2017 silly placeDep ROOT fill-range@7.1.1 OK for: braces@3.0.3 want: ^7.1.1
2018 silly fetch manifest to-regex-range@^5.0.1
2019 silly packumentCache full:https://registry.npmjs.org/to-regex-range cache-miss
2020 http fetch GET 200 https://registry.npmjs.org/to-regex-range 39ms (cache miss)
2021 silly packumentCache full:https://registry.npmjs.org/to-regex-range set size:undefined disposed:false
2022 silly placeDep ROOT to-regex-range@5.0.1 OK for: fill-range@7.1.1 want: ^5.0.1
2023 silly fetch manifest is-number@^7.0.0
2024 silly packumentCache full:https://registry.npmjs.org/is-number cache-miss
2025 http fetch GET 200 https://registry.npmjs.org/is-number 31ms (cache miss)
2026 silly packumentCache full:https://registry.npmjs.org/is-number set size:undefined disposed:false
2027 silly placeDep ROOT brace-expansion@1.1.12 OK for: minimatch@3.1.2 want: ^1.1.7
2028 silly fetch manifest balanced-match@^1.0.0
2029 silly packumentCache full:https://registry.npmjs.org/balanced-match cache-miss
2030 silly fetch manifest concat-map@0.0.1
2031 silly packumentCache full:https://registry.npmjs.org/concat-map cache-miss
2032 http fetch GET 200 https://registry.npmjs.org/balanced-match 39ms (cache miss)
2033 silly packumentCache full:https://registry.npmjs.org/balanced-match set size:undefined disposed:false
2034 http fetch GET 200 https://registry.npmjs.org/concat-map 74ms (cache miss)
2035 silly packumentCache full:https://registry.npmjs.org/concat-map set size:undefined disposed:false
2036 silly placeDep ROOT balanced-match@1.0.2 OK for: brace-expansion@1.1.12 want: ^1.0.0
2037 silly placeDep ROOT concat-map@0.0.1 OK for: brace-expansion@1.1.12 want: 0.0.1
2038 silly fetch manifest react@^18.2.0 || 19.0.0-rc-de68d2f4-20241204 || ^19.0.0
2039 silly packumentCache full:https://registry.npmjs.org/react cache-miss
2040 http cache https://registry.npmjs.org/react 12ms (cache hit)
2041 silly packumentCache full:https://registry.npmjs.org/react set size:6362621 disposed:false
2042 silly placeDep ROOT @next/env@16.1.1 OK for: next@16.1.1 want: 16.1.1
2043 silly placeDep ROOT @next/swc-darwin-arm64@16.1.1 OK for: next@16.1.1 want: 16.1.1
2044 silly placeDep ROOT @next/swc-darwin-x64@16.1.1 OK for: next@16.1.1 want: 16.1.1
2045 silly placeDep ROOT @next/swc-linux-arm64-gnu@16.1.1 OK for: next@16.1.1 want: 16.1.1
2046 silly placeDep ROOT @next/swc-linux-arm64-musl@16.1.1 OK for: next@16.1.1 want: 16.1.1
2047 silly placeDep ROOT @next/swc-linux-x64-gnu@16.1.1 OK for: next@16.1.1 want: 16.1.1
2048 silly placeDep ROOT @next/swc-linux-x64-musl@16.1.1 OK for: next@16.1.1 want: 16.1.1
2049 silly placeDep ROOT @next/swc-win32-arm64-msvc@16.1.1 OK for: next@16.1.1 want: 16.1.1
2050 silly placeDep ROOT @next/swc-win32-x64-msvc@16.1.1 OK for: next@16.1.1 want: 16.1.1
2051 silly placeDep ROOT @swc/helpers@0.5.15 OK for: next@16.1.1 want: 0.5.15
2052 silly placeDep node_modules/next postcss@8.4.31 OK for: next@16.1.1 want: 8.4.31
2053 silly placeDep ROOT sharp@0.34.5 OK for: next@16.1.1 want: ^0.34.4
2054 silly placeDep ROOT styled-jsx@5.1.6 OK for: next@16.1.1 want: 5.1.6
2055 silly fetch manifest tslib@^2.8.0
2056 silly packumentCache full:https://registry.npmjs.org/tslib cache-miss
2057 silly fetch manifest nanoid@^3.3.6
2058 silly packumentCache full:https://registry.npmjs.org/nanoid cache-miss
2059 silly fetch manifest @img/colour@^1.0.0
2060 silly packumentCache full:https://registry.npmjs.org/@img%2fcolour cache-miss
2061 silly fetch manifest semver@^7.7.3
2062 silly packumentCache full:https://registry.npmjs.org/semver cache-hit
2063 silly fetch manifest @img/sharp-darwin-arm64@0.34.5
2064 silly packumentCache full:https://registry.npmjs.org/@img%2fsharp-darwin-arm64 cache-miss
2065 silly fetch manifest @img/sharp-darwin-x64@0.34.5
2066 silly packumentCache full:https://registry.npmjs.org/@img%2fsharp-darwin-x64 cache-miss
2067 silly fetch manifest @img/sharp-libvips-darwin-arm64@1.2.4
2068 silly packumentCache full:https://registry.npmjs.org/@img%2fsharp-libvips-darwin-arm64 cache-miss
2069 silly fetch manifest @img/sharp-libvips-darwin-x64@1.2.4
2070 silly packumentCache full:https://registry.npmjs.org/@img%2fsharp-libvips-darwin-x64 cache-miss
2071 silly fetch manifest @img/sharp-libvips-linux-arm@1.2.4
2072 silly packumentCache full:https://registry.npmjs.org/@img%2fsharp-libvips-linux-arm cache-miss
2073 silly fetch manifest @img/sharp-libvips-linux-arm64@1.2.4
2074 silly packumentCache full:https://registry.npmjs.org/@img%2fsharp-libvips-linux-arm64 cache-miss
2075 silly fetch manifest @img/sharp-libvips-linux-ppc64@1.2.4
2076 silly packumentCache full:https://registry.npmjs.org/@img%2fsharp-libvips-linux-ppc64 cache-miss
2077 http cache https://registry.npmjs.org/nanoid 6ms (cache hit)
2078 silly packumentCache full:https://registry.npmjs.org/nanoid set size:298419 disposed:false
2079 silly fetch manifest @img/sharp-libvips-linux-riscv64@1.2.4
2080 silly packumentCache full:https://registry.npmjs.org/@img%2fsharp-libvips-linux-riscv64 cache-miss
2081 http fetch GET 200 https://registry.npmjs.org/tslib 59ms (cache miss)
2082 silly packumentCache full:https://registry.npmjs.org/tslib set size:undefined disposed:false
2083 silly fetch manifest @img/sharp-libvips-linux-s390x@1.2.4
2084 silly packumentCache full:https://registry.npmjs.org/@img%2fsharp-libvips-linux-s390x cache-miss
2085 http fetch GET 200 https://registry.npmjs.org/@img%2fsharp-libvips-linux-arm 76ms (cache miss)
2086 silly packumentCache full:https://registry.npmjs.org/@img%2fsharp-libvips-linux-arm set size:undefined disposed:false
2087 silly fetch manifest @img/sharp-libvips-linux-x64@1.2.4
2088 silly packumentCache full:https://registry.npmjs.org/@img%2fsharp-libvips-linux-x64 cache-miss
2089 http fetch GET 200 https://registry.npmjs.org/@img%2fsharp-darwin-arm64 87ms (cache miss)
2090 silly packumentCache full:https://registry.npmjs.org/@img%2fsharp-darwin-arm64 set size:undefined disposed:false
2091 silly fetch manifest @img/sharp-libvips-linuxmusl-arm64@1.2.4
2092 silly packumentCache full:https://registry.npmjs.org/@img%2fsharp-libvips-linuxmusl-arm64 cache-miss
2093 http fetch GET 200 https://registry.npmjs.org/@img%2fcolour 90ms (cache miss)
2094 silly packumentCache full:https://registry.npmjs.org/@img%2fcolour set size:undefined disposed:false
2095 silly fetch manifest @img/sharp-libvips-linuxmusl-x64@1.2.4
2096 silly packumentCache full:https://registry.npmjs.org/@img%2fsharp-libvips-linuxmusl-x64 cache-miss
2097 http fetch GET 200 https://registry.npmjs.org/@img%2fsharp-libvips-linux-arm64 91ms (cache miss)
2098 silly packumentCache full:https://registry.npmjs.org/@img%2fsharp-libvips-linux-arm64 set size:undefined disposed:false
2099 silly fetch manifest @img/sharp-linux-arm@0.34.5
2100 silly packumentCache full:https://registry.npmjs.org/@img%2fsharp-linux-arm cache-miss
2101 http fetch GET 200 https://registry.npmjs.org/@img%2fsharp-libvips-darwin-arm64 91ms (cache miss)
2102 silly packumentCache full:https://registry.npmjs.org/@img%2fsharp-libvips-darwin-arm64 set size:undefined disposed:false
2103 silly fetch manifest @img/sharp-linux-arm64@0.34.5
2104 silly packumentCache full:https://registry.npmjs.org/@img%2fsharp-linux-arm64 cache-miss
2105 http fetch GET 200 https://registry.npmjs.org/@img%2fsharp-libvips-darwin-x64 92ms (cache miss)
2106 silly packumentCache full:https://registry.npmjs.org/@img%2fsharp-libvips-darwin-x64 set size:undefined disposed:false
2107 silly fetch manifest @img/sharp-linux-ppc64@0.34.5
2108 silly packumentCache full:https://registry.npmjs.org/@img%2fsharp-linux-ppc64 cache-miss
2109 http fetch GET 200 https://registry.npmjs.org/@img%2fsharp-libvips-linux-ppc64 92ms (cache miss)
2110 silly packumentCache full:https://registry.npmjs.org/@img%2fsharp-libvips-linux-ppc64 set size:undefined disposed:false
2111 silly fetch manifest @img/sharp-linux-riscv64@0.34.5
2112 silly packumentCache full:https://registry.npmjs.org/@img%2fsharp-linux-riscv64 cache-miss
2113 http fetch GET 200 https://registry.npmjs.org/@img%2fsharp-libvips-linux-riscv64 85ms (cache miss)
2114 silly packumentCache full:https://registry.npmjs.org/@img%2fsharp-libvips-linux-riscv64 set size:undefined disposed:false
2115 silly fetch manifest @img/sharp-linux-s390x@0.34.5
2116 silly packumentCache full:https://registry.npmjs.org/@img%2fsharp-linux-s390x cache-miss
2117 http fetch GET 200 https://registry.npmjs.org/@img%2fsharp-libvips-linux-s390x 56ms (cache miss)
2118 silly packumentCache full:https://registry.npmjs.org/@img%2fsharp-libvips-linux-s390x set size:undefined disposed:false
2119 silly fetch manifest @img/sharp-linux-x64@0.34.5
2120 silly packumentCache full:https://registry.npmjs.org/@img%2fsharp-linux-x64 cache-miss
2121 http fetch GET 200 https://registry.npmjs.org/@img%2fsharp-libvips-linuxmusl-arm64 48ms (cache miss)
2122 silly packumentCache full:https://registry.npmjs.org/@img%2fsharp-libvips-linuxmusl-arm64 set size:undefined disposed:false
2123 silly fetch manifest @img/sharp-linuxmusl-arm64@0.34.5
2124 silly packumentCache full:https://registry.npmjs.org/@img%2fsharp-linuxmusl-arm64 cache-miss
2125 http fetch GET 200 https://registry.npmjs.org/@img%2fsharp-libvips-linux-x64 56ms (cache miss)
2126 silly packumentCache full:https://registry.npmjs.org/@img%2fsharp-libvips-linux-x64 set size:undefined disposed:false
2127 silly fetch manifest @img/sharp-linuxmusl-x64@0.34.5
2128 silly packumentCache full:https://registry.npmjs.org/@img%2fsharp-linuxmusl-x64 cache-miss
2129 http fetch GET 200 https://registry.npmjs.org/@img%2fsharp-libvips-linuxmusl-x64 48ms (cache miss)
2130 silly packumentCache full:https://registry.npmjs.org/@img%2fsharp-libvips-linuxmusl-x64 set size:undefined disposed:false
2131 silly fetch manifest @img/sharp-wasm32@0.34.5
2132 silly packumentCache full:https://registry.npmjs.org/@img%2fsharp-wasm32 cache-miss
2133 http fetch GET 200 https://registry.npmjs.org/@img%2fsharp-linux-arm64 56ms (cache miss)
2134 silly packumentCache full:https://registry.npmjs.org/@img%2fsharp-linux-arm64 set size:undefined disposed:false
2135 silly fetch manifest @img/sharp-win32-arm64@0.34.5
2136 silly packumentCache full:https://registry.npmjs.org/@img%2fsharp-win32-arm64 cache-miss
2137 http fetch GET 200 https://registry.npmjs.org/@img%2fsharp-darwin-x64 160ms (cache miss)
2138 silly packumentCache full:https://registry.npmjs.org/@img%2fsharp-darwin-x64 set size:undefined disposed:false
2139 silly fetch manifest @img/sharp-win32-ia32@0.34.5
2140 silly packumentCache full:https://registry.npmjs.org/@img%2fsharp-win32-ia32 cache-miss
2141 http fetch GET 200 https://registry.npmjs.org/@img%2fsharp-linux-arm 70ms (cache miss)
2142 silly packumentCache full:https://registry.npmjs.org/@img%2fsharp-linux-arm set size:undefined disposed:false
2143 silly fetch manifest @img/sharp-win32-x64@0.34.5
2144 silly packumentCache full:https://registry.npmjs.org/@img%2fsharp-win32-x64 cache-miss
2145 http fetch GET 200 https://registry.npmjs.org/@img%2fsharp-linux-s390x 85ms (cache miss)
2146 silly packumentCache full:https://registry.npmjs.org/@img%2fsharp-linux-s390x set size:undefined disposed:false
2147 silly fetch manifest client-only@0.0.1
2148 silly packumentCache full:https://registry.npmjs.org/client-only cache-miss
2149 http fetch GET 200 https://registry.npmjs.org/@img%2fsharp-linux-x64 64ms (cache miss)
2150 silly packumentCache full:https://registry.npmjs.org/@img%2fsharp-linux-x64 set size:undefined disposed:false
2151 http fetch GET 200 https://registry.npmjs.org/@img%2fsharp-linuxmusl-arm64 49ms (cache miss)
2152 silly packumentCache full:https://registry.npmjs.org/@img%2fsharp-linuxmusl-arm64 set size:undefined disposed:false
2153 http fetch GET 200 https://registry.npmjs.org/@img%2fsharp-wasm32 49ms (cache miss)
2154 silly packumentCache full:https://registry.npmjs.org/@img%2fsharp-wasm32 set size:undefined disposed:false
2155 http fetch GET 200 https://registry.npmjs.org/@img%2fsharp-linux-ppc64 101ms (cache miss)
2156 silly packumentCache full:https://registry.npmjs.org/@img%2fsharp-linux-ppc64 set size:undefined disposed:false
2157 http fetch GET 200 https://registry.npmjs.org/@img%2fsharp-win32-arm64 66ms (cache miss)
2158 silly packumentCache full:https://registry.npmjs.org/@img%2fsharp-win32-arm64 set size:undefined disposed:false
2159 http fetch GET 200 https://registry.npmjs.org/@img%2fsharp-linuxmusl-x64 77ms (cache miss)
2160 silly packumentCache full:https://registry.npmjs.org/@img%2fsharp-linuxmusl-x64 set size:undefined disposed:false
2161 http fetch GET 200 https://registry.npmjs.org/client-only 43ms (cache miss)
2162 silly packumentCache full:https://registry.npmjs.org/client-only set size:undefined disposed:false
2163 http fetch GET 200 https://registry.npmjs.org/@img%2fsharp-win32-x64 62ms (cache miss)
2164 silly packumentCache full:https://registry.npmjs.org/@img%2fsharp-win32-x64 set size:undefined disposed:false
2165 http fetch GET 200 https://registry.npmjs.org/@img%2fsharp-linux-riscv64 136ms (cache miss)
2166 silly packumentCache full:https://registry.npmjs.org/@img%2fsharp-linux-riscv64 set size:undefined disposed:false
2167 http fetch GET 200 https://registry.npmjs.org/@img%2fsharp-win32-ia32 84ms (cache miss)
2168 silly packumentCache full:https://registry.npmjs.org/@img%2fsharp-win32-ia32 set size:undefined disposed:false
2169 silly placeDep ROOT tslib@2.8.1 OK for: @swc/helpers@0.5.15 want: ^2.8.0
2170 silly placeDep ROOT deep-is@0.1.4 OK for: optionator@0.9.4 want: ^0.1.3
2171 silly placeDep ROOT fast-levenshtein@2.0.6 OK for: optionator@0.9.4 want: ^2.0.6
2172 silly placeDep ROOT word-wrap@1.2.5 OK for: optionator@0.9.4 want: ^1.2.5
2173 silly placeDep ROOT p-limit@3.1.0 OK for: p-locate@5.0.0 want: ^3.0.2
2174 silly fetch manifest yocto-queue@^0.1.0
2175 silly packumentCache full:https://registry.npmjs.org/yocto-queue cache-miss
2176 http fetch GET 200 https://registry.npmjs.org/yocto-queue 36ms (cache miss)
2177 silly packumentCache full:https://registry.npmjs.org/yocto-queue set size:undefined disposed:false
2178 silly placeDep ROOT yocto-queue@0.1.0 OK for: p-limit@3.1.0 want: ^0.1.0
2179 silly placeDep ROOT callsites@3.1.0 OK for: parent-module@1.0.1 want: ^3.0.0
2180 silly placeDep ROOT nanoid@3.3.11 OK for: postcss@8.5.6 want: ^3.3.11
2181 silly placeDep ROOT loose-envify@1.4.0 OK for: prop-types@15.8.1 want: ^1.4.0
2182 silly placeDep ROOT object-assign@4.1.1 OK for: prop-types@15.8.1 want: ^4.1.1
2183 silly placeDep ROOT react-is@16.13.1 OK for: prop-types@15.8.1 want: ^16.13.1
2184 silly placeDep ROOT scheduler@0.27.0 OK for: react-dom@19.2.3 want: ^0.27.0
2185 silly placeDep ROOT path-parse@1.0.7 OK for: resolve@1.22.11 want: ^1.0.7
2186 silly placeDep ROOT supports-preserve-symlinks-flag@1.0.0 OK for: resolve@1.22.11 want: ^1.0.0
2187 silly placeDep ROOT queue-microtask@1.2.3 OK for: run-parallel@1.2.0 want: ^1.2.2
2188 silly placeDep ROOT isarray@2.0.5 OK for: safe-array-concat@1.1.3 want: ^2.0.5
2189 silly placeDep ROOT @img/colour@1.0.0 OK for: sharp@0.34.5 want: ^1.0.0
2190 silly placeDep ROOT @img/sharp-darwin-arm64@0.34.5 OK for: sharp@0.34.5 want: 0.34.5
2191 silly placeDep ROOT @img/sharp-darwin-x64@0.34.5 OK for: sharp@0.34.5 want: 0.34.5
2192 silly placeDep ROOT @img/sharp-libvips-darwin-arm64@1.2.4 OK for: sharp@0.34.5 want: 1.2.4
2193 silly placeDep ROOT @img/sharp-libvips-darwin-x64@1.2.4 OK for: sharp@0.34.5 want: 1.2.4
2194 silly placeDep ROOT @img/sharp-libvips-linux-arm@1.2.4 OK for: sharp@0.34.5 want: 1.2.4
2195 silly placeDep ROOT @img/sharp-libvips-linux-arm64@1.2.4 OK for: sharp@0.34.5 want: 1.2.4
2196 silly placeDep ROOT @img/sharp-libvips-linux-ppc64@1.2.4 OK for: sharp@0.34.5 want: 1.2.4
2197 silly placeDep ROOT @img/sharp-libvips-linux-riscv64@1.2.4 OK for: sharp@0.34.5 want: 1.2.4
2198 silly placeDep ROOT @img/sharp-libvips-linux-s390x@1.2.4 OK for: sharp@0.34.5 want: 1.2.4
2199 silly placeDep ROOT @img/sharp-libvips-linux-x64@1.2.4 OK for: sharp@0.34.5 want: 1.2.4
2200 silly placeDep ROOT @img/sharp-libvips-linuxmusl-arm64@1.2.4 OK for: sharp@0.34.5 want: 1.2.4
2201 silly placeDep ROOT @img/sharp-libvips-linuxmusl-x64@1.2.4 OK for: sharp@0.34.5 want: 1.2.4
2202 silly placeDep ROOT @img/sharp-linux-arm@0.34.5 OK for: sharp@0.34.5 want: 0.34.5
2203 silly placeDep ROOT @img/sharp-linux-arm64@0.34.5 OK for: sharp@0.34.5 want: 0.34.5
2204 silly placeDep ROOT @img/sharp-linux-ppc64@0.34.5 OK for: sharp@0.34.5 want: 0.34.5
2205 silly placeDep ROOT @img/sharp-linux-riscv64@0.34.5 OK for: sharp@0.34.5 want: 0.34.5
2206 silly placeDep ROOT @img/sharp-linux-s390x@0.34.5 OK for: sharp@0.34.5 want: 0.34.5
2207 silly placeDep ROOT @img/sharp-linux-x64@0.34.5 OK for: sharp@0.34.5 want: 0.34.5
2208 silly placeDep ROOT @img/sharp-linuxmusl-arm64@0.34.5 OK for: sharp@0.34.5 want: 0.34.5
2209 silly placeDep ROOT @img/sharp-linuxmusl-x64@0.34.5 OK for: sharp@0.34.5 want: 0.34.5
2210 silly placeDep ROOT @img/sharp-wasm32@0.34.5 OK for: sharp@0.34.5 want: 0.34.5
2211 silly placeDep ROOT @img/sharp-win32-arm64@0.34.5 OK for: sharp@0.34.5 want: 0.34.5
2212 silly placeDep ROOT @img/sharp-win32-ia32@0.34.5 OK for: sharp@0.34.5 want: 0.34.5
2213 silly placeDep ROOT @img/sharp-win32-x64@0.34.5 OK for: sharp@0.34.5 want: 0.34.5
2214 silly placeDep node_modules/sharp semver@7.7.3 OK for: sharp@0.34.5 want: ^7.7.3
2215 silly fetch manifest @emnapi/runtime@^1.7.0
2216 silly packumentCache full:https://registry.npmjs.org/@emnapi%2fruntime cache-miss
2217 http fetch GET 200 https://registry.npmjs.org/@emnapi%2fruntime 60ms (cache miss)
2218 silly packumentCache full:https://registry.npmjs.org/@emnapi%2fruntime set size:undefined disposed:false
2219 silly placeDep ROOT @emnapi/runtime@1.7.1 OK for: @img/sharp-wasm32@0.34.5 want: ^1.7.0
2220 silly placeDep ROOT shebang-regex@3.0.0 OK for: shebang-command@2.0.0 want: ^3.0.0
2221 silly placeDep ROOT side-channel-list@1.0.0 OK for: side-channel@1.1.0 want: ^1.0.0
2222 silly placeDep ROOT side-channel-map@1.0.1 OK for: side-channel@1.1.0 want: ^1.0.1
2223 silly placeDep ROOT side-channel-weakmap@1.0.2 OK for: side-channel@1.1.0 want: ^1.0.2
2224 silly placeDep ROOT client-only@0.0.1 OK for: styled-jsx@5.1.6 want: 0.0.1
2225 silly placeDep ROOT has-flag@4.0.0 OK for: supports-color@7.2.0 want: ^4.0.0
2226 silly placeDep node_modules/tinyglobby fdir@6.5.0 OK for: tinyglobby@0.2.15 want: ^6.5.0
2227 silly placeDep node_modules/tinyglobby picomatch@4.0.3 OK for: fdir@6.5.0 want: ^3 || ^4
2228 silly placeDep ROOT is-number@7.0.0 OK for: to-regex-range@5.0.1 want: ^7.0.0
2229 silly placeDep ROOT @types/json5@0.0.29 OK for: tsconfig-paths@3.15.0 want: ^0.0.29
2230 silly placeDep node_modules/tsconfig-paths json5@1.0.2 OK for: tsconfig-paths@3.15.0 want: ^1.0.2
2231 silly placeDep ROOT minimist@1.2.8 OK for: tsconfig-paths@3.15.0 want: ^1.2.6
2232 silly placeDep ROOT strip-bom@3.0.0 OK for: tsconfig-paths@3.15.0 want: ^3.0.0
2233 silly fetch manifest minimist@^1.2.0
2234 silly packumentCache full:https://registry.npmjs.org/minimist cache-miss
2235 http cache https://registry.npmjs.org/minimist 4ms (cache hit)
2236 silly packumentCache full:https://registry.npmjs.org/minimist set size:77082 disposed:false
2237 silly placeDep ROOT for-each@0.3.5 OK for: typed-array-byte-length@1.0.3 want: ^0.3.3
2238 silly placeDep ROOT reflect.getprototypeof@1.0.10 OK for: typed-array-byte-offset@1.0.4 want: ^1.0.9
2239 silly fetch manifest which-builtin-type@^1.2.1
2240 silly packumentCache full:https://registry.npmjs.org/which-builtin-type cache-miss
2241 http fetch GET 200 https://registry.npmjs.org/which-builtin-type 35ms (cache miss)
2242 silly packumentCache full:https://registry.npmjs.org/which-builtin-type set size:undefined disposed:false
2243 silly placeDep ROOT which-builtin-type@1.2.1 OK for: reflect.getprototypeof@1.0.10 want: ^1.2.1
2244 silly fetch manifest is-async-function@^2.0.0
2245 silly packumentCache full:https://registry.npmjs.org/is-async-function cache-miss
2246 silly fetch manifest is-finalizationregistry@^1.1.0
2247 silly packumentCache full:https://registry.npmjs.org/is-finalizationregistry cache-miss
2248 silly fetch manifest is-generator-function@^1.0.10
2249 silly packumentCache full:https://registry.npmjs.org/is-generator-function cache-miss
2250 silly fetch manifest which-boxed-primitive@^1.1.0
2251 silly packumentCache full:https://registry.npmjs.org/which-boxed-primitive cache-miss
2252 silly fetch manifest which-collection@^1.0.2
2253 silly packumentCache full:https://registry.npmjs.org/which-collection cache-miss
2254 http cache https://registry.npmjs.org/which-boxed-primitive 3ms (cache hit)
2255 silly packumentCache full:https://registry.npmjs.org/which-boxed-primitive set size:19407 disposed:false
2256 http fetch GET 200 https://registry.npmjs.org/is-generator-function 62ms (cache miss)
2257 silly packumentCache full:https://registry.npmjs.org/is-generator-function set size:undefined disposed:false
2258 http fetch GET 200 https://registry.npmjs.org/which-collection 65ms (cache miss)
2259 silly packumentCache full:https://registry.npmjs.org/which-collection set size:undefined disposed:false
2260 http fetch GET 200 https://registry.npmjs.org/is-finalizationregistry 65ms (cache miss)
2261 silly packumentCache full:https://registry.npmjs.org/is-finalizationregistry set size:undefined disposed:false
2262 http fetch GET 200 https://registry.npmjs.org/is-async-function 95ms (cache miss)
2263 silly packumentCache full:https://registry.npmjs.org/is-async-function set size:undefined disposed:false
2264 silly fetch manifest eslint@^8.57.0 || ^9.0.0
2265 silly packumentCache full:https://registry.npmjs.org/eslint cache-miss
2266 http cache https://registry.npmjs.org/eslint 4ms (cache hit)
2267 silly packumentCache full:https://registry.npmjs.org/eslint set size:1900943 disposed:false
2268 silly fetch manifest typescript@>=4.8.4 <6.0.0
2269 silly packumentCache full:https://registry.npmjs.org/typescript cache-miss
2270 http cache https://registry.npmjs.org/typescript 19ms (cache hit)
2271 silly packumentCache full:https://registry.npmjs.org/typescript set size:15076978 disposed:false
2272 silly placeDep ROOT @typescript-eslint/eslint-plugin@8.51.0 OK for: typescript-eslint@8.51.0 want: 8.51.0
2273 silly placeDep ROOT @typescript-eslint/parser@8.51.0 OK for: @typescript-eslint/eslint-plugin@8.51.0 want: ^8.51.0
2274 silly placeDep ROOT @typescript-eslint/typescript-estree@8.51.0 OK for: typescript-eslint@8.51.0 want: 8.51.0
2275 silly placeDep ROOT @typescript-eslint/utils@8.51.0 OK for: typescript-eslint@8.51.0 want: 8.51.0
2276 silly fetch manifest ignore@^7.0.0
2277 silly packumentCache full:https://registry.npmjs.org/ignore cache-miss
2278 silly fetch manifest ts-api-utils@^2.2.0
2279 silly packumentCache full:https://registry.npmjs.org/ts-api-utils cache-miss
2280 silly fetch manifest @typescript-eslint/type-utils@8.51.0
2281 silly packumentCache full:https://registry.npmjs.org/@typescript-eslint%2ftype-utils cache-miss
2282 silly fetch manifest @typescript-eslint/visitor-keys@8.51.0
2283 silly packumentCache full:https://registry.npmjs.org/@typescript-eslint%2fvisitor-keys cache-miss
2284 silly fetch manifest @typescript-eslint/scope-manager@8.51.0
2285 silly packumentCache full:https://registry.npmjs.org/@typescript-eslint%2fscope-manager cache-miss
2286 silly fetch manifest @typescript-eslint/types@8.51.0
2287 silly packumentCache full:https://registry.npmjs.org/@typescript-eslint%2ftypes cache-miss
2288 silly fetch manifest @typescript-eslint/visitor-keys@8.51.0
2289 silly packumentCache full:https://registry.npmjs.org/@typescript-eslint%2fvisitor-keys cache-miss
2290 silly fetch manifest @typescript-eslint/scope-manager@8.51.0
2291 silly packumentCache full:https://registry.npmjs.org/@typescript-eslint%2fscope-manager cache-miss
2292 silly fetch manifest semver@^7.6.0
2293 silly packumentCache full:https://registry.npmjs.org/semver cache-hit
2294 silly fetch manifest minimatch@^9.0.4
2295 silly packumentCache full:https://registry.npmjs.org/minimatch cache-miss
2296 silly fetch manifest ts-api-utils@^2.2.0
2297 silly packumentCache full:https://registry.npmjs.org/ts-api-utils cache-miss
2298 http cache https://registry.npmjs.org/ignore 4ms (cache hit)
2299 silly packumentCache full:https://registry.npmjs.org/ignore set size:237380 disposed:false
2300 silly fetch manifest @typescript-eslint/types@8.51.0
2301 silly packumentCache full:https://registry.npmjs.org/@typescript-eslint%2ftypes cache-miss
2302 http cache https://registry.npmjs.org/minimatch 5ms (cache hit)
2303 silly packumentCache full:https://registry.npmjs.org/minimatch set size:303959 disposed:false
2304 silly fetch manifest @typescript-eslint/visitor-keys@8.51.0
2305 silly packumentCache full:https://registry.npmjs.org/@typescript-eslint%2fvisitor-keys cache-miss
2306 http fetch GET 200 https://registry.npmjs.org/ts-api-utils 40ms (cache miss)
2307 silly packumentCache full:https://registry.npmjs.org/ts-api-utils set size:undefined disposed:false
2308 silly fetch manifest @typescript-eslint/tsconfig-utils@8.51.0
2309 silly packumentCache full:https://registry.npmjs.org/@typescript-eslint%2ftsconfig-utils cache-miss
2310 http fetch GET 200 https://registry.npmjs.org/ts-api-utils 47ms (cache miss)
2311 silly packumentCache full:https://registry.npmjs.org/ts-api-utils set size:undefined disposed:false
2312 silly fetch manifest @typescript-eslint/project-service@8.51.0
2313 silly packumentCache full:https://registry.npmjs.org/@typescript-eslint%2fproject-service cache-miss
2314 http fetch GET 200 https://registry.npmjs.org/@typescript-eslint%2ftsconfig-utils 209ms (cache miss)
2315 silly packumentCache full:https://registry.npmjs.org/@typescript-eslint%2ftsconfig-utils set size:undefined disposed:false
2316 silly fetch manifest @typescript-eslint/types@8.51.0
2317 silly packumentCache full:https://registry.npmjs.org/@typescript-eslint%2ftypes cache-miss
2318 http fetch GET 200 https://registry.npmjs.org/@typescript-eslint%2fproject-service 267ms (cache miss)
2319 silly packumentCache full:https://registry.npmjs.org/@typescript-eslint%2fproject-service set size:undefined disposed:false
2320 silly fetch manifest @typescript-eslint/scope-manager@8.51.0
2321 silly packumentCache full:https://registry.npmjs.org/@typescript-eslint%2fscope-manager cache-miss
2322 http fetch GET 200 https://registry.npmjs.org/@typescript-eslint%2ftype-utils 465ms (cache miss)
2323 silly packumentCache full:https://registry.npmjs.org/@typescript-eslint%2ftype-utils set size:undefined disposed:false
2324 http fetch GET 200 https://registry.npmjs.org/@typescript-eslint%2fscope-manager 534ms (cache miss)
2325 silly packumentCache full:https://registry.npmjs.org/@typescript-eslint%2fscope-manager set size:undefined disposed:false
2326 http fetch GET 200 https://registry.npmjs.org/@typescript-eslint%2fvisitor-keys 587ms (cache miss)
2327 silly packumentCache full:https://registry.npmjs.org/@typescript-eslint%2fvisitor-keys set size:undefined disposed:false
2328 http fetch GET 200 https://registry.npmjs.org/@typescript-eslint%2ftypes 655ms (cache miss)
2329 silly packumentCache full:https://registry.npmjs.org/@typescript-eslint%2ftypes set size:undefined disposed:false
2330 http fetch GET 200 https://registry.npmjs.org/@typescript-eslint%2fvisitor-keys 696ms (cache miss)
2331 silly packumentCache full:https://registry.npmjs.org/@typescript-eslint%2fvisitor-keys set size:undefined disposed:false
2332 http fetch GET 200 https://registry.npmjs.org/@typescript-eslint%2fscope-manager 747ms (cache miss)
2333 silly packumentCache full:https://registry.npmjs.org/@typescript-eslint%2fscope-manager set size:undefined disposed:false
2334 http fetch GET 200 https://registry.npmjs.org/@typescript-eslint%2ftypes 563ms (cache miss)
2335 silly packumentCache full:https://registry.npmjs.org/@typescript-eslint%2ftypes set size:undefined disposed:false
2336 http fetch GET 200 https://registry.npmjs.org/@typescript-eslint%2fvisitor-keys 852ms (cache miss)
2337 silly packumentCache full:https://registry.npmjs.org/@typescript-eslint%2fvisitor-keys set size:undefined disposed:false
2338 http fetch GET 200 https://registry.npmjs.org/@typescript-eslint%2fscope-manager 565ms (cache miss)
2339 silly packumentCache full:https://registry.npmjs.org/@typescript-eslint%2fscope-manager set size:undefined disposed:false
2340 http fetch GET 200 https://registry.npmjs.org/@typescript-eslint%2ftypes 982ms (cache miss)
2341 silly packumentCache full:https://registry.npmjs.org/@typescript-eslint%2ftypes set size:undefined disposed:false
2342 silly placeDep ROOT @typescript-eslint/scope-manager@8.51.0 OK for: @typescript-eslint/eslint-plugin@8.51.0 want: 8.51.0
2343 silly placeDep ROOT @typescript-eslint/type-utils@8.51.0 OK for: @typescript-eslint/eslint-plugin@8.51.0 want: 8.51.0
2344 silly placeDep ROOT @typescript-eslint/visitor-keys@8.51.0 OK for: @typescript-eslint/eslint-plugin@8.51.0 want: 8.51.0
2345 silly placeDep node_modules/@typescript-eslint/eslint-plugin ignore@7.0.5 OK for: @typescript-eslint/eslint-plugin@8.51.0 want: ^7.0.0
2346 silly placeDep ROOT ts-api-utils@2.3.0 OK for: @typescript-eslint/eslint-plugin@8.51.0 want: ^2.2.0
2347 silly placeDep ROOT @typescript-eslint/types@8.51.0 OK for: @typescript-eslint/parser@8.51.0 want: 8.51.0
2348 silly placeDep ROOT @typescript-eslint/project-service@8.51.0 OK for: @typescript-eslint/typescript-estree@8.51.0 want: 8.51.0
2349 silly placeDep ROOT @typescript-eslint/tsconfig-utils@8.51.0 OK for: @typescript-eslint/typescript-estree@8.51.0 want: 8.51.0
2350 silly placeDep node_modules/@typescript-eslint/typescript-estree minimatch@9.0.5 OK for: @typescript-eslint/typescript-estree@8.51.0 want: ^9.0.4
2351 silly placeDep node_modules/@typescript-eslint/typescript-estree semver@7.7.3 OK for: @typescript-eslint/typescript-estree@8.51.0 want: ^7.6.0
2352 silly fetch manifest @typescript-eslint/tsconfig-utils@^8.51.0
2353 silly packumentCache full:https://registry.npmjs.org/@typescript-eslint%2ftsconfig-utils cache-miss
2354 silly fetch manifest brace-expansion@^2.0.1
2355 silly packumentCache full:https://registry.npmjs.org/brace-expansion cache-miss
2356 http cache https://registry.npmjs.org/@typescript-eslint%2ftsconfig-utils 3ms (cache hit)
2357 silly packumentCache full:https://registry.npmjs.org/@typescript-eslint%2ftsconfig-utils set size:733951 disposed:false
2358 http cache https://registry.npmjs.org/brace-expansion 5ms (cache hit)
2359 silly packumentCache full:https://registry.npmjs.org/brace-expansion set size:46250 disposed:false
2360 silly placeDep ROOT has-bigints@1.1.0 OK for: unbox-primitive@1.1.0 want: ^1.0.2
2361 silly placeDep ROOT which-boxed-primitive@1.1.1 OK for: unbox-primitive@1.1.0 want: ^1.1.1
2362 silly fetch manifest is-bigint@^1.1.0
2363 silly packumentCache full:https://registry.npmjs.org/is-bigint cache-miss
2364 silly fetch manifest is-boolean-object@^1.2.1
2365 silly packumentCache full:https://registry.npmjs.org/is-boolean-object cache-miss
2366 silly fetch manifest is-number-object@^1.1.1
2367 silly packumentCache full:https://registry.npmjs.org/is-number-object cache-miss
2368 http fetch GET 200 https://registry.npmjs.org/is-bigint 34ms (cache miss)
2369 silly packumentCache full:https://registry.npmjs.org/is-bigint set size:undefined disposed:false
2370 http fetch GET 200 https://registry.npmjs.org/is-boolean-object 42ms (cache miss)
2371 silly packumentCache full:https://registry.npmjs.org/is-boolean-object set size:undefined disposed:false
2372 http fetch GET 200 https://registry.npmjs.org/is-number-object 47ms (cache miss)
2373 silly packumentCache full:https://registry.npmjs.org/is-number-object set size:undefined disposed:false
2374 silly placeDep ROOT @unrs/resolver-binding-android-arm-eabi@1.11.1 OK for: unrs-resolver@1.11.1 want: 1.11.1
2375 silly placeDep ROOT @unrs/resolver-binding-android-arm64@1.11.1 OK for: unrs-resolver@1.11.1 want: 1.11.1
2376 silly placeDep ROOT @unrs/resolver-binding-darwin-arm64@1.11.1 OK for: unrs-resolver@1.11.1 want: 1.11.1
2377 silly placeDep ROOT @unrs/resolver-binding-darwin-x64@1.11.1 OK for: unrs-resolver@1.11.1 want: 1.11.1
2378 silly placeDep ROOT @unrs/resolver-binding-freebsd-x64@1.11.1 OK for: unrs-resolver@1.11.1 want: 1.11.1
2379 silly placeDep ROOT @unrs/resolver-binding-linux-arm-gnueabihf@1.11.1 OK for: unrs-resolver@1.11.1 want: 1.11.1
2380 silly placeDep ROOT @unrs/resolver-binding-linux-arm-musleabihf@1.11.1 OK for: unrs-resolver@1.11.1 want: 1.11.1
2381 silly placeDep ROOT @unrs/resolver-binding-linux-arm64-gnu@1.11.1 OK for: unrs-resolver@1.11.1 want: 1.11.1
2382 silly placeDep ROOT @unrs/resolver-binding-linux-arm64-musl@1.11.1 OK for: unrs-resolver@1.11.1 want: 1.11.1
2383 silly placeDep ROOT @unrs/resolver-binding-linux-ppc64-gnu@1.11.1 OK for: unrs-resolver@1.11.1 want: 1.11.1
2384 silly placeDep ROOT @unrs/resolver-binding-linux-riscv64-gnu@1.11.1 OK for: unrs-resolver@1.11.1 want: 1.11.1
2385 silly placeDep ROOT @unrs/resolver-binding-linux-riscv64-musl@1.11.1 OK for: unrs-resolver@1.11.1 want: 1.11.1
2386 silly placeDep ROOT @unrs/resolver-binding-linux-s390x-gnu@1.11.1 OK for: unrs-resolver@1.11.1 want: 1.11.1
2387 silly placeDep ROOT @unrs/resolver-binding-linux-x64-gnu@1.11.1 OK for: unrs-resolver@1.11.1 want: 1.11.1
2388 silly placeDep ROOT @unrs/resolver-binding-linux-x64-musl@1.11.1 OK for: unrs-resolver@1.11.1 want: 1.11.1
2389 silly placeDep ROOT @unrs/resolver-binding-wasm32-wasi@1.11.1 OK for: unrs-resolver@1.11.1 want: 1.11.1
2390 silly placeDep ROOT @unrs/resolver-binding-win32-arm64-msvc@1.11.1 OK for: unrs-resolver@1.11.1 want: 1.11.1
2391 silly placeDep ROOT @unrs/resolver-binding-win32-ia32-msvc@1.11.1 OK for: unrs-resolver@1.11.1 want: 1.11.1
2392 silly placeDep ROOT @unrs/resolver-binding-win32-x64-msvc@1.11.1 OK for: unrs-resolver@1.11.1 want: 1.11.1
2393 silly placeDep ROOT napi-postinstall@0.3.4 OK for: unrs-resolver@1.11.1 want: ^0.3.0
2394 silly fetch manifest @napi-rs/wasm-runtime@^0.2.11
2395 silly packumentCache full:https://registry.npmjs.org/@napi-rs%2fwasm-runtime cache-miss
2396 http fetch GET 200 https://registry.npmjs.org/@napi-rs%2fwasm-runtime 80ms (cache miss)
2397 silly packumentCache full:https://registry.npmjs.org/@napi-rs%2fwasm-runtime set size:undefined disposed:false
2398 silly placeDep ROOT @napi-rs/wasm-runtime@0.2.12 OK for: @unrs/resolver-binding-wasm32-wasi@1.11.1 want: ^0.2.11
2399 silly fetch manifest @emnapi/core@^1.4.3
2400 silly packumentCache full:https://registry.npmjs.org/@emnapi%2fcore cache-miss
2401 silly fetch manifest @tybys/wasm-util@^0.10.0
2402 silly packumentCache full:https://registry.npmjs.org/@tybys%2fwasm-util cache-miss
2403 http fetch GET 200 https://registry.npmjs.org/@emnapi%2fcore 79ms (cache miss)
2404 silly packumentCache full:https://registry.npmjs.org/@emnapi%2fcore set size:undefined disposed:false
2405 http fetch GET 200 https://registry.npmjs.org/@tybys%2fwasm-util 98ms (cache miss)
2406 silly packumentCache full:https://registry.npmjs.org/@tybys%2fwasm-util set size:undefined disposed:false
2407 silly placeDep ROOT @emnapi/core@1.7.1 OK for: @napi-rs/wasm-runtime@0.2.12 want: ^1.4.3
2408 silly placeDep ROOT @tybys/wasm-util@0.10.1 OK for: @napi-rs/wasm-runtime@0.2.12 want: ^0.10.0
2409 silly fetch manifest @emnapi/wasi-threads@1.1.0
2410 silly packumentCache full:https://registry.npmjs.org/@emnapi%2fwasi-threads cache-miss
2411 http fetch GET 200 https://registry.npmjs.org/@emnapi%2fwasi-threads 59ms (cache miss)
2412 silly packumentCache full:https://registry.npmjs.org/@emnapi%2fwasi-threads set size:undefined disposed:false
2413 silly placeDep ROOT @emnapi/wasi-threads@1.1.0 OK for: @emnapi/core@1.7.1 want: 1.1.0
2414 silly placeDep ROOT escalade@3.2.0 OK for: update-browserslist-db@1.2.3 want: ^3.2.0
2415 silly placeDep ROOT punycode@2.3.1 OK for: uri-js@4.4.1 want: ^2.1.0
2416 silly placeDep ROOT isexe@2.0.0 OK for: which@2.0.2 want: ^2.0.0
2417 silly placeDep ROOT is-bigint@1.1.0 OK for: which-boxed-primitive@1.1.1 want: ^1.1.0
2418 silly placeDep ROOT is-boolean-object@1.2.2 OK for: which-boxed-primitive@1.1.1 want: ^1.2.1
2419 silly placeDep ROOT is-number-object@1.1.1 OK for: which-boxed-primitive@1.1.1 want: ^1.1.1
2420 silly placeDep ROOT is-async-function@2.1.1 OK for: which-builtin-type@1.2.1 want: ^2.0.0
2421 silly placeDep ROOT is-finalizationregistry@1.1.1 OK for: which-builtin-type@1.2.1 want: ^1.1.0
2422 silly placeDep ROOT is-generator-function@1.1.2 OK for: which-builtin-type@1.2.1 want: ^1.0.10
2423 silly placeDep ROOT which-collection@1.0.2 OK for: which-builtin-type@1.2.1 want: ^1.0.2
2424 silly fetch manifest async-function@^1.0.0
2425 silly packumentCache full:https://registry.npmjs.org/async-function cache-miss
2426 silly fetch manifest generator-function@^2.0.0
2427 silly packumentCache full:https://registry.npmjs.org/generator-function cache-miss
2428 silly fetch manifest is-map@^2.0.3
2429 silly packumentCache full:https://registry.npmjs.org/is-map cache-miss
2430 silly fetch manifest is-weakmap@^2.0.2
2431 silly packumentCache full:https://registry.npmjs.org/is-weakmap cache-miss
2432 silly fetch manifest is-weakset@^2.0.3
2433 silly packumentCache full:https://registry.npmjs.org/is-weakset cache-miss
2434 http fetch GET 200 https://registry.npmjs.org/async-function 42ms (cache miss)
2435 silly packumentCache full:https://registry.npmjs.org/async-function set size:undefined disposed:false
2436 http fetch GET 200 https://registry.npmjs.org/is-weakmap 43ms (cache miss)
2437 silly packumentCache full:https://registry.npmjs.org/is-weakmap set size:undefined disposed:false
2438 http fetch GET 200 https://registry.npmjs.org/is-map 46ms (cache miss)
2439 silly packumentCache full:https://registry.npmjs.org/is-map set size:undefined disposed:false
2440 http fetch GET 200 https://registry.npmjs.org/generator-function 46ms (cache miss)
2441 silly packumentCache full:https://registry.npmjs.org/generator-function set size:undefined disposed:false
2442 http fetch GET 200 https://registry.npmjs.org/is-weakset 74ms (cache miss)
2443 silly packumentCache full:https://registry.npmjs.org/is-weakset set size:undefined disposed:false
2444 silly placeDep ROOT async-function@1.0.0 OK for: is-async-function@2.1.1 want: ^1.0.0
2445 silly placeDep ROOT generator-function@2.0.1 OK for: is-generator-function@1.1.2 want: ^2.0.0
2446 silly placeDep ROOT is-map@2.0.3 OK for: which-collection@1.0.2 want: ^2.0.3
2447 silly placeDep ROOT is-weakmap@2.0.2 OK for: which-collection@1.0.2 want: ^2.0.2
2448 silly placeDep ROOT is-weakset@2.0.4 OK for: which-collection@1.0.2 want: ^2.0.3
2449 silly placeDep node_modules/@typescript-eslint/typescript-estree brace-expansion@2.0.2 OK for: minimatch@9.0.5 want: ^2.0.1
2450 silly reify moves {}
2451 verbose reify failed optional dependency /Users/scott/repos/guitar/apps/web/node_modules/@tailwindcss/oxide-wasm32-wasi
2452 silly reify mark deleted [
2452 silly reify   '/Users/scott/repos/guitar/apps/web/node_modules/@tailwindcss/oxide-wasm32-wasi'
2452 silly reify ]
2453 silly audit bulk request {
2453 silly audit   '@tailwindcss/postcss': [ '4.1.18' ],
2453 silly audit   '@types/node': [ '20.19.27' ],
2453 silly audit   '@types/react': [ '19.2.7' ],
2453 silly audit   '@types/react-dom': [ '19.2.3' ],
2453 silly audit   eslint: [ '9.39.2' ],
2453 silly audit   'eslint-config-next': [ '16.1.1' ],
2453 silly audit   next: [ '16.1.1' ],
2453 silly audit   react: [ '19.2.3' ],
2453 silly audit   'react-dom': [ '19.2.3' ],
2453 silly audit   tailwindcss: [ '4.1.18' ],
2453 silly audit   typescript: [ '5.9.3' ],
2453 silly audit   '@alloc/quick-lru': [ '5.2.0' ],
2453 silly audit   '@tailwindcss/node': [ '4.1.18' ],
2453 silly audit   '@tailwindcss/oxide': [ '4.1.18' ],
2453 silly audit   postcss: [ '8.5.6', '8.4.31' ],
2453 silly audit   '@jridgewell/remapping': [ '2.3.5' ],
2453 silly audit   'enhanced-resolve': [ '5.18.4' ],
2453 silly audit   jiti: [ '2.6.1' ],
2453 silly audit   lightningcss: [ '1.30.2' ],
2453 silly audit   'magic-string': [ '0.30.21' ],
2453 silly audit   'source-map-js': [ '1.2.1' ],
2453 silly audit   '@jridgewell/gen-mapping': [ '0.3.13' ],
2453 silly audit   '@jridgewell/trace-mapping': [ '0.3.31' ],
2453 silly audit   '@jridgewell/sourcemap-codec': [ '1.5.5' ],
2453 silly audit   '@jridgewell/resolve-uri': [ '3.1.2' ],
2453 silly audit   '@tailwindcss/oxide-android-arm64': [ '4.1.18' ],
2453 silly audit   '@tailwindcss/oxide-darwin-arm64': [ '4.1.18' ],
2453 silly audit   '@tailwindcss/oxide-darwin-x64': [ '4.1.18' ],
2453 silly audit   '@tailwindcss/oxide-freebsd-x64': [ '4.1.18' ],
2453 silly audit   '@tailwindcss/oxide-linux-arm-gnueabihf': [ '4.1.18' ],
2453 silly audit   '@tailwindcss/oxide-linux-arm64-gnu': [ '4.1.18' ],
2453 silly audit   '@tailwindcss/oxide-linux-arm64-musl': [ '4.1.18' ],
2453 silly audit   '@tailwindcss/oxide-linux-x64-gnu': [ '4.1.18' ],
2453 silly audit   '@tailwindcss/oxide-linux-x64-musl': [ '4.1.18' ],
2453 silly audit   '@tailwindcss/oxide-win32-arm64-msvc': [ '4.1.18' ],
2453 silly audit   '@tailwindcss/oxide-win32-x64-msvc': [ '4.1.18' ],
2453 silly audit   'undici-types': [ '6.21.0' ],
2453 silly audit   csstype: [ '3.2.3' ],
2453 silly audit   'graceful-fs': [ '4.2.11' ],
2453 silly audit   tapable: [ '2.3.0' ],
2453 silly audit   '@eslint-community/eslint-utils': [ '4.9.1' ],
2453 silly audit   '@eslint-community/regexpp': [ '4.12.2' ],
2453 silly audit   '@eslint/config-array': [ '0.21.1' ],
2453 silly audit   '@eslint/config-helpers': [ '0.4.2' ],
2453 silly audit   '@eslint/core': [ '0.17.0' ],
2453 silly audit   '@eslint/eslintrc': [ '3.3.3' ],
2453 silly audit   '@eslint/js': [ '9.39.2' ],
2453 silly audit   '@eslint/plugin-kit': [ '0.4.1' ],
2453 silly audit   '@humanfs/node': [ '0.16.7' ],
2453 silly audit   '@humanwhocodes/module-importer': [ '1.0.1' ],
2453 silly audit   '@humanwhocodes/retry': [ '0.4.3' ],
2453 silly audit   '@types/estree': [ '1.0.8' ],
2453 silly audit   ajv: [ '6.12.6' ],
2453 silly audit   chalk: [ '4.1.2' ],
2453 silly audit   'cross-spawn': [ '7.0.6' ],
2453 silly audit   debug: [ '4.4.3', '3.2.7' ],
2453 silly audit   'escape-string-regexp': [ '4.0.0' ],
2453 silly audit   'eslint-scope': [ '8.4.0' ],
2453 silly audit   'eslint-visitor-keys': [ '4.2.1', '3.4.3' ],
2453 silly audit   espree: [ '10.4.0' ],
2453 silly audit   esquery: [ '1.7.0' ],
2453 silly audit   esutils: [ '2.0.3' ],
2453 silly audit   'fast-deep-equal': [ '3.1.3' ],
2453 silly audit   'file-entry-cache': [ '8.0.0' ],
2453 silly audit   'find-up': [ '5.0.0' ],
2453 silly audit   'glob-parent': [ '6.0.2', '5.1.2' ],
2453 silly audit   ignore: [ '5.3.2', '7.0.5' ],
2453 silly audit   imurmurhash: [ '0.1.4' ],
2453 silly audit   'is-glob': [ '4.0.3' ],
2453 silly audit   'json-stable-stringify-without-jsonify': [ '1.0.1' ],
2453 silly audit   'lodash.merge': [ '4.6.2' ],
2453 silly audit   minimatch: [ '3.1.2', '9.0.5' ],
2453 silly audit   'natural-compare': [ '1.4.0' ],
2453 silly audit   optionator: [ '0.9.4' ],
2453 silly audit   '@eslint/object-schema': [ '2.1.7' ],
2453 silly audit   '@types/json-schema': [ '7.0.15' ],
2453 silly audit   globals: [ '14.0.0', '16.4.0' ],
2453 silly audit   'import-fresh': [ '3.3.1' ],
2453 silly audit   'js-yaml': [ '4.1.1' ],
2453 silly audit   'strip-json-comments': [ '3.1.1' ],
2453 silly audit   levn: [ '0.4.1' ],
2453 silly audit   '@humanfs/core': [ '0.19.1' ],
2453 silly audit   'fast-json-stable-stringify': [ '2.1.0' ],
2453 silly audit   'json-schema-traverse': [ '0.4.1' ],
2453 silly audit   'uri-js': [ '4.4.1' ],
2453 silly audit   'ansi-styles': [ '4.3.0' ],
2453 silly audit   'supports-color': [ '7.2.0' ],
2453 silly audit   'color-convert': [ '2.0.1' ],
2453 silly audit   'color-name': [ '1.1.4' ],
2453 silly audit   'path-key': [ '3.1.1' ],
2453 silly audit   'shebang-command': [ '2.0.0' ],
2453 silly audit   which: [ '2.0.2' ],
2453 silly audit   ms: [ '2.1.3' ],
2453 silly audit   '@next/eslint-plugin-next': [ '16.1.1' ],
2453 silly audit   'eslint-import-resolver-node': [ '0.3.9' ],
2453 silly audit   'eslint-import-resolver-typescript': [ '3.10.1' ],
2453 silly audit   'eslint-plugin-import': [ '2.32.0' ],
2453 silly audit   'eslint-plugin-jsx-a11y': [ '6.10.2' ],
2453 silly audit   'eslint-plugin-react': [ '7.37.5' ],
2453 silly audit   'eslint-plugin-react-hooks': [ '7.0.1' ],
2453 silly audit   'typescript-eslint': [ '8.51.0' ],
2453 silly audit   'fast-glob': [ '3.3.1' ],
2453 silly audit   'is-core-module': [ '2.16.1' ],
2453 silly audit   resolve: [ '1.22.11', '2.0.0-next.5' ],
2453 silly audit   '@nolyfill/is-core-module': [ '1.0.39' ],
2453 silly audit   'get-tsconfig': [ '4.13.0' ],
2453 silly audit   'is-bun-module': [ '2.0.0' ],
2453 silly audit   'stable-hash': [ '0.0.5' ],
2453 silly audit   tinyglobby: [ '0.2.15' ],
2453 silly audit   'unrs-resolver': [ '1.11.1' ],
2453 silly audit   '@rtsao/scc': [ '1.1.0' ],
2453 silly audit   'array-includes': [ '3.1.9' ],
2453 silly audit   'array.prototype.findlastindex': [ '1.2.6' ],
2453 silly audit   'array.prototype.flat': [ '1.3.3' ],
2453 silly audit   'array.prototype.flatmap': [ '1.3.3' ],
2453 silly audit   doctrine: [ '2.1.0' ],
2453 silly audit   'eslint-module-utils': [ '2.12.1' ],
2453 silly audit   hasown: [ '2.0.2' ],
2453 silly audit   'object.fromentries': [ '2.0.8' ],
2453 silly audit   'object.groupby': [ '1.0.3' ],
2453 silly audit   'object.values': [ '1.2.1' ],
2453 silly audit   semver: [ '6.3.1', '7.7.3' ],
2453 silly audit   'string.prototype.trimend': [ '1.0.9' ],
2453 silly audit   'tsconfig-paths': [ '3.15.0' ],
2453 silly audit   'call-bind': [ '1.0.8' ],
2453 silly audit   'call-bound': [ '1.0.4' ],
2453 silly audit   'define-properties': [ '1.2.1' ],
2453 silly audit   'es-abstract': [ '1.24.1' ],
2453 silly audit   'es-object-atoms': [ '1.1.1' ],
2453 silly audit   'get-intrinsic': [ '1.3.0' ],
2453 silly audit   'is-string': [ '1.1.1' ],
2453 silly audit   'math-intrinsics': [ '1.1.0' ],
2453 silly audit   'es-errors': [ '1.3.0' ],
2453 silly audit   'es-shim-unscopables': [ '1.1.0' ],
2453 silly audit   'call-bind-apply-helpers': [ '1.0.2' ],
2453 silly audit   'es-define-property': [ '1.0.1' ],
2453 silly audit   'set-function-length': [ '1.2.2' ],
2453 silly audit   'function-bind': [ '1.1.2' ],
2453 silly audit   'define-data-property': [ '1.1.4' ],
2453 silly audit   'has-property-descriptors': [ '1.0.2' ],
2453 silly audit   'object-keys': [ '1.1.1' ],
2453 silly audit   gopd: [ '1.2.0' ],
2453 silly audit   'array-buffer-byte-length': [ '1.0.2' ],
2453 silly audit   'arraybuffer.prototype.slice': [ '1.0.4' ],
2453 silly audit   'available-typed-arrays': [ '1.0.7' ],
2453 silly audit   'data-view-buffer': [ '1.0.2' ],
2453 silly audit   'data-view-byte-length': [ '1.0.2' ],
2453 silly audit   'data-view-byte-offset': [ '1.0.1' ],
2453 silly audit   'es-set-tostringtag': [ '2.1.0' ],
2453 silly audit   'es-to-primitive': [ '1.3.0' ],
2453 silly audit   'function.prototype.name': [ '1.1.8' ],
2453 silly audit   'get-proto': [ '1.0.1' ],
2453 silly audit   'get-symbol-description': [ '1.1.0' ],
2453 silly audit   globalthis: [ '1.0.4' ],
2453 silly audit   'has-proto': [ '1.2.0' ],
2453 silly audit   'has-symbols': [ '1.1.0' ],
2453 silly audit   'internal-slot': [ '1.1.0' ],
2453 silly audit   'is-array-buffer': [ '3.0.5' ],
2453 silly audit   'is-callable': [ '1.2.7' ],
2453 silly audit   'is-data-view': [ '1.0.2' ],
2453 silly audit   'is-negative-zero': [ '2.0.3' ],
2453 silly audit   'is-regex': [ '1.2.1' ],
2453 silly audit   'is-set': [ '2.0.3' ],
2453 silly audit   'is-shared-array-buffer': [ '1.0.4' ],
2453 silly audit   'is-typed-array': [ '1.1.15' ],
2453 silly audit   'is-weakref': [ '1.1.1' ],
2453 silly audit   'object-inspect': [ '1.13.4' ],
2453 silly audit   'object.assign': [ '4.1.7' ],
2453 silly audit   'own-keys': [ '1.0.1' ],
2453 silly audit   'regexp.prototype.flags': [ '1.5.4' ],
2453 silly audit   'safe-array-concat': [ '1.1.3' ],
2453 silly audit   'safe-push-apply': [ '1.0.0' ],
2453 silly audit   'safe-regex-test': [ '1.1.0' ],
2453 silly audit   'set-proto': [ '1.0.0' ],
2453 silly audit   'stop-iteration-iterator': [ '1.1.0' ],
2453 silly audit   'string.prototype.trim': [ '1.2.10' ],
2453 silly audit   'string.prototype.trimstart': [ '1.0.8' ],
2453 silly audit   'typed-array-buffer': [ '1.0.3' ],
2453 silly audit   'typed-array-byte-length': [ '1.0.3' ],
2453 silly audit   'typed-array-byte-offset': [ '1.0.4' ],
2453 silly audit   'typed-array-length': [ '1.0.7' ],
2453 silly audit   'unbox-primitive': [ '1.1.0' ],
2453 silly audit   'which-typed-array': [ '1.1.19' ],
2453 silly audit   'possible-typed-array-names': [ '1.1.0' ],
2453 silly audit   'has-tostringtag': [ '1.0.2' ],
2453 silly audit   'is-date-object': [ '1.1.0' ],
2453 silly audit   'is-symbol': [ '1.1.1' ],
2453 silly audit   'aria-query': [ '5.3.2' ],
2453 silly audit   'ast-types-flow': [ '0.0.8' ],
2453 silly audit   'axe-core': [ '4.11.0' ],
2453 silly audit   'axobject-query': [ '4.1.0' ],
2453 silly audit   'damerau-levenshtein': [ '1.0.8' ],
2453 silly audit   'emoji-regex': [ '9.2.2' ],
2453 silly audit   'jsx-ast-utils': [ '3.3.5' ],
2453 silly audit   'language-tags': [ '1.0.9' ],
2453 silly audit   'string.prototype.includes': [ '2.0.1' ],
2453 silly audit   'array.prototype.findlast': [ '1.2.5' ],
2453 silly audit   'array.prototype.tosorted': [ '1.1.4' ],
2453 silly audit   'es-iterator-helpers': [ '1.2.2' ],
2453 silly audit   estraverse: [ '5.3.0' ],
2453 silly audit   'object.entries': [ '1.1.9' ],
2453 silly audit   'prop-types': [ '15.8.1' ],
2453 silly audit   'string.prototype.matchall': [ '4.0.12' ],
2453 silly audit   'string.prototype.repeat': [ '1.0.0' ],
2453 silly audit   'iterator.prototype': [ '1.1.5' ],
2453 silly audit   '@babel/core': [ '7.28.5' ],
2453 silly audit   '@babel/parser': [ '7.28.5' ],
2453 silly audit   'hermes-parser': [ '0.25.1' ],
2453 silly audit   zod: [ '4.3.4' ],
2453 silly audit   'zod-validation-error': [ '4.0.2' ],
2453 silly audit   '@babel/code-frame': [ '7.27.1' ],
2453 silly audit   '@babel/generator': [ '7.28.5' ],
2453 silly audit   '@babel/helper-compilation-targets': [ '7.27.2' ],
2453 silly audit   '@babel/helper-module-transforms': [ '7.28.3' ],
2453 silly audit   '@babel/helpers': [ '7.28.4' ],
2453 silly audit   '@babel/template': [ '7.27.2' ],
2453 silly audit   '@babel/traverse': [ '7.28.5' ],
2453 silly audit   '@babel/types': [ '7.28.5' ],
2453 silly audit   'convert-source-map': [ '2.0.0' ],
2453 silly audit   gensync: [ '1.0.0-beta.2' ],
2453 silly audit   json5: [ '2.2.3', '1.0.2' ],
2453 silly audit   '@babel/helper-validator-identifier': [ '7.28.5' ],
2453 silly audit   'js-tokens': [ '4.0.0' ],
2453 silly audit   picocolors: [ '1.1.1' ],
2453 silly audit   jsesc: [ '3.1.0' ],
2453 silly audit   '@babel/compat-data': [ '7.28.5' ],
2453 silly audit   '@babel/helper-validator-option': [ '7.27.1' ],
2453 silly audit   browserslist: [ '4.28.1' ],
2453 silly audit   'lru-cache': [ '5.1.1' ],
2453 silly audit   '@babel/helper-module-imports': [ '7.27.1' ],
2453 silly audit   '@babel/helper-globals': [ '7.28.0' ],
2453 silly audit   '@babel/helper-string-parser': [ '7.27.1' ],
2453 silly audit   'baseline-browser-mapping': [ '2.9.11' ],
2453 silly audit   'caniuse-lite': [ '1.0.30001762' ],
2453 silly audit   'electron-to-chromium': [ '1.5.267' ],
2453 silly audit   'node-releases': [ '2.0.27' ],
2453 silly audit   'update-browserslist-db': [ '1.2.3' ],
2453 silly audit   esrecurse: [ '4.3.0' ],
2453 silly audit   acorn: [ '8.15.0' ],
2453 silly audit   'acorn-jsx': [ '5.3.2' ],
2453 silly audit   '@nodelib/fs.stat': [ '2.0.5' ],
2453 silly audit   '@nodelib/fs.walk': [ '1.2.8' ],
2453 silly audit   merge2: [ '1.4.1' ],
2453 silly audit   micromatch: [ '4.0.8' ],
2453 silly audit   '@nodelib/fs.scandir': [ '2.1.5' ],
2453 silly audit   fastq: [ '1.20.1' ],
2453 silly audit   'run-parallel': [ '1.2.0' ],
2453 silly audit   reusify: [ '1.1.0' ],
2453 silly audit   'flat-cache': [ '4.0.1' ],
2453 silly audit   'locate-path': [ '6.0.0' ],
2453 silly audit   'path-exists': [ '4.0.0' ],
2453 silly audit   flatted: [ '3.3.3' ],
2453 silly audit   keyv: [ '4.5.4' ],
2453 silly audit   'functions-have-names': [ '1.2.3' ],
2453 silly audit   'dunder-proto': [ '1.0.1' ],
2453 silly audit   'resolve-pkg-maps': [ '1.0.0' ],
2453 silly audit   'hermes-estree': [ '0.25.1' ],
2453 silly audit   'parent-module': [ '1.0.1' ],
2453 silly audit   'resolve-from': [ '4.0.0' ],
2453 silly audit   'side-channel': [ '1.1.0' ],
2453 silly audit   'is-extglob': [ '2.1.1' ],
2453 silly audit   'set-function-name': [ '2.0.2' ],
2453 silly audit   argparse: [ '2.0.1' ],
2453 silly audit   'json-buffer': [ '3.0.1' ],
2453 silly audit   'language-subtag-registry': [ '0.3.23' ],
2453 silly audit   'prelude-ls': [ '1.2.1' ],
2453 silly audit   'type-check': [ '0.4.0' ],
2453 silly audit   'detect-libc': [ '2.1.2' ],
2453 silly audit   'lightningcss-android-arm64': [ '1.30.2' ],
2453 silly audit   'lightningcss-darwin-arm64': [ '1.30.2' ],
2453 silly audit   'lightningcss-darwin-x64': [ '1.30.2' ],
2453 silly audit   'lightningcss-freebsd-x64': [ '1.30.2' ],
2453 silly audit   'lightningcss-linux-arm-gnueabihf': [ '1.30.2' ],
2453 silly audit   'lightningcss-linux-arm64-gnu': [ '1.30.2' ],
2453 silly audit   'lightningcss-linux-arm64-musl': [ '1.30.2' ],
2453 silly audit   'lightningcss-linux-x64-gnu': [ '1.30.2' ],
2453 silly audit   'lightningcss-linux-x64-musl': [ '1.30.2' ],
2453 silly audit   'lightningcss-win32-arm64-msvc': [ '1.30.2' ],
2453 silly audit   'lightningcss-win32-x64-msvc': [ '1.30.2' ],
2453 silly audit   'p-locate': [ '5.0.0' ],
2453 silly audit   yallist: [ '3.1.1' ],
2453 silly audit   braces: [ '3.0.3' ],
2453 silly audit   picomatch: [ '2.3.1', '4.0.3' ],
2453 silly audit   'fill-range': [ '7.1.1' ],
2453 silly audit   'to-regex-range': [ '5.0.1' ],
2453 silly audit   'brace-expansion': [ '1.1.12', '2.0.2' ],
2453 silly audit   'balanced-match': [ '1.0.2' ],
2453 silly audit   'concat-map': [ '0.0.1' ],
2453 silly audit   '@next/env': [ '16.1.1' ],
2453 silly audit   '@next/swc-darwin-arm64': [ '16.1.1' ],
2453 silly audit   '@next/swc-darwin-x64': [ '16.1.1' ],
2453 silly audit   '@next/swc-linux-arm64-gnu': [ '16.1.1' ],
2453 silly audit   '@next/swc-linux-arm64-musl': [ '16.1.1' ],
2453 silly audit   '@next/swc-linux-x64-gnu': [ '16.1.1' ],
2453 silly audit   '@next/swc-linux-x64-musl': [ '16.1.1' ],
2453 silly audit   '@next/swc-win32-arm64-msvc': [ '16.1.1' ],
2453 silly audit   '@next/swc-win32-x64-msvc': [ '16.1.1' ],
2453 silly audit   '@swc/helpers': [ '0.5.15' ],
2453 silly audit   sharp: [ '0.34.5' ],
2453 silly audit   'styled-jsx': [ '5.1.6' ],
2453 silly audit   tslib: [ '2.8.1' ],
2453 silly audit   'deep-is': [ '0.1.4' ],
2453 silly audit   'fast-levenshtein': [ '2.0.6' ],
2453 silly audit   'word-wrap': [ '1.2.5' ],
2453 silly audit   'p-limit': [ '3.1.0' ],
2453 silly audit   'yocto-queue': [ '0.1.0' ],
2453 silly audit   callsites: [ '3.1.0' ],
2453 silly audit   nanoid: [ '3.3.11' ],
2453 silly audit   'loose-envify': [ '1.4.0' ],
2453 silly audit   'object-assign': [ '4.1.1' ],
2453 silly audit   'react-is': [ '16.13.1' ],
2453 silly audit   scheduler: [ '0.27.0' ],
2453 silly audit   'path-parse': [ '1.0.7' ],
2453 silly audit   'supports-preserve-symlinks-flag': [ '1.0.0' ],
2453 silly audit   'queue-microtask': [ '1.2.3' ],
2453 silly audit   isarray: [ '2.0.5' ],
2453 silly audit   '@img/colour': [ '1.0.0' ],
2453 silly audit   '@img/sharp-darwin-arm64': [ '0.34.5' ],
2453 silly audit   '@img/sharp-darwin-x64': [ '0.34.5' ],
2453 silly audit   '@img/sharp-libvips-darwin-arm64': [ '1.2.4' ],
2453 silly audit   '@img/sharp-libvips-darwin-x64': [ '1.2.4' ],
2453 silly audit   '@img/sharp-libvips-linux-arm': [ '1.2.4' ],
2453 silly audit   '@img/sharp-libvips-linux-arm64': [ '1.2.4' ],
2453 silly audit   '@img/sharp-libvips-linux-ppc64': [ '1.2.4' ],
2453 silly audit   '@img/sharp-libvips-linux-riscv64': [ '1.2.4' ],
2453 silly audit   '@img/sharp-libvips-linux-s390x': [ '1.2.4' ],
2453 silly audit   '@img/sharp-libvips-linux-x64': [ '1.2.4' ],
2453 silly audit   '@img/sharp-libvips-linuxmusl-arm64': [ '1.2.4' ],
2453 silly audit   '@img/sharp-libvips-linuxmusl-x64': [ '1.2.4' ],
2453 silly audit   '@img/sharp-linux-arm': [ '0.34.5' ],
2453 silly audit   '@img/sharp-linux-arm64': [ '0.34.5' ],
2453 silly audit   '@img/sharp-linux-ppc64': [ '0.34.5' ],
2453 silly audit   '@img/sharp-linux-riscv64': [ '0.34.5' ],
2453 silly audit   '@img/sharp-linux-s390x': [ '0.34.5' ],
2453 silly audit   '@img/sharp-linux-x64': [ '0.34.5' ],
2453 silly audit   '@img/sharp-linuxmusl-arm64': [ '0.34.5' ],
2453 silly audit   '@img/sharp-linuxmusl-x64': [ '0.34.5' ],
2453 silly audit   '@img/sharp-wasm32': [ '0.34.5' ],
2453 silly audit   '@img/sharp-win32-arm64': [ '0.34.5' ],
2453 silly audit   '@img/sharp-win32-ia32': [ '0.34.5' ],
2453 silly audit   '@img/sharp-win32-x64': [ '0.34.5' ],
2453 silly audit   '@emnapi/runtime': [ '1.7.1' ],
2453 silly audit   'shebang-regex': [ '3.0.0' ],
2453 silly audit   'side-channel-list': [ '1.0.0' ],
2453 silly audit   'side-channel-map': [ '1.0.1' ],
2453 silly audit   'side-channel-weakmap': [ '1.0.2' ],
2453 silly audit   'client-only': [ '0.0.1' ],
2453 silly audit   'has-flag': [ '4.0.0' ],
2453 silly audit   fdir: [ '6.5.0' ],
2453 silly audit   'is-number': [ '7.0.0' ],
2453 silly audit   '@types/json5': [ '0.0.29' ],
2453 silly audit   minimist: [ '1.2.8' ],
2453 silly audit   'strip-bom': [ '3.0.0' ],
2453 silly audit   'for-each': [ '0.3.5' ],
2453 silly audit   'reflect.getprototypeof': [ '1.0.10' ],
2453 silly audit   'which-builtin-type': [ '1.2.1' ],
2453 silly audit   '@typescript-eslint/eslint-plugin': [ '8.51.0' ],
2453 silly audit   '@typescript-eslint/parser': [ '8.51.0' ],
2453 silly audit   '@typescript-eslint/typescript-estree': [ '8.51.0' ],
2453 silly audit   '@typescript-eslint/utils': [ '8.51.0' ],
2453 silly audit   '@typescript-eslint/scope-manager': [ '8.51.0' ],
2453 silly audit   '@typescript-eslint/type-utils': [ '8.51.0' ],
2453 silly audit   '@typescript-eslint/visitor-keys': [ '8.51.0' ],
2453 silly audit   'ts-api-utils': [ '2.3.0' ],
2453 silly audit   '@typescript-eslint/types': [ '8.51.0' ],
2453 silly audit   '@typescript-eslint/project-service': [ '8.51.0' ],
2453 silly audit   '@typescript-eslint/tsconfig-utils': [ '8.51.0' ],
2453 silly audit   'has-bigints': [ '1.1.0' ],
2453 silly audit   'which-boxed-primitive': [ '1.1.1' ],
2453 silly audit   '@unrs/resolver-binding-android-arm-eabi': [ '1.11.1' ],
2453 silly audit   '@unrs/resolver-binding-android-arm64': [ '1.11.1' ],
2453 silly audit   '@unrs/resolver-binding-darwin-arm64': [ '1.11.1' ],
2453 silly audit   '@unrs/resolver-binding-darwin-x64': [ '1.11.1' ],
2453 silly audit   '@unrs/resolver-binding-freebsd-x64': [ '1.11.1' ],
2453 silly audit   '@unrs/resolver-binding-linux-arm-gnueabihf': [ '1.11.1' ],
2453 silly audit   '@unrs/resolver-binding-linux-arm-musleabihf': [ '1.11.1' ],
2453 silly audit   '@unrs/resolver-binding-linux-arm64-gnu': [ '1.11.1' ],
2453 silly audit   '@unrs/resolver-binding-linux-arm64-musl': [ '1.11.1' ],
2453 silly audit   '@unrs/resolver-binding-linux-ppc64-gnu': [ '1.11.1' ],
2453 silly audit   '@unrs/resolver-binding-linux-riscv64-gnu': [ '1.11.1' ],
2453 silly audit   '@unrs/resolver-binding-linux-riscv64-musl': [ '1.11.1' ],
2453 silly audit   '@unrs/resolver-binding-linux-s390x-gnu': [ '1.11.1' ],
2453 silly audit   '@unrs/resolver-binding-linux-x64-gnu': [ '1.11.1' ],
2453 silly audit   '@unrs/resolver-binding-linux-x64-musl': [ '1.11.1' ],
2453 silly audit   '@unrs/resolver-binding-wasm32-wasi': [ '1.11.1' ],
2453 silly audit   '@unrs/resolver-binding-win32-arm64-msvc': [ '1.11.1' ],
2453 silly audit   '@unrs/resolver-binding-win32-ia32-msvc': [ '1.11.1' ],
2453 silly audit   '@unrs/resolver-binding-win32-x64-msvc': [ '1.11.1' ],
2453 silly audit   'napi-postinstall': [ '0.3.4' ],
2453 silly audit   '@napi-rs/wasm-runtime': [ '0.2.12' ],
2453 silly audit   '@emnapi/core': [ '1.7.1' ],
2453 silly audit   '@tybys/wasm-util': [ '0.10.1' ],
2453 silly audit   '@emnapi/wasi-threads': [ '1.1.0' ],
2453 silly audit   escalade: [ '3.2.0' ],
2453 silly audit   punycode: [ '2.3.1' ],
2453 silly audit   isexe: [ '2.0.0' ],
2453 silly audit   'is-bigint': [ '1.1.0' ],
2453 silly audit   'is-boolean-object': [ '1.2.2' ],
2453 silly audit   'is-number-object': [ '1.1.1' ],
2453 silly audit   'is-async-function': [ '2.1.1' ],
2453 silly audit   'is-finalizationregistry': [ '1.1.1' ],
2453 silly audit   'is-generator-function': [ '1.1.2' ],
2453 silly audit   'which-collection': [ '1.0.2' ],
2453 silly audit   'async-function': [ '1.0.0' ],
2453 silly audit   'generator-function': [ '2.0.1' ],
2453 silly audit   'is-map': [ '2.0.3' ],
2453 silly audit   'is-weakmap': [ '2.0.2' ],
2453 silly audit   'is-weakset': [ '2.0.4' ],
2453 silly audit   '@tailwindcss/oxide-wasm32-wasi': [ '4.1.18' ]
2453 silly audit }
2454 verbose reify failed optional dependency /Users/scott/repos/guitar/apps/web/node_modules/@unrs/resolver-binding-win32-x64-msvc
2455 silly reify mark deleted [
2455 silly reify   '/Users/scott/repos/guitar/apps/web/node_modules/@unrs/resolver-binding-win32-x64-msvc'
2455 silly reify ]
2456 verbose reify failed optional dependency /Users/scott/repos/guitar/apps/web/node_modules/@unrs/resolver-binding-win32-ia32-msvc
2457 silly reify mark deleted [
2457 silly reify   '/Users/scott/repos/guitar/apps/web/node_modules/@unrs/resolver-binding-win32-ia32-msvc'
2457 silly reify ]
2458 verbose reify failed optional dependency /Users/scott/repos/guitar/apps/web/node_modules/@unrs/resolver-binding-win32-arm64-msvc
2459 silly reify mark deleted [
2459 silly reify   '/Users/scott/repos/guitar/apps/web/node_modules/@unrs/resolver-binding-win32-arm64-msvc'
2459 silly reify ]
2460 verbose reify failed optional dependency /Users/scott/repos/guitar/apps/web/node_modules/@unrs/resolver-binding-wasm32-wasi
2461 silly reify mark deleted [
2461 silly reify   '/Users/scott/repos/guitar/apps/web/node_modules/@unrs/resolver-binding-wasm32-wasi'
2461 silly reify ]
2462 verbose reify failed optional dependency /Users/scott/repos/guitar/apps/web/node_modules/@unrs/resolver-binding-linux-x64-musl
2463 silly reify mark deleted [
2463 silly reify   '/Users/scott/repos/guitar/apps/web/node_modules/@unrs/resolver-binding-linux-x64-musl'
2463 silly reify ]
2464 verbose reify failed optional dependency /Users/scott/repos/guitar/apps/web/node_modules/@unrs/resolver-binding-linux-x64-gnu
2465 silly reify mark deleted [
2465 silly reify   '/Users/scott/repos/guitar/apps/web/node_modules/@unrs/resolver-binding-linux-x64-gnu'
2465 silly reify ]
2466 verbose reify failed optional dependency /Users/scott/repos/guitar/apps/web/node_modules/@unrs/resolver-binding-linux-s390x-gnu
2467 silly reify mark deleted [
2467 silly reify   '/Users/scott/repos/guitar/apps/web/node_modules/@unrs/resolver-binding-linux-s390x-gnu'
2467 silly reify ]
2468 verbose reify failed optional dependency /Users/scott/repos/guitar/apps/web/node_modules/@unrs/resolver-binding-linux-riscv64-musl
2469 silly reify mark deleted [
2469 silly reify   '/Users/scott/repos/guitar/apps/web/node_modules/@unrs/resolver-binding-linux-riscv64-musl'
2469 silly reify ]
2470 verbose reify failed optional dependency /Users/scott/repos/guitar/apps/web/node_modules/@unrs/resolver-binding-linux-riscv64-gnu
2471 silly reify mark deleted [
2471 silly reify   '/Users/scott/repos/guitar/apps/web/node_modules/@unrs/resolver-binding-linux-riscv64-gnu'
2471 silly reify ]
2472 verbose reify failed optional dependency /Users/scott/repos/guitar/apps/web/node_modules/@unrs/resolver-binding-linux-ppc64-gnu
2473 silly reify mark deleted [
2473 silly reify   '/Users/scott/repos/guitar/apps/web/node_modules/@unrs/resolver-binding-linux-ppc64-gnu'
2473 silly reify ]
2474 verbose reify failed optional dependency /Users/scott/repos/guitar/apps/web/node_modules/@unrs/resolver-binding-linux-arm64-musl
2475 silly reify mark deleted [
2475 silly reify   '/Users/scott/repos/guitar/apps/web/node_modules/@unrs/resolver-binding-linux-arm64-musl'
2475 silly reify ]
2476 verbose reify failed optional dependency /Users/scott/repos/guitar/apps/web/node_modules/@unrs/resolver-binding-linux-arm64-gnu
2477 silly reify mark deleted [
2477 silly reify   '/Users/scott/repos/guitar/apps/web/node_modules/@unrs/resolver-binding-linux-arm64-gnu'
2477 silly reify ]
2478 verbose reify failed optional dependency /Users/scott/repos/guitar/apps/web/node_modules/@unrs/resolver-binding-linux-arm-musleabihf
2479 silly reify mark deleted [
2479 silly reify   '/Users/scott/repos/guitar/apps/web/node_modules/@unrs/resolver-binding-linux-arm-musleabihf'
2479 silly reify ]
2480 verbose reify failed optional dependency /Users/scott/repos/guitar/apps/web/node_modules/@unrs/resolver-binding-linux-arm-gnueabihf
2481 silly reify mark deleted [
2481 silly reify   '/Users/scott/repos/guitar/apps/web/node_modules/@unrs/resolver-binding-linux-arm-gnueabihf'
2481 silly reify ]
2482 verbose reify failed optional dependency /Users/scott/repos/guitar/apps/web/node_modules/@unrs/resolver-binding-freebsd-x64
2483 silly reify mark deleted [
2483 silly reify   '/Users/scott/repos/guitar/apps/web/node_modules/@unrs/resolver-binding-freebsd-x64'
2483 silly reify ]
2484 verbose reify failed optional dependency /Users/scott/repos/guitar/apps/web/node_modules/@unrs/resolver-binding-darwin-x64
2485 silly reify mark deleted [
2485 silly reify   '/Users/scott/repos/guitar/apps/web/node_modules/@unrs/resolver-binding-darwin-x64'
2485 silly reify ]
2486 verbose reify failed optional dependency /Users/scott/repos/guitar/apps/web/node_modules/@unrs/resolver-binding-android-arm64
2487 silly reify mark deleted [
2487 silly reify   '/Users/scott/repos/guitar/apps/web/node_modules/@unrs/resolver-binding-android-arm64'
2487 silly reify ]
2488 verbose reify failed optional dependency /Users/scott/repos/guitar/apps/web/node_modules/@unrs/resolver-binding-android-arm-eabi
2489 silly reify mark deleted [
2489 silly reify   '/Users/scott/repos/guitar/apps/web/node_modules/@unrs/resolver-binding-android-arm-eabi'
2489 silly reify ]
2490 verbose reify failed optional dependency /Users/scott/repos/guitar/apps/web/node_modules/@img/sharp-win32-x64
2491 silly reify mark deleted [
2491 silly reify   '/Users/scott/repos/guitar/apps/web/node_modules/@img/sharp-win32-x64'
2491 silly reify ]
2492 verbose reify failed optional dependency /Users/scott/repos/guitar/apps/web/node_modules/@img/sharp-win32-ia32
2493 silly reify mark deleted [
2493 silly reify   '/Users/scott/repos/guitar/apps/web/node_modules/@img/sharp-win32-ia32'
2493 silly reify ]
2494 verbose reify failed optional dependency /Users/scott/repos/guitar/apps/web/node_modules/@img/sharp-win32-arm64
2495 silly reify mark deleted [
2495 silly reify   '/Users/scott/repos/guitar/apps/web/node_modules/@img/sharp-win32-arm64'
2495 silly reify ]
2496 verbose reify failed optional dependency /Users/scott/repos/guitar/apps/web/node_modules/@img/sharp-wasm32
2497 silly reify mark deleted [ '/Users/scott/repos/guitar/apps/web/node_modules/@img/sharp-wasm32' ]
2498 verbose reify failed optional dependency /Users/scott/repos/guitar/apps/web/node_modules/@img/sharp-linuxmusl-x64
2499 silly reify mark deleted [
2499 silly reify   '/Users/scott/repos/guitar/apps/web/node_modules/@img/sharp-linuxmusl-x64'
2499 silly reify ]
2500 verbose reify failed optional dependency /Users/scott/repos/guitar/apps/web/node_modules/@img/sharp-linuxmusl-arm64
2501 silly reify mark deleted [
2501 silly reify   '/Users/scott/repos/guitar/apps/web/node_modules/@img/sharp-linuxmusl-arm64'
2501 silly reify ]
2502 verbose reify failed optional dependency /Users/scott/repos/guitar/apps/web/node_modules/@img/sharp-linux-x64
2503 silly reify mark deleted [
2503 silly reify   '/Users/scott/repos/guitar/apps/web/node_modules/@img/sharp-linux-x64'
2503 silly reify ]
2504 verbose reify failed optional dependency /Users/scott/repos/guitar/apps/web/node_modules/@img/sharp-linux-s390x
2505 silly reify mark deleted [
2505 silly reify   '/Users/scott/repos/guitar/apps/web/node_modules/@img/sharp-linux-s390x'
2505 silly reify ]
2506 verbose reify failed optional dependency /Users/scott/repos/guitar/apps/web/node_modules/@img/sharp-linux-riscv64
2507 silly reify mark deleted [
2507 silly reify   '/Users/scott/repos/guitar/apps/web/node_modules/@img/sharp-linux-riscv64'
2507 silly reify ]
2508 verbose reify failed optional dependency /Users/scott/repos/guitar/apps/web/node_modules/@img/sharp-linux-ppc64
2509 silly reify mark deleted [
2509 silly reify   '/Users/scott/repos/guitar/apps/web/node_modules/@img/sharp-linux-ppc64'
2509 silly reify ]
2510 verbose reify failed optional dependency /Users/scott/repos/guitar/apps/web/node_modules/@img/sharp-linux-arm64
2511 silly reify mark deleted [
2511 silly reify   '/Users/scott/repos/guitar/apps/web/node_modules/@img/sharp-linux-arm64'
2511 silly reify ]
2512 verbose reify failed optional dependency /Users/scott/repos/guitar/apps/web/node_modules/@img/sharp-linux-arm
2513 silly reify mark deleted [
2513 silly reify   '/Users/scott/repos/guitar/apps/web/node_modules/@img/sharp-linux-arm'
2513 silly reify ]
2514 verbose reify failed optional dependency /Users/scott/repos/guitar/apps/web/node_modules/@img/sharp-libvips-linuxmusl-x64
2515 silly reify mark deleted [
2515 silly reify   '/Users/scott/repos/guitar/apps/web/node_modules/@img/sharp-libvips-linuxmusl-x64'
2515 silly reify ]
2516 verbose reify failed optional dependency /Users/scott/repos/guitar/apps/web/node_modules/@img/sharp-libvips-linuxmusl-arm64
2517 silly reify mark deleted [
2517 silly reify   '/Users/scott/repos/guitar/apps/web/node_modules/@img/sharp-libvips-linuxmusl-arm64'
2517 silly reify ]
2518 verbose reify failed optional dependency /Users/scott/repos/guitar/apps/web/node_modules/@img/sharp-libvips-linux-x64
2519 silly reify mark deleted [
2519 silly reify   '/Users/scott/repos/guitar/apps/web/node_modules/@img/sharp-libvips-linux-x64'
2519 silly reify ]
2520 verbose reify failed optional dependency /Users/scott/repos/guitar/apps/web/node_modules/@img/sharp-libvips-linux-s390x
2521 silly reify mark deleted [
2521 silly reify   '/Users/scott/repos/guitar/apps/web/node_modules/@img/sharp-libvips-linux-s390x'
2521 silly reify ]
2522 verbose reify failed optional dependency /Users/scott/repos/guitar/apps/web/node_modules/@img/sharp-libvips-linux-riscv64
2523 silly reify mark deleted [
2523 silly reify   '/Users/scott/repos/guitar/apps/web/node_modules/@img/sharp-libvips-linux-riscv64'
2523 silly reify ]
2524 verbose reify failed optional dependency /Users/scott/repos/guitar/apps/web/node_modules/@img/sharp-libvips-linux-ppc64
2525 silly reify mark deleted [
2525 silly reify   '/Users/scott/repos/guitar/apps/web/node_modules/@img/sharp-libvips-linux-ppc64'
2525 silly reify ]
2526 verbose reify failed optional dependency /Users/scott/repos/guitar/apps/web/node_modules/@img/sharp-libvips-linux-arm64
2527 silly reify mark deleted [
2527 silly reify   '/Users/scott/repos/guitar/apps/web/node_modules/@img/sharp-libvips-linux-arm64'
2527 silly reify ]
2528 verbose reify failed optional dependency /Users/scott/repos/guitar/apps/web/node_modules/@img/sharp-libvips-linux-arm
2529 silly reify mark deleted [
2529 silly reify   '/Users/scott/repos/guitar/apps/web/node_modules/@img/sharp-libvips-linux-arm'
2529 silly reify ]
2530 verbose reify failed optional dependency /Users/scott/repos/guitar/apps/web/node_modules/@img/sharp-libvips-darwin-x64
2531 silly reify mark deleted [
2531 silly reify   '/Users/scott/repos/guitar/apps/web/node_modules/@img/sharp-libvips-darwin-x64'
2531 silly reify ]
2532 verbose reify failed optional dependency /Users/scott/repos/guitar/apps/web/node_modules/@img/sharp-darwin-x64
2533 silly reify mark deleted [
2533 silly reify   '/Users/scott/repos/guitar/apps/web/node_modules/@img/sharp-darwin-x64'
2533 silly reify ]
2534 verbose reify failed optional dependency /Users/scott/repos/guitar/apps/web/node_modules/@next/swc-win32-x64-msvc
2535 silly reify mark deleted [
2535 silly reify   '/Users/scott/repos/guitar/apps/web/node_modules/@next/swc-win32-x64-msvc'
2535 silly reify ]
2536 verbose reify failed optional dependency /Users/scott/repos/guitar/apps/web/node_modules/@next/swc-win32-arm64-msvc
2537 silly reify mark deleted [
2537 silly reify   '/Users/scott/repos/guitar/apps/web/node_modules/@next/swc-win32-arm64-msvc'
2537 silly reify ]
2538 verbose reify failed optional dependency /Users/scott/repos/guitar/apps/web/node_modules/@next/swc-linux-x64-musl
2539 silly reify mark deleted [
2539 silly reify   '/Users/scott/repos/guitar/apps/web/node_modules/@next/swc-linux-x64-musl'
2539 silly reify ]
2540 verbose reify failed optional dependency /Users/scott/repos/guitar/apps/web/node_modules/@next/swc-linux-x64-gnu
2541 silly reify mark deleted [
2541 silly reify   '/Users/scott/repos/guitar/apps/web/node_modules/@next/swc-linux-x64-gnu'
2541 silly reify ]
2542 verbose reify failed optional dependency /Users/scott/repos/guitar/apps/web/node_modules/@next/swc-linux-arm64-musl
2543 silly reify mark deleted [
2543 silly reify   '/Users/scott/repos/guitar/apps/web/node_modules/@next/swc-linux-arm64-musl'
2543 silly reify ]
2544 verbose reify failed optional dependency /Users/scott/repos/guitar/apps/web/node_modules/@next/swc-linux-arm64-gnu
2545 silly reify mark deleted [
2545 silly reify   '/Users/scott/repos/guitar/apps/web/node_modules/@next/swc-linux-arm64-gnu'
2545 silly reify ]
2546 verbose reify failed optional dependency /Users/scott/repos/guitar/apps/web/node_modules/@next/swc-darwin-x64
2547 silly reify mark deleted [
2547 silly reify   '/Users/scott/repos/guitar/apps/web/node_modules/@next/swc-darwin-x64'
2547 silly reify ]
2548 verbose reify failed optional dependency /Users/scott/repos/guitar/apps/web/node_modules/lightningcss-win32-x64-msvc
2549 silly reify mark deleted [
2549 silly reify   '/Users/scott/repos/guitar/apps/web/node_modules/lightningcss-win32-x64-msvc'
2549 silly reify ]
2550 verbose reify failed optional dependency /Users/scott/repos/guitar/apps/web/node_modules/lightningcss-win32-arm64-msvc
2551 silly reify mark deleted [
2551 silly reify   '/Users/scott/repos/guitar/apps/web/node_modules/lightningcss-win32-arm64-msvc'
2551 silly reify ]
2552 verbose reify failed optional dependency /Users/scott/repos/guitar/apps/web/node_modules/lightningcss-linux-x64-musl
2553 silly reify mark deleted [
2553 silly reify   '/Users/scott/repos/guitar/apps/web/node_modules/lightningcss-linux-x64-musl'
2553 silly reify ]
2554 verbose reify failed optional dependency /Users/scott/repos/guitar/apps/web/node_modules/lightningcss-linux-x64-gnu
2555 silly reify mark deleted [
2555 silly reify   '/Users/scott/repos/guitar/apps/web/node_modules/lightningcss-linux-x64-gnu'
2555 silly reify ]
2556 verbose reify failed optional dependency /Users/scott/repos/guitar/apps/web/node_modules/lightningcss-linux-arm64-musl
2557 silly reify mark deleted [
2557 silly reify   '/Users/scott/repos/guitar/apps/web/node_modules/lightningcss-linux-arm64-musl'
2557 silly reify ]
2558 verbose reify failed optional dependency /Users/scott/repos/guitar/apps/web/node_modules/lightningcss-linux-arm64-gnu
2559 silly reify mark deleted [
2559 silly reify   '/Users/scott/repos/guitar/apps/web/node_modules/lightningcss-linux-arm64-gnu'
2559 silly reify ]
2560 verbose reify failed optional dependency /Users/scott/repos/guitar/apps/web/node_modules/lightningcss-linux-arm-gnueabihf
2561 silly reify mark deleted [
2561 silly reify   '/Users/scott/repos/guitar/apps/web/node_modules/lightningcss-linux-arm-gnueabihf'
2561 silly reify ]
2562 verbose reify failed optional dependency /Users/scott/repos/guitar/apps/web/node_modules/lightningcss-freebsd-x64
2563 silly reify mark deleted [
2563 silly reify   '/Users/scott/repos/guitar/apps/web/node_modules/lightningcss-freebsd-x64'
2563 silly reify ]
2564 verbose reify failed optional dependency /Users/scott/repos/guitar/apps/web/node_modules/lightningcss-darwin-x64
2565 silly reify mark deleted [
2565 silly reify   '/Users/scott/repos/guitar/apps/web/node_modules/lightningcss-darwin-x64'
2565 silly reify ]
2566 verbose reify failed optional dependency /Users/scott/repos/guitar/apps/web/node_modules/lightningcss-android-arm64
2567 silly reify mark deleted [
2567 silly reify   '/Users/scott/repos/guitar/apps/web/node_modules/lightningcss-android-arm64'
2567 silly reify ]
2568 verbose reify failed optional dependency /Users/scott/repos/guitar/apps/web/node_modules/@tailwindcss/oxide-win32-x64-msvc
2569 silly reify mark deleted [
2569 silly reify   '/Users/scott/repos/guitar/apps/web/node_modules/@tailwindcss/oxide-win32-x64-msvc'
2569 silly reify ]
2570 verbose reify failed optional dependency /Users/scott/repos/guitar/apps/web/node_modules/@tailwindcss/oxide-win32-arm64-msvc
2571 silly reify mark deleted [
2571 silly reify   '/Users/scott/repos/guitar/apps/web/node_modules/@tailwindcss/oxide-win32-arm64-msvc'
2571 silly reify ]
2572 verbose reify failed optional dependency /Users/scott/repos/guitar/apps/web/node_modules/@tailwindcss/oxide-linux-x64-musl
2573 silly reify mark deleted [
2573 silly reify   '/Users/scott/repos/guitar/apps/web/node_modules/@tailwindcss/oxide-linux-x64-musl'
2573 silly reify ]
2574 verbose reify failed optional dependency /Users/scott/repos/guitar/apps/web/node_modules/@tailwindcss/oxide-linux-x64-gnu
2575 silly reify mark deleted [
2575 silly reify   '/Users/scott/repos/guitar/apps/web/node_modules/@tailwindcss/oxide-linux-x64-gnu'
2575 silly reify ]
2576 verbose reify failed optional dependency /Users/scott/repos/guitar/apps/web/node_modules/@tailwindcss/oxide-linux-arm64-musl
2577 silly reify mark deleted [
2577 silly reify   '/Users/scott/repos/guitar/apps/web/node_modules/@tailwindcss/oxide-linux-arm64-musl'
2577 silly reify ]
2578 verbose reify failed optional dependency /Users/scott/repos/guitar/apps/web/node_modules/@tailwindcss/oxide-linux-arm64-gnu
2579 silly reify mark deleted [
2579 silly reify   '/Users/scott/repos/guitar/apps/web/node_modules/@tailwindcss/oxide-linux-arm64-gnu'
2579 silly reify ]
2580 verbose reify failed optional dependency /Users/scott/repos/guitar/apps/web/node_modules/@tailwindcss/oxide-linux-arm-gnueabihf
2581 silly reify mark deleted [
2581 silly reify   '/Users/scott/repos/guitar/apps/web/node_modules/@tailwindcss/oxide-linux-arm-gnueabihf'
2581 silly reify ]
2582 verbose reify failed optional dependency /Users/scott/repos/guitar/apps/web/node_modules/@tailwindcss/oxide-freebsd-x64
2583 silly reify mark deleted [
2583 silly reify   '/Users/scott/repos/guitar/apps/web/node_modules/@tailwindcss/oxide-freebsd-x64'
2583 silly reify ]
2584 verbose reify failed optional dependency /Users/scott/repos/guitar/apps/web/node_modules/@tailwindcss/oxide-darwin-x64
2585 silly reify mark deleted [
2585 silly reify   '/Users/scott/repos/guitar/apps/web/node_modules/@tailwindcss/oxide-darwin-x64'
2585 silly reify ]
2586 verbose reify failed optional dependency /Users/scott/repos/guitar/apps/web/node_modules/@tailwindcss/oxide-android-arm64
2587 silly reify mark deleted [
2587 silly reify   '/Users/scott/repos/guitar/apps/web/node_modules/@tailwindcss/oxide-android-arm64'
2587 silly reify ]
2588 http cache is-weakset@https://registry.npmjs.org/is-weakset/-/is-weakset-2.0.4.tgz 0ms (cache hit)
2589 http cache is-map@https://registry.npmjs.org/is-map/-/is-map-2.0.3.tgz 0ms (cache hit)
2590 http cache async-function@https://registry.npmjs.org/async-function/-/async-function-1.0.0.tgz 0ms (cache hit)
2591 http cache which-collection@https://registry.npmjs.org/which-collection/-/which-collection-1.0.2.tgz 0ms (cache hit)
2592 http cache is-weakmap@https://registry.npmjs.org/is-weakmap/-/is-weakmap-2.0.2.tgz 0ms (cache hit)
2593 http cache generator-function@https://registry.npmjs.org/generator-function/-/generator-function-2.0.1.tgz 0ms (cache hit)
2594 http cache is-generator-function@https://registry.npmjs.org/is-generator-function/-/is-generator-function-1.1.2.tgz 0ms (cache hit)
2595 http cache is-finalizationregistry@https://registry.npmjs.org/is-finalizationregistry/-/is-finalizationregistry-1.1.1.tgz 0ms (cache hit)
2596 http cache is-async-function@https://registry.npmjs.org/is-async-function/-/is-async-function-2.1.1.tgz 0ms (cache hit)
2597 http cache is-number-object@https://registry.npmjs.org/is-number-object/-/is-number-object-1.1.1.tgz 0ms (cache hit)
2598 http cache is-boolean-object@https://registry.npmjs.org/is-boolean-object/-/is-boolean-object-1.2.2.tgz 0ms (cache hit)
2599 http cache is-bigint@https://registry.npmjs.org/is-bigint/-/is-bigint-1.1.0.tgz 0ms (cache hit)
2600 http cache isexe@https://registry.npmjs.org/isexe/-/isexe-2.0.0.tgz 0ms (cache hit)
2601 http cache escalade@https://registry.npmjs.org/escalade/-/escalade-3.2.0.tgz 0ms (cache hit)
2602 http cache @emnapi/wasi-threads@https://registry.npmjs.org/@emnapi/wasi-threads/-/wasi-threads-1.1.0.tgz 0ms (cache hit)
2603 http cache punycode@https://registry.npmjs.org/punycode/-/punycode-2.3.1.tgz 0ms (cache hit)
2604 http cache @tybys/wasm-util@https://registry.npmjs.org/@tybys/wasm-util/-/wasm-util-0.10.1.tgz 0ms (cache hit)
2605 http cache @napi-rs/wasm-runtime@https://registry.npmjs.org/@napi-rs/wasm-runtime/-/wasm-runtime-0.2.12.tgz 0ms (cache hit)
2606 http cache napi-postinstall@https://registry.npmjs.org/napi-postinstall/-/napi-postinstall-0.3.4.tgz 0ms (cache hit)
2607 http cache @emnapi/core@https://registry.npmjs.org/@emnapi/core/-/core-1.7.1.tgz 0ms (cache hit)
2608 http cache @unrs/resolver-binding-darwin-arm64@https://registry.npmjs.org/@unrs/resolver-binding-darwin-arm64/-/resolver-binding-darwin-arm64-1.11.1.tgz 0ms (cache hit)
2609 http cache has-bigints@https://registry.npmjs.org/has-bigints/-/has-bigints-1.1.0.tgz 0ms (cache hit)
2610 http cache which-boxed-primitive@https://registry.npmjs.org/which-boxed-primitive/-/which-boxed-primitive-1.1.1.tgz 0ms (cache hit)
2611 http cache @typescript-eslint/tsconfig-utils@https://registry.npmjs.org/@typescript-eslint/tsconfig-utils/-/tsconfig-utils-8.51.0.tgz 0ms (cache hit)
2612 http cache @typescript-eslint/project-service@https://registry.npmjs.org/@typescript-eslint/project-service/-/project-service-8.51.0.tgz 0ms (cache hit)
2613 http cache @typescript-eslint/types@https://registry.npmjs.org/@typescript-eslint/types/-/types-8.51.0.tgz 0ms (cache hit)
2614 http cache ts-api-utils@https://registry.npmjs.org/ts-api-utils/-/ts-api-utils-2.3.0.tgz 0ms (cache hit)
2615 http cache @typescript-eslint/visitor-keys@https://registry.npmjs.org/@typescript-eslint/visitor-keys/-/visitor-keys-8.51.0.tgz 0ms (cache hit)
2616 http cache @typescript-eslint/type-utils@https://registry.npmjs.org/@typescript-eslint/type-utils/-/type-utils-8.51.0.tgz 0ms (cache hit)
2617 http cache @typescript-eslint/scope-manager@https://registry.npmjs.org/@typescript-eslint/scope-manager/-/scope-manager-8.51.0.tgz 0ms (cache hit)
2618 http cache @typescript-eslint/utils@https://registry.npmjs.org/@typescript-eslint/utils/-/utils-8.51.0.tgz 0ms (cache hit)
2619 http cache @typescript-eslint/parser@https://registry.npmjs.org/@typescript-eslint/parser/-/parser-8.51.0.tgz 0ms (cache hit)
2620 http cache @typescript-eslint/typescript-estree@https://registry.npmjs.org/@typescript-eslint/typescript-estree/-/typescript-estree-8.51.0.tgz 0ms (cache hit)
2621 http cache @typescript-eslint/eslint-plugin@https://registry.npmjs.org/@typescript-eslint/eslint-plugin/-/eslint-plugin-8.51.0.tgz 0ms (cache hit)
2622 http cache which-builtin-type@https://registry.npmjs.org/which-builtin-type/-/which-builtin-type-1.2.1.tgz 0ms (cache hit)
2623 http cache reflect.getprototypeof@https://registry.npmjs.org/reflect.getprototypeof/-/reflect.getprototypeof-1.0.10.tgz 0ms (cache hit)
2624 http cache for-each@https://registry.npmjs.org/for-each/-/for-each-0.3.5.tgz 0ms (cache hit)
2625 http cache strip-bom@https://registry.npmjs.org/strip-bom/-/strip-bom-3.0.0.tgz 0ms (cache hit)
2626 http cache minimist@https://registry.npmjs.org/minimist/-/minimist-1.2.8.tgz 0ms (cache hit)
2627 http cache @types/json5@https://registry.npmjs.org/@types/json5/-/json5-0.0.29.tgz 0ms (cache hit)
2628 http cache is-number@https://registry.npmjs.org/is-number/-/is-number-7.0.0.tgz 0ms (cache hit)
2629 http cache has-flag@https://registry.npmjs.org/has-flag/-/has-flag-4.0.0.tgz 0ms (cache hit)
2630 http cache client-only@https://registry.npmjs.org/client-only/-/client-only-0.0.1.tgz 0ms (cache hit)
2631 http cache side-channel-weakmap@https://registry.npmjs.org/side-channel-weakmap/-/side-channel-weakmap-1.0.2.tgz 0ms (cache hit)
2632 http cache side-channel-map@https://registry.npmjs.org/side-channel-map/-/side-channel-map-1.0.1.tgz 0ms (cache hit)
2633 http cache shebang-regex@https://registry.npmjs.org/shebang-regex/-/shebang-regex-3.0.0.tgz 0ms (cache hit)
2634 http cache side-channel-list@https://registry.npmjs.org/side-channel-list/-/side-channel-list-1.0.0.tgz 0ms (cache hit)
2635 http cache @emnapi/runtime@https://registry.npmjs.org/@emnapi/runtime/-/runtime-1.7.1.tgz 0ms (cache hit)
2636 http cache @img/sharp-libvips-darwin-arm64@https://registry.npmjs.org/@img/sharp-libvips-darwin-arm64/-/sharp-libvips-darwin-arm64-1.2.4.tgz 0ms (cache hit)
2637 http cache @img/sharp-darwin-arm64@https://registry.npmjs.org/@img/sharp-darwin-arm64/-/sharp-darwin-arm64-0.34.5.tgz 0ms (cache hit)
2638 http cache @img/colour@https://registry.npmjs.org/@img/colour/-/colour-1.0.0.tgz 0ms (cache hit)
2639 http cache isarray@https://registry.npmjs.org/isarray/-/isarray-2.0.5.tgz 0ms (cache hit)
2640 http cache queue-microtask@https://registry.npmjs.org/queue-microtask/-/queue-microtask-1.2.3.tgz 0ms (cache hit)
2641 http cache supports-preserve-symlinks-flag@https://registry.npmjs.org/supports-preserve-symlinks-flag/-/supports-preserve-symlinks-flag-1.0.0.tgz 0ms (cache hit)
2642 http cache scheduler@https://registry.npmjs.org/scheduler/-/scheduler-0.27.0.tgz 0ms (cache hit)
2643 http cache path-parse@https://registry.npmjs.org/path-parse/-/path-parse-1.0.7.tgz 0ms (cache hit)
2644 http cache react-is@https://registry.npmjs.org/react-is/-/react-is-16.13.1.tgz 0ms (cache hit)
2645 http cache object-assign@https://registry.npmjs.org/object-assign/-/object-assign-4.1.1.tgz 0ms (cache hit)
2646 http cache loose-envify@https://registry.npmjs.org/loose-envify/-/loose-envify-1.4.0.tgz 0ms (cache hit)
2647 http cache nanoid@https://registry.npmjs.org/nanoid/-/nanoid-3.3.11.tgz 0ms (cache hit)
2648 http cache yocto-queue@https://registry.npmjs.org/yocto-queue/-/yocto-queue-0.1.0.tgz 0ms (cache hit)
2649 http cache callsites@https://registry.npmjs.org/callsites/-/callsites-3.1.0.tgz 0ms (cache hit)
2650 http cache p-limit@https://registry.npmjs.org/p-limit/-/p-limit-3.1.0.tgz 0ms (cache hit)
2651 http cache word-wrap@https://registry.npmjs.org/word-wrap/-/word-wrap-1.2.5.tgz 0ms (cache hit)
2652 http cache fast-levenshtein@https://registry.npmjs.org/fast-levenshtein/-/fast-levenshtein-2.0.6.tgz 0ms (cache hit)
2653 http cache tslib@https://registry.npmjs.org/tslib/-/tslib-2.8.1.tgz 0ms (cache hit)
2654 http cache deep-is@https://registry.npmjs.org/deep-is/-/deep-is-0.1.4.tgz 0ms (cache hit)
2655 http cache styled-jsx@https://registry.npmjs.org/styled-jsx/-/styled-jsx-5.1.6.tgz 0ms (cache hit)
2656 http cache sharp@https://registry.npmjs.org/sharp/-/sharp-0.34.5.tgz 0ms (cache hit)
2657 http cache @swc/helpers@https://registry.npmjs.org/@swc/helpers/-/helpers-0.5.15.tgz 0ms (cache hit)
2658 http cache @next/swc-darwin-arm64@https://registry.npmjs.org/@next/swc-darwin-arm64/-/swc-darwin-arm64-16.1.1.tgz 0ms (cache hit)
2659 http cache concat-map@https://registry.npmjs.org/concat-map/-/concat-map-0.0.1.tgz 0ms (cache hit)
2660 http cache balanced-match@https://registry.npmjs.org/balanced-match/-/balanced-match-1.0.2.tgz 0ms (cache hit)
2661 http cache brace-expansion@https://registry.npmjs.org/brace-expansion/-/brace-expansion-1.1.12.tgz 0ms (cache hit)
2662 http cache to-regex-range@https://registry.npmjs.org/to-regex-range/-/to-regex-range-5.0.1.tgz 0ms (cache hit)
2663 http cache @next/env@https://registry.npmjs.org/@next/env/-/env-16.1.1.tgz 0ms (cache hit)
2664 http cache fill-range@https://registry.npmjs.org/fill-range/-/fill-range-7.1.1.tgz 0ms (cache hit)
2665 http cache picomatch@https://registry.npmjs.org/picomatch/-/picomatch-2.3.1.tgz 0ms (cache hit)
2666 http cache braces@https://registry.npmjs.org/braces/-/braces-3.0.3.tgz 0ms (cache hit)
2667 http cache yallist@https://registry.npmjs.org/yallist/-/yallist-3.1.1.tgz 0ms (cache hit)
2668 http cache p-locate@https://registry.npmjs.org/p-locate/-/p-locate-5.0.0.tgz 0ms (cache hit)
2669 http cache lightningcss-darwin-arm64@https://registry.npmjs.org/lightningcss-darwin-arm64/-/lightningcss-darwin-arm64-1.30.2.tgz 0ms (cache hit)
2670 http cache detect-libc@https://registry.npmjs.org/detect-libc/-/detect-libc-2.1.2.tgz 0ms (cache hit)
2671 http cache type-check@https://registry.npmjs.org/type-check/-/type-check-0.4.0.tgz 0ms (cache hit)
2672 http cache prelude-ls@https://registry.npmjs.org/prelude-ls/-/prelude-ls-1.2.1.tgz 0ms (cache hit)
2673 http cache language-subtag-registry@https://registry.npmjs.org/language-subtag-registry/-/language-subtag-registry-0.3.23.tgz 0ms (cache hit)
2674 http cache json-buffer@https://registry.npmjs.org/json-buffer/-/json-buffer-3.0.1.tgz 0ms (cache hit)
2675 http cache argparse@https://registry.npmjs.org/argparse/-/argparse-2.0.1.tgz 0ms (cache hit)
2676 http cache set-function-name@https://registry.npmjs.org/set-function-name/-/set-function-name-2.0.2.tgz 0ms (cache hit)
2677 http cache is-extglob@https://registry.npmjs.org/is-extglob/-/is-extglob-2.1.1.tgz 0ms (cache hit)
2678 http cache side-channel@https://registry.npmjs.org/side-channel/-/side-channel-1.1.0.tgz 0ms (cache hit)
2679 http cache resolve-from@https://registry.npmjs.org/resolve-from/-/resolve-from-4.0.0.tgz 0ms (cache hit)
2680 http cache parent-module@https://registry.npmjs.org/parent-module/-/parent-module-1.0.1.tgz 0ms (cache hit)
2681 http cache hermes-estree@https://registry.npmjs.org/hermes-estree/-/hermes-estree-0.25.1.tgz 0ms (cache hit)
2682 http cache resolve-pkg-maps@https://registry.npmjs.org/resolve-pkg-maps/-/resolve-pkg-maps-1.0.0.tgz 0ms (cache hit)
2683 http cache dunder-proto@https://registry.npmjs.org/dunder-proto/-/dunder-proto-1.0.1.tgz 0ms (cache hit)
2684 http cache functions-have-names@https://registry.npmjs.org/functions-have-names/-/functions-have-names-1.2.3.tgz 0ms (cache hit)
2685 http cache flatted@https://registry.npmjs.org/flatted/-/flatted-3.3.3.tgz 0ms (cache hit)
2686 http cache keyv@https://registry.npmjs.org/keyv/-/keyv-4.5.4.tgz 0ms (cache hit)
2687 http cache path-exists@https://registry.npmjs.org/path-exists/-/path-exists-4.0.0.tgz 0ms (cache hit)
2688 http cache locate-path@https://registry.npmjs.org/locate-path/-/locate-path-6.0.0.tgz 0ms (cache hit)
2689 http cache flat-cache@https://registry.npmjs.org/flat-cache/-/flat-cache-4.0.1.tgz 0ms (cache hit)
2690 http cache reusify@https://registry.npmjs.org/reusify/-/reusify-1.1.0.tgz 0ms (cache hit)
2691 http cache run-parallel@https://registry.npmjs.org/run-parallel/-/run-parallel-1.2.0.tgz 0ms (cache hit)
2692 http cache fastq@https://registry.npmjs.org/fastq/-/fastq-1.20.1.tgz 0ms (cache hit)
2693 http cache @nodelib/fs.scandir@https://registry.npmjs.org/@nodelib/fs.scandir/-/fs.scandir-2.1.5.tgz 0ms (cache hit)
2694 http cache micromatch@https://registry.npmjs.org/micromatch/-/micromatch-4.0.8.tgz 0ms (cache hit)
2695 http cache merge2@https://registry.npmjs.org/merge2/-/merge2-1.4.1.tgz 0ms (cache hit)
2696 http cache @nodelib/fs.walk@https://registry.npmjs.org/@nodelib/fs.walk/-/fs.walk-1.2.8.tgz 0ms (cache hit)
2697 http cache @nodelib/fs.stat@https://registry.npmjs.org/@nodelib/fs.stat/-/fs.stat-2.0.5.tgz 0ms (cache hit)
2698 http cache acorn-jsx@https://registry.npmjs.org/acorn-jsx/-/acorn-jsx-5.3.2.tgz 0ms (cache hit)
2699 http cache acorn@https://registry.npmjs.org/acorn/-/acorn-8.15.0.tgz 0ms (cache hit)
2700 http cache esrecurse@https://registry.npmjs.org/esrecurse/-/esrecurse-4.3.0.tgz 0ms (cache hit)
2701 http cache update-browserslist-db@https://registry.npmjs.org/update-browserslist-db/-/update-browserslist-db-1.2.3.tgz 0ms (cache hit)
2702 http cache node-releases@https://registry.npmjs.org/node-releases/-/node-releases-2.0.27.tgz 0ms (cache hit)
2703 http cache electron-to-chromium@https://registry.npmjs.org/electron-to-chromium/-/electron-to-chromium-1.5.267.tgz 0ms (cache hit)
2704 http cache baseline-browser-mapping@https://registry.npmjs.org/baseline-browser-mapping/-/baseline-browser-mapping-2.9.11.tgz 0ms (cache hit)
2705 http cache @babel/helper-string-parser@https://registry.npmjs.org/@babel/helper-string-parser/-/helper-string-parser-7.27.1.tgz 0ms (cache hit)
2706 http cache @babel/helper-globals@https://registry.npmjs.org/@babel/helper-globals/-/helper-globals-7.28.0.tgz 0ms (cache hit)
2707 http cache caniuse-lite@https://registry.npmjs.org/caniuse-lite/-/caniuse-lite-1.0.30001762.tgz 0ms (cache hit)
2708 http cache @babel/helper-module-imports@https://registry.npmjs.org/@babel/helper-module-imports/-/helper-module-imports-7.27.1.tgz 0ms (cache hit)
2709 http cache lru-cache@https://registry.npmjs.org/lru-cache/-/lru-cache-5.1.1.tgz 0ms (cache hit)
2710 http cache browserslist@https://registry.npmjs.org/browserslist/-/browserslist-4.28.1.tgz 0ms (cache hit)
2711 http cache @babel/helper-validator-option@https://registry.npmjs.org/@babel/helper-validator-option/-/helper-validator-option-7.27.1.tgz 0ms (cache hit)
2712 http cache @babel/compat-data@https://registry.npmjs.org/@babel/compat-data/-/compat-data-7.28.5.tgz 0ms (cache hit)
2713 http cache jsesc@https://registry.npmjs.org/jsesc/-/jsesc-3.1.0.tgz 0ms (cache hit)
2714 http cache picocolors@https://registry.npmjs.org/picocolors/-/picocolors-1.1.1.tgz 0ms (cache hit)
2715 http cache @babel/helper-validator-identifier@https://registry.npmjs.org/@babel/helper-validator-identifier/-/helper-validator-identifier-7.28.5.tgz 0ms (cache hit)
2716 http cache convert-source-map@https://registry.npmjs.org/convert-source-map/-/convert-source-map-2.0.0.tgz 0ms (cache hit)
2717 http cache gensync@https://registry.npmjs.org/gensync/-/gensync-1.0.0-beta.2.tgz 0ms (cache hit)
2718 http cache @babel/types@https://registry.npmjs.org/@babel/types/-/types-7.28.5.tgz 0ms (cache hit)
2719 http cache @babel/traverse@https://registry.npmjs.org/@babel/traverse/-/traverse-7.28.5.tgz 0ms (cache hit)
2720 http cache @babel/template@https://registry.npmjs.org/@babel/template/-/template-7.27.2.tgz 0ms (cache hit)
2721 http cache js-tokens@https://registry.npmjs.org/js-tokens/-/js-tokens-4.0.0.tgz 0ms (cache hit)
2722 http cache json5@https://registry.npmjs.org/json5/-/json5-2.2.3.tgz 0ms (cache hit)
2723 http cache @babel/helpers@https://registry.npmjs.org/@babel/helpers/-/helpers-7.28.4.tgz 0ms (cache hit)
2724 http cache @babel/helper-module-transforms@https://registry.npmjs.org/@babel/helper-module-transforms/-/helper-module-transforms-7.28.3.tgz 0ms (cache hit)
2725 http cache @babel/helper-compilation-targets@https://registry.npmjs.org/@babel/helper-compilation-targets/-/helper-compilation-targets-7.27.2.tgz 0ms (cache hit)
2726 http cache @babel/code-frame@https://registry.npmjs.org/@babel/code-frame/-/code-frame-7.27.1.tgz 0ms (cache hit)
2727 http cache zod-validation-error@https://registry.npmjs.org/zod-validation-error/-/zod-validation-error-4.0.2.tgz 0ms (cache hit)
2728 http cache hermes-parser@https://registry.npmjs.org/hermes-parser/-/hermes-parser-0.25.1.tgz 0ms (cache hit)
2729 http cache @babel/parser@https://registry.npmjs.org/@babel/parser/-/parser-7.28.5.tgz 0ms (cache hit)
2730 http cache @babel/generator@https://registry.npmjs.org/@babel/generator/-/generator-7.28.5.tgz 0ms (cache hit)
2731 http cache iterator.prototype@https://registry.npmjs.org/iterator.prototype/-/iterator.prototype-1.1.5.tgz 0ms (cache hit)
2732 http cache @babel/core@https://registry.npmjs.org/@babel/core/-/core-7.28.5.tgz 0ms (cache hit)
2733 http cache string.prototype.repeat@https://registry.npmjs.org/string.prototype.repeat/-/string.prototype.repeat-1.0.0.tgz 0ms (cache hit)
2734 http cache prop-types@https://registry.npmjs.org/prop-types/-/prop-types-15.8.1.tgz 0ms (cache hit)
2735 http cache string.prototype.matchall@https://registry.npmjs.org/string.prototype.matchall/-/string.prototype.matchall-4.0.12.tgz 0ms (cache hit)
2736 http cache zod@https://registry.npmjs.org/zod/-/zod-4.3.4.tgz 0ms (cache hit)
2737 http cache object.entries@https://registry.npmjs.org/object.entries/-/object.entries-1.1.9.tgz 0ms (cache hit)
2738 http cache estraverse@https://registry.npmjs.org/estraverse/-/estraverse-5.3.0.tgz 0ms (cache hit)
2739 http cache es-iterator-helpers@https://registry.npmjs.org/es-iterator-helpers/-/es-iterator-helpers-1.2.2.tgz 0ms (cache hit)
2740 http cache array.prototype.tosorted@https://registry.npmjs.org/array.prototype.tosorted/-/array.prototype.tosorted-1.1.4.tgz 0ms (cache hit)
2741 http cache array.prototype.findlast@https://registry.npmjs.org/array.prototype.findlast/-/array.prototype.findlast-1.2.5.tgz 0ms (cache hit)
2742 http cache string.prototype.includes@https://registry.npmjs.org/string.prototype.includes/-/string.prototype.includes-2.0.1.tgz 0ms (cache hit)
2743 http cache language-tags@https://registry.npmjs.org/language-tags/-/language-tags-1.0.9.tgz 0ms (cache hit)
2744 http cache jsx-ast-utils@https://registry.npmjs.org/jsx-ast-utils/-/jsx-ast-utils-3.3.5.tgz 0ms (cache hit)
2745 http cache emoji-regex@https://registry.npmjs.org/emoji-regex/-/emoji-regex-9.2.2.tgz 0ms (cache hit)
2746 http cache damerau-levenshtein@https://registry.npmjs.org/damerau-levenshtein/-/damerau-levenshtein-1.0.8.tgz 0ms (cache hit)
2747 http cache axobject-query@https://registry.npmjs.org/axobject-query/-/axobject-query-4.1.0.tgz 0ms (cache hit)
2748 http cache axe-core@https://registry.npmjs.org/axe-core/-/axe-core-4.11.0.tgz 0ms (cache hit)
2749 http cache ast-types-flow@https://registry.npmjs.org/ast-types-flow/-/ast-types-flow-0.0.8.tgz 0ms (cache hit)
2750 http cache aria-query@https://registry.npmjs.org/aria-query/-/aria-query-5.3.2.tgz 0ms (cache hit)
2751 http cache is-symbol@https://registry.npmjs.org/is-symbol/-/is-symbol-1.1.1.tgz 0ms (cache hit)
2752 http cache is-date-object@https://registry.npmjs.org/is-date-object/-/is-date-object-1.1.0.tgz 0ms (cache hit)
2753 http cache has-tostringtag@https://registry.npmjs.org/has-tostringtag/-/has-tostringtag-1.0.2.tgz 0ms (cache hit)
2754 http cache which-typed-array@https://registry.npmjs.org/which-typed-array/-/which-typed-array-1.1.19.tgz 0ms (cache hit)
2755 http cache possible-typed-array-names@https://registry.npmjs.org/possible-typed-array-names/-/possible-typed-array-names-1.1.0.tgz 0ms (cache hit)
2756 http cache unbox-primitive@https://registry.npmjs.org/unbox-primitive/-/unbox-primitive-1.1.0.tgz 0ms (cache hit)
2757 http cache typed-array-length@https://registry.npmjs.org/typed-array-length/-/typed-array-length-1.0.7.tgz 0ms (cache hit)
2758 http cache typed-array-byte-offset@https://registry.npmjs.org/typed-array-byte-offset/-/typed-array-byte-offset-1.0.4.tgz 0ms (cache hit)
2759 http cache typed-array-byte-length@https://registry.npmjs.org/typed-array-byte-length/-/typed-array-byte-length-1.0.3.tgz 0ms (cache hit)
2760 http cache typed-array-buffer@https://registry.npmjs.org/typed-array-buffer/-/typed-array-buffer-1.0.3.tgz 0ms (cache hit)
2761 http cache string.prototype.trimstart@https://registry.npmjs.org/string.prototype.trimstart/-/string.prototype.trimstart-1.0.8.tgz 0ms (cache hit)
2762 http cache string.prototype.trim@https://registry.npmjs.org/string.prototype.trim/-/string.prototype.trim-1.2.10.tgz 0ms (cache hit)
2763 http cache stop-iteration-iterator@https://registry.npmjs.org/stop-iteration-iterator/-/stop-iteration-iterator-1.1.0.tgz 0ms (cache hit)
2764 http cache set-proto@https://registry.npmjs.org/set-proto/-/set-proto-1.0.0.tgz 0ms (cache hit)
2765 http cache safe-regex-test@https://registry.npmjs.org/safe-regex-test/-/safe-regex-test-1.1.0.tgz 0ms (cache hit)
2766 http cache safe-push-apply@https://registry.npmjs.org/safe-push-apply/-/safe-push-apply-1.0.0.tgz 0ms (cache hit)
2767 http cache safe-array-concat@https://registry.npmjs.org/safe-array-concat/-/safe-array-concat-1.1.3.tgz 0ms (cache hit)
2768 http cache regexp.prototype.flags@https://registry.npmjs.org/regexp.prototype.flags/-/regexp.prototype.flags-1.5.4.tgz 0ms (cache hit)
2769 http cache own-keys@https://registry.npmjs.org/own-keys/-/own-keys-1.0.1.tgz 0ms (cache hit)
2770 http cache object.assign@https://registry.npmjs.org/object.assign/-/object.assign-4.1.7.tgz 0ms (cache hit)
2771 http cache object-inspect@https://registry.npmjs.org/object-inspect/-/object-inspect-1.13.4.tgz 0ms (cache hit)
2772 http cache is-weakref@https://registry.npmjs.org/is-weakref/-/is-weakref-1.1.1.tgz 0ms (cache hit)
2773 http cache is-typed-array@https://registry.npmjs.org/is-typed-array/-/is-typed-array-1.1.15.tgz 0ms (cache hit)
2774 http cache is-set@https://registry.npmjs.org/is-set/-/is-set-2.0.3.tgz 0ms (cache hit)
2775 http cache is-shared-array-buffer@https://registry.npmjs.org/is-shared-array-buffer/-/is-shared-array-buffer-1.0.4.tgz 0ms (cache hit)
2776 http cache is-regex@https://registry.npmjs.org/is-regex/-/is-regex-1.2.1.tgz 0ms (cache hit)
2777 http cache is-negative-zero@https://registry.npmjs.org/is-negative-zero/-/is-negative-zero-2.0.3.tgz 0ms (cache hit)
2778 http cache is-data-view@https://registry.npmjs.org/is-data-view/-/is-data-view-1.0.2.tgz 0ms (cache hit)
2779 http cache is-callable@https://registry.npmjs.org/is-callable/-/is-callable-1.2.7.tgz 0ms (cache hit)
2780 http cache is-array-buffer@https://registry.npmjs.org/is-array-buffer/-/is-array-buffer-3.0.5.tgz 0ms (cache hit)
2781 http cache internal-slot@https://registry.npmjs.org/internal-slot/-/internal-slot-1.1.0.tgz 0ms (cache hit)
2782 http cache has-symbols@https://registry.npmjs.org/has-symbols/-/has-symbols-1.1.0.tgz 0ms (cache hit)
2783 http cache has-proto@https://registry.npmjs.org/has-proto/-/has-proto-1.2.0.tgz 0ms (cache hit)
2784 http cache globalthis@https://registry.npmjs.org/globalthis/-/globalthis-1.0.4.tgz 0ms (cache hit)
2785 http cache get-symbol-description@https://registry.npmjs.org/get-symbol-description/-/get-symbol-description-1.1.0.tgz 0ms (cache hit)
2786 http cache get-proto@https://registry.npmjs.org/get-proto/-/get-proto-1.0.1.tgz 0ms (cache hit)
2787 http cache function.prototype.name@https://registry.npmjs.org/function.prototype.name/-/function.prototype.name-1.1.8.tgz 0ms (cache hit)
2788 http cache es-to-primitive@https://registry.npmjs.org/es-to-primitive/-/es-to-primitive-1.3.0.tgz 0ms (cache hit)
2789 http cache es-set-tostringtag@https://registry.npmjs.org/es-set-tostringtag/-/es-set-tostringtag-2.1.0.tgz 0ms (cache hit)
2790 http cache data-view-byte-offset@https://registry.npmjs.org/data-view-byte-offset/-/data-view-byte-offset-1.0.1.tgz 0ms (cache hit)
2791 http cache data-view-byte-length@https://registry.npmjs.org/data-view-byte-length/-/data-view-byte-length-1.0.2.tgz 0ms (cache hit)
2792 http cache data-view-buffer@https://registry.npmjs.org/data-view-buffer/-/data-view-buffer-1.0.2.tgz 0ms (cache hit)
2793 http cache available-typed-arrays@https://registry.npmjs.org/available-typed-arrays/-/available-typed-arrays-1.0.7.tgz 0ms (cache hit)
2794 http cache arraybuffer.prototype.slice@https://registry.npmjs.org/arraybuffer.prototype.slice/-/arraybuffer.prototype.slice-1.0.4.tgz 0ms (cache hit)
2795 http cache array-buffer-byte-length@https://registry.npmjs.org/array-buffer-byte-length/-/array-buffer-byte-length-1.0.2.tgz 0ms (cache hit)
2796 http cache gopd@https://registry.npmjs.org/gopd/-/gopd-1.2.0.tgz 0ms (cache hit)
2797 http cache object-keys@https://registry.npmjs.org/object-keys/-/object-keys-1.1.1.tgz 0ms (cache hit)
2798 http cache has-property-descriptors@https://registry.npmjs.org/has-property-descriptors/-/has-property-descriptors-1.0.2.tgz 0ms (cache hit)
2799 http cache define-data-property@https://registry.npmjs.org/define-data-property/-/define-data-property-1.1.4.tgz 0ms (cache hit)
2800 http cache set-function-length@https://registry.npmjs.org/set-function-length/-/set-function-length-1.2.2.tgz 0ms (cache hit)
2801 http cache function-bind@https://registry.npmjs.org/function-bind/-/function-bind-1.1.2.tgz 0ms (cache hit)
2802 http cache es-define-property@https://registry.npmjs.org/es-define-property/-/es-define-property-1.0.1.tgz 0ms (cache hit)
2803 http cache call-bind-apply-helpers@https://registry.npmjs.org/call-bind-apply-helpers/-/call-bind-apply-helpers-1.0.2.tgz 0ms (cache hit)
2804 http cache es-shim-unscopables@https://registry.npmjs.org/es-shim-unscopables/-/es-shim-unscopables-1.1.0.tgz 0ms (cache hit)
2805 http cache es-errors@https://registry.npmjs.org/es-errors/-/es-errors-1.3.0.tgz 0ms (cache hit)
2806 http cache math-intrinsics@https://registry.npmjs.org/math-intrinsics/-/math-intrinsics-1.1.0.tgz 0ms (cache hit)
2807 http cache is-string@https://registry.npmjs.org/is-string/-/is-string-1.1.1.tgz 0ms (cache hit)
2808 http cache get-intrinsic@https://registry.npmjs.org/get-intrinsic/-/get-intrinsic-1.3.0.tgz 0ms (cache hit)
2809 http cache es-object-atoms@https://registry.npmjs.org/es-object-atoms/-/es-object-atoms-1.1.1.tgz 0ms (cache hit)
2810 http cache es-abstract@https://registry.npmjs.org/es-abstract/-/es-abstract-1.24.1.tgz 0ms (cache hit)
2811 http cache define-properties@https://registry.npmjs.org/define-properties/-/define-properties-1.2.1.tgz 0ms (cache hit)
2812 http cache call-bind@https://registry.npmjs.org/call-bind/-/call-bind-1.0.8.tgz 0ms (cache hit)
2813 http cache call-bound@https://registry.npmjs.org/call-bound/-/call-bound-1.0.4.tgz 0ms (cache hit)
2814 http cache string.prototype.trimend@https://registry.npmjs.org/string.prototype.trimend/-/string.prototype.trimend-1.0.9.tgz 0ms (cache hit)
2815 http cache tsconfig-paths@https://registry.npmjs.org/tsconfig-paths/-/tsconfig-paths-3.15.0.tgz 0ms (cache hit)
2816 http cache semver@https://registry.npmjs.org/semver/-/semver-6.3.1.tgz 0ms (cache hit)
2817 http cache object.values@https://registry.npmjs.org/object.values/-/object.values-1.2.1.tgz 0ms (cache hit)
2818 http cache object.groupby@https://registry.npmjs.org/object.groupby/-/object.groupby-1.0.3.tgz 0ms (cache hit)
2819 http cache object.fromentries@https://registry.npmjs.org/object.fromentries/-/object.fromentries-2.0.8.tgz 0ms (cache hit)
2820 http cache hasown@https://registry.npmjs.org/hasown/-/hasown-2.0.2.tgz 0ms (cache hit)
2821 http cache doctrine@https://registry.npmjs.org/doctrine/-/doctrine-2.1.0.tgz 0ms (cache hit)
2822 http cache array.prototype.flatmap@https://registry.npmjs.org/array.prototype.flatmap/-/array.prototype.flatmap-1.3.3.tgz 0ms (cache hit)
2823 http cache eslint-module-utils@https://registry.npmjs.org/eslint-module-utils/-/eslint-module-utils-2.12.1.tgz 0ms (cache hit)
2824 http cache array.prototype.flat@https://registry.npmjs.org/array.prototype.flat/-/array.prototype.flat-1.3.3.tgz 0ms (cache hit)
2825 http cache array.prototype.findlastindex@https://registry.npmjs.org/array.prototype.findlastindex/-/array.prototype.findlastindex-1.2.6.tgz 0ms (cache hit)
2826 http cache @rtsao/scc@https://registry.npmjs.org/@rtsao/scc/-/scc-1.1.0.tgz 0ms (cache hit)
2827 http cache array-includes@https://registry.npmjs.org/array-includes/-/array-includes-3.1.9.tgz 0ms (cache hit)
2828 http cache unrs-resolver@https://registry.npmjs.org/unrs-resolver/-/unrs-resolver-1.11.1.tgz 0ms (cache hit)
2829 http cache tinyglobby@https://registry.npmjs.org/tinyglobby/-/tinyglobby-0.2.15.tgz 0ms (cache hit)
2830 http cache stable-hash@https://registry.npmjs.org/stable-hash/-/stable-hash-0.0.5.tgz 0ms (cache hit)
2831 http cache is-bun-module@https://registry.npmjs.org/is-bun-module/-/is-bun-module-2.0.0.tgz 0ms (cache hit)
2832 http cache get-tsconfig@https://registry.npmjs.org/get-tsconfig/-/get-tsconfig-4.13.0.tgz 0ms (cache hit)
2833 http cache @nolyfill/is-core-module@https://registry.npmjs.org/@nolyfill/is-core-module/-/is-core-module-1.0.39.tgz 0ms (cache hit)
2834 http cache resolve@https://registry.npmjs.org/resolve/-/resolve-1.22.11.tgz 0ms (cache hit)
2835 http cache fast-glob@https://registry.npmjs.org/fast-glob/-/fast-glob-3.3.1.tgz 0ms (cache hit)
2836 http cache typescript-eslint@https://registry.npmjs.org/typescript-eslint/-/typescript-eslint-8.51.0.tgz 0ms (cache hit)
2837 http cache eslint-plugin-react-hooks@https://registry.npmjs.org/eslint-plugin-react-hooks/-/eslint-plugin-react-hooks-7.0.1.tgz 0ms (cache hit)
2838 http cache eslint-plugin-react@https://registry.npmjs.org/eslint-plugin-react/-/eslint-plugin-react-7.37.5.tgz 0ms (cache hit)
2839 http cache is-core-module@https://registry.npmjs.org/is-core-module/-/is-core-module-2.16.1.tgz 0ms (cache hit)
2840 http cache eslint-plugin-jsx-a11y@https://registry.npmjs.org/eslint-plugin-jsx-a11y/-/eslint-plugin-jsx-a11y-6.10.2.tgz 0ms (cache hit)
2841 http cache eslint-import-resolver-typescript@https://registry.npmjs.org/eslint-import-resolver-typescript/-/eslint-import-resolver-typescript-3.10.1.tgz 0ms (cache hit)
2842 http cache eslint-plugin-import@https://registry.npmjs.org/eslint-plugin-import/-/eslint-plugin-import-2.32.0.tgz 0ms (cache hit)
2843 http cache eslint-import-resolver-node@https://registry.npmjs.org/eslint-import-resolver-node/-/eslint-import-resolver-node-0.3.9.tgz 0ms (cache hit)
2844 http cache ms@https://registry.npmjs.org/ms/-/ms-2.1.3.tgz 0ms (cache hit)
2845 http cache @next/eslint-plugin-next@https://registry.npmjs.org/@next/eslint-plugin-next/-/eslint-plugin-next-16.1.1.tgz 0ms (cache hit)
2846 http cache shebang-command@https://registry.npmjs.org/shebang-command/-/shebang-command-2.0.0.tgz 0ms (cache hit)
2847 http cache which@https://registry.npmjs.org/which/-/which-2.0.2.tgz 0ms (cache hit)
2848 http cache color-name@https://registry.npmjs.org/color-name/-/color-name-1.1.4.tgz 0ms (cache hit)
2849 http cache path-key@https://registry.npmjs.org/path-key/-/path-key-3.1.1.tgz 0ms (cache hit)
2850 http cache supports-color@https://registry.npmjs.org/supports-color/-/supports-color-7.2.0.tgz 0ms (cache hit)
2851 http cache color-convert@https://registry.npmjs.org/color-convert/-/color-convert-2.0.1.tgz 0ms (cache hit)
2852 http cache ansi-styles@https://registry.npmjs.org/ansi-styles/-/ansi-styles-4.3.0.tgz 0ms (cache hit)
2853 http cache uri-js@https://registry.npmjs.org/uri-js/-/uri-js-4.4.1.tgz 0ms (cache hit)
2854 http cache fast-json-stable-stringify@https://registry.npmjs.org/fast-json-stable-stringify/-/fast-json-stable-stringify-2.1.0.tgz 0ms (cache hit)
2855 http cache json-schema-traverse@https://registry.npmjs.org/json-schema-traverse/-/json-schema-traverse-0.4.1.tgz 0ms (cache hit)
2856 http cache @humanfs/core@https://registry.npmjs.org/@humanfs/core/-/core-0.19.1.tgz 0ms (cache hit)
2857 http cache levn@https://registry.npmjs.org/levn/-/levn-0.4.1.tgz 0ms (cache hit)
2858 http cache strip-json-comments@https://registry.npmjs.org/strip-json-comments/-/strip-json-comments-3.1.1.tgz 0ms (cache hit)
2859 http cache js-yaml@https://registry.npmjs.org/js-yaml/-/js-yaml-4.1.1.tgz 0ms (cache hit)
2860 http cache import-fresh@https://registry.npmjs.org/import-fresh/-/import-fresh-3.3.1.tgz 0ms (cache hit)
2861 http cache globals@https://registry.npmjs.org/globals/-/globals-14.0.0.tgz 0ms (cache hit)
2862 http cache @eslint/object-schema@https://registry.npmjs.org/@eslint/object-schema/-/object-schema-2.1.7.tgz 0ms (cache hit)
2863 http cache @types/json-schema@https://registry.npmjs.org/@types/json-schema/-/json-schema-7.0.15.tgz 0ms (cache hit)
2864 http cache optionator@https://registry.npmjs.org/optionator/-/optionator-0.9.4.tgz 0ms (cache hit)
2865 http cache natural-compare@https://registry.npmjs.org/natural-compare/-/natural-compare-1.4.0.tgz 0ms (cache hit)
2866 http cache minimatch@https://registry.npmjs.org/minimatch/-/minimatch-3.1.2.tgz 0ms (cache hit)
2867 http cache lodash.merge@https://registry.npmjs.org/lodash.merge/-/lodash.merge-4.6.2.tgz 0ms (cache hit)
2868 http cache json-stable-stringify-without-jsonify@https://registry.npmjs.org/json-stable-stringify-without-jsonify/-/json-stable-stringify-without-jsonify-1.0.1.tgz 0ms (cache hit)
2869 http cache is-glob@https://registry.npmjs.org/is-glob/-/is-glob-4.0.3.tgz 0ms (cache hit)
2870 http cache imurmurhash@https://registry.npmjs.org/imurmurhash/-/imurmurhash-0.1.4.tgz 0ms (cache hit)
2871 http cache ignore@https://registry.npmjs.org/ignore/-/ignore-5.3.2.tgz 0ms (cache hit)
2872 http cache glob-parent@https://registry.npmjs.org/glob-parent/-/glob-parent-6.0.2.tgz 0ms (cache hit)
2873 http cache find-up@https://registry.npmjs.org/find-up/-/find-up-5.0.0.tgz 0ms (cache hit)
2874 http cache file-entry-cache@https://registry.npmjs.org/file-entry-cache/-/file-entry-cache-8.0.0.tgz 0ms (cache hit)
2875 http cache esquery@https://registry.npmjs.org/esquery/-/esquery-1.7.0.tgz 0ms (cache hit)
2876 http cache fast-deep-equal@https://registry.npmjs.org/fast-deep-equal/-/fast-deep-equal-3.1.3.tgz 0ms (cache hit)
2877 http cache esutils@https://registry.npmjs.org/esutils/-/esutils-2.0.3.tgz 0ms (cache hit)
2878 http cache espree@https://registry.npmjs.org/espree/-/espree-10.4.0.tgz 0ms (cache hit)
2879 http cache eslint-visitor-keys@https://registry.npmjs.org/eslint-visitor-keys/-/eslint-visitor-keys-4.2.1.tgz 0ms (cache hit)
2880 http cache eslint-scope@https://registry.npmjs.org/eslint-scope/-/eslint-scope-8.4.0.tgz 0ms (cache hit)
2881 http cache escape-string-regexp@https://registry.npmjs.org/escape-string-regexp/-/escape-string-regexp-4.0.0.tgz 0ms (cache hit)
2882 http cache debug@https://registry.npmjs.org/debug/-/debug-4.4.3.tgz 0ms (cache hit)
2883 http cache chalk@https://registry.npmjs.org/chalk/-/chalk-4.1.2.tgz 0ms (cache hit)
2884 http cache ajv@https://registry.npmjs.org/ajv/-/ajv-6.12.6.tgz 0ms (cache hit)
2885 http cache cross-spawn@https://registry.npmjs.org/cross-spawn/-/cross-spawn-7.0.6.tgz 0ms (cache hit)
2886 http cache @types/estree@https://registry.npmjs.org/@types/estree/-/estree-1.0.8.tgz 0ms (cache hit)
2887 http cache @humanwhocodes/retry@https://registry.npmjs.org/@humanwhocodes/retry/-/retry-0.4.3.tgz 0ms (cache hit)
2888 http cache @humanwhocodes/module-importer@https://registry.npmjs.org/@humanwhocodes/module-importer/-/module-importer-1.0.1.tgz 0ms (cache hit)
2889 http cache @humanfs/node@https://registry.npmjs.org/@humanfs/node/-/node-0.16.7.tgz 0ms (cache hit)
2890 http cache @eslint/plugin-kit@https://registry.npmjs.org/@eslint/plugin-kit/-/plugin-kit-0.4.1.tgz 0ms (cache hit)
2891 http cache @eslint/js@https://registry.npmjs.org/@eslint/js/-/js-9.39.2.tgz 0ms (cache hit)
2892 http cache @eslint/eslintrc@https://registry.npmjs.org/@eslint/eslintrc/-/eslintrc-3.3.3.tgz 0ms (cache hit)
2893 http cache @eslint/core@https://registry.npmjs.org/@eslint/core/-/core-0.17.0.tgz 0ms (cache hit)
2894 http cache @eslint/config-helpers@https://registry.npmjs.org/@eslint/config-helpers/-/config-helpers-0.4.2.tgz 0ms (cache hit)
2895 http cache @eslint/config-array@https://registry.npmjs.org/@eslint/config-array/-/config-array-0.21.1.tgz 0ms (cache hit)
2896 http cache @eslint-community/regexpp@https://registry.npmjs.org/@eslint-community/regexpp/-/regexpp-4.12.2.tgz 0ms (cache hit)
2897 http cache tapable@https://registry.npmjs.org/tapable/-/tapable-2.3.0.tgz 0ms (cache hit)
2898 http cache @eslint-community/eslint-utils@https://registry.npmjs.org/@eslint-community/eslint-utils/-/eslint-utils-4.9.1.tgz 0ms (cache hit)
2899 http cache graceful-fs@https://registry.npmjs.org/graceful-fs/-/graceful-fs-4.2.11.tgz 0ms (cache hit)
2900 http cache csstype@https://registry.npmjs.org/csstype/-/csstype-3.2.3.tgz 0ms (cache hit)
2901 http cache undici-types@https://registry.npmjs.org/undici-types/-/undici-types-6.21.0.tgz 0ms (cache hit)
2902 http cache @tailwindcss/oxide-darwin-arm64@https://registry.npmjs.org/@tailwindcss/oxide-darwin-arm64/-/oxide-darwin-arm64-4.1.18.tgz 0ms (cache hit)
2903 http cache @jridgewell/resolve-uri@https://registry.npmjs.org/@jridgewell/resolve-uri/-/resolve-uri-3.1.2.tgz 0ms (cache hit)
2904 http cache @jridgewell/trace-mapping@https://registry.npmjs.org/@jridgewell/trace-mapping/-/trace-mapping-0.3.31.tgz 0ms (cache hit)
2905 http cache @jridgewell/sourcemap-codec@https://registry.npmjs.org/@jridgewell/sourcemap-codec/-/sourcemap-codec-1.5.5.tgz 0ms (cache hit)
2906 http cache source-map-js@https://registry.npmjs.org/source-map-js/-/source-map-js-1.2.1.tgz 0ms (cache hit)
2907 http cache @jridgewell/gen-mapping@https://registry.npmjs.org/@jridgewell/gen-mapping/-/gen-mapping-0.3.13.tgz 0ms (cache hit)
2908 http cache magic-string@https://registry.npmjs.org/magic-string/-/magic-string-0.30.21.tgz 0ms (cache hit)
2909 http cache lightningcss@https://registry.npmjs.org/lightningcss/-/lightningcss-1.30.2.tgz 0ms (cache hit)
2910 http cache jiti@https://registry.npmjs.org/jiti/-/jiti-2.6.1.tgz 0ms (cache hit)
2911 http cache enhanced-resolve@https://registry.npmjs.org/enhanced-resolve/-/enhanced-resolve-5.18.4.tgz 0ms (cache hit)
2912 http cache @jridgewell/remapping@https://registry.npmjs.org/@jridgewell/remapping/-/remapping-2.3.5.tgz 0ms (cache hit)
2913 http cache postcss@https://registry.npmjs.org/postcss/-/postcss-8.5.6.tgz 0ms (cache hit)
2914 http cache @tailwindcss/oxide@https://registry.npmjs.org/@tailwindcss/oxide/-/oxide-4.1.18.tgz 0ms (cache hit)
2915 http cache @alloc/quick-lru@https://registry.npmjs.org/@alloc/quick-lru/-/quick-lru-5.2.0.tgz 0ms (cache hit)
2916 http cache typescript@https://registry.npmjs.org/typescript/-/typescript-5.9.3.tgz 0ms (cache hit)
2917 http cache @tailwindcss/node@https://registry.npmjs.org/@tailwindcss/node/-/node-4.1.18.tgz 0ms (cache hit)
2918 http cache tailwindcss@https://registry.npmjs.org/tailwindcss/-/tailwindcss-4.1.18.tgz 0ms (cache hit)
2919 http cache react-dom@https://registry.npmjs.org/react-dom/-/react-dom-19.2.3.tgz 0ms (cache hit)
2920 http cache react@https://registry.npmjs.org/react/-/react-19.2.3.tgz 0ms (cache hit)
2921 http cache next@https://registry.npmjs.org/next/-/next-16.1.1.tgz 0ms (cache hit)
2922 http cache eslint-config-next@https://registry.npmjs.org/eslint-config-next/-/eslint-config-next-16.1.1.tgz 0ms (cache hit)
2923 http cache @types/react-dom@https://registry.npmjs.org/@types/react-dom/-/react-dom-19.2.3.tgz 0ms (cache hit)
2924 http cache @types/react@https://registry.npmjs.org/@types/react/-/react-19.2.7.tgz 0ms (cache hit)
2925 http cache @types/node@https://registry.npmjs.org/@types/node/-/node-20.19.27.tgz 0ms (cache hit)
2926 http cache @tailwindcss/postcss@https://registry.npmjs.org/@tailwindcss/postcss/-/postcss-4.1.18.tgz 0ms (cache hit)
2927 http cache eslint@https://registry.npmjs.org/eslint/-/eslint-9.39.2.tgz 0ms (cache hit)
2928 http cache brace-expansion@https://registry.npmjs.org/brace-expansion/-/brace-expansion-2.0.2.tgz 0ms (cache hit)
2929 http cache semver@https://registry.npmjs.org/semver/-/semver-7.7.3.tgz 0ms (cache hit)
2930 http cache minimatch@https://registry.npmjs.org/minimatch/-/minimatch-9.0.5.tgz 0ms (cache hit)
2931 http cache semver@https://registry.npmjs.org/semver/-/semver-7.7.3.tgz 0ms (cache hit)
2932 http cache ignore@https://registry.npmjs.org/ignore/-/ignore-7.0.5.tgz 0ms (cache hit)
2933 http cache json5@https://registry.npmjs.org/json5/-/json5-1.0.2.tgz 0ms (cache hit)
2934 http cache picomatch@https://registry.npmjs.org/picomatch/-/picomatch-4.0.3.tgz 0ms (cache hit)
2935 http cache semver@https://registry.npmjs.org/semver/-/semver-7.7.3.tgz 0ms (cache hit)
2936 http cache fdir@https://registry.npmjs.org/fdir/-/fdir-6.5.0.tgz 0ms (cache hit)
2937 http cache debug@https://registry.npmjs.org/debug/-/debug-3.2.7.tgz 0ms (cache hit)
2938 http cache debug@https://registry.npmjs.org/debug/-/debug-3.2.7.tgz 0ms (cache hit)
2939 http cache resolve@https://registry.npmjs.org/resolve/-/resolve-2.0.0-next.5.tgz 0ms (cache hit)
2940 http cache glob-parent@https://registry.npmjs.org/glob-parent/-/glob-parent-5.1.2.tgz 0ms (cache hit)
2941 http cache debug@https://registry.npmjs.org/debug/-/debug-3.2.7.tgz 0ms (cache hit)
2942 http cache globals@https://registry.npmjs.org/globals/-/globals-16.4.0.tgz 0ms (cache hit)
2943 http cache postcss@https://registry.npmjs.org/postcss/-/postcss-8.4.31.tgz 0ms (cache hit)
2944 http cache eslint-visitor-keys@https://registry.npmjs.org/eslint-visitor-keys/-/eslint-visitor-keys-3.4.3.tgz 0ms (cache hit)
2945 silly tarball no local data for is-weakset@https://registry.npmjs.org/is-weakset/-/is-weakset-2.0.4.tgz. Extracting by manifest.
2946 silly tarball no local data for is-map@https://registry.npmjs.org/is-map/-/is-map-2.0.3.tgz. Extracting by manifest.
2947 silly tarball no local data for async-function@https://registry.npmjs.org/async-function/-/async-function-1.0.0.tgz. Extracting by manifest.
2948 silly tarball no local data for which-collection@https://registry.npmjs.org/which-collection/-/which-collection-1.0.2.tgz. Extracting by manifest.
2949 silly tarball no local data for is-weakmap@https://registry.npmjs.org/is-weakmap/-/is-weakmap-2.0.2.tgz. Extracting by manifest.
2950 silly tarball no local data for generator-function@https://registry.npmjs.org/generator-function/-/generator-function-2.0.1.tgz. Extracting by manifest.
2951 silly tarball no local data for is-generator-function@https://registry.npmjs.org/is-generator-function/-/is-generator-function-1.1.2.tgz. Extracting by manifest.
2952 silly tarball no local data for is-finalizationregistry@https://registry.npmjs.org/is-finalizationregistry/-/is-finalizationregistry-1.1.1.tgz. Extracting by manifest.
2953 silly tarball no local data for is-async-function@https://registry.npmjs.org/is-async-function/-/is-async-function-2.1.1.tgz. Extracting by manifest.
2954 silly tarball no local data for is-number-object@https://registry.npmjs.org/is-number-object/-/is-number-object-1.1.1.tgz. Extracting by manifest.
2955 silly tarball no local data for is-boolean-object@https://registry.npmjs.org/is-boolean-object/-/is-boolean-object-1.2.2.tgz. Extracting by manifest.
2956 silly tarball no local data for is-bigint@https://registry.npmjs.org/is-bigint/-/is-bigint-1.1.0.tgz. Extracting by manifest.
2957 silly tarball no local data for isexe@https://registry.npmjs.org/isexe/-/isexe-2.0.0.tgz. Extracting by manifest.
2958 silly tarball no local data for escalade@https://registry.npmjs.org/escalade/-/escalade-3.2.0.tgz. Extracting by manifest.
2959 silly tarball no local data for @emnapi/wasi-threads@https://registry.npmjs.org/@emnapi/wasi-threads/-/wasi-threads-1.1.0.tgz. Extracting by manifest.
2960 silly tarball no local data for punycode@https://registry.npmjs.org/punycode/-/punycode-2.3.1.tgz. Extracting by manifest.
2961 silly tarball no local data for @tybys/wasm-util@https://registry.npmjs.org/@tybys/wasm-util/-/wasm-util-0.10.1.tgz. Extracting by manifest.
2962 silly tarball no local data for @napi-rs/wasm-runtime@https://registry.npmjs.org/@napi-rs/wasm-runtime/-/wasm-runtime-0.2.12.tgz. Extracting by manifest.
2963 silly tarball no local data for napi-postinstall@https://registry.npmjs.org/napi-postinstall/-/napi-postinstall-0.3.4.tgz. Extracting by manifest.
2964 silly tarball no local data for @emnapi/core@https://registry.npmjs.org/@emnapi/core/-/core-1.7.1.tgz. Extracting by manifest.
2965 silly tarball no local data for @unrs/resolver-binding-darwin-arm64@https://registry.npmjs.org/@unrs/resolver-binding-darwin-arm64/-/resolver-binding-darwin-arm64-1.11.1.tgz. Extracting by manifest.
2966 silly tarball no local data for has-bigints@https://registry.npmjs.org/has-bigints/-/has-bigints-1.1.0.tgz. Extracting by manifest.
2967 silly tarball no local data for which-boxed-primitive@https://registry.npmjs.org/which-boxed-primitive/-/which-boxed-primitive-1.1.1.tgz. Extracting by manifest.
2968 silly tarball no local data for @typescript-eslint/tsconfig-utils@https://registry.npmjs.org/@typescript-eslint/tsconfig-utils/-/tsconfig-utils-8.51.0.tgz. Extracting by manifest.
2969 silly tarball no local data for @typescript-eslint/project-service@https://registry.npmjs.org/@typescript-eslint/project-service/-/project-service-8.51.0.tgz. Extracting by manifest.
2970 silly tarball no local data for @typescript-eslint/types@https://registry.npmjs.org/@typescript-eslint/types/-/types-8.51.0.tgz. Extracting by manifest.
2971 silly tarball no local data for ts-api-utils@https://registry.npmjs.org/ts-api-utils/-/ts-api-utils-2.3.0.tgz. Extracting by manifest.
2972 silly tarball no local data for @typescript-eslint/visitor-keys@https://registry.npmjs.org/@typescript-eslint/visitor-keys/-/visitor-keys-8.51.0.tgz. Extracting by manifest.
2973 silly tarball no local data for @typescript-eslint/type-utils@https://registry.npmjs.org/@typescript-eslint/type-utils/-/type-utils-8.51.0.tgz. Extracting by manifest.
2974 silly tarball no local data for @typescript-eslint/scope-manager@https://registry.npmjs.org/@typescript-eslint/scope-manager/-/scope-manager-8.51.0.tgz. Extracting by manifest.
2975 silly tarball no local data for @typescript-eslint/utils@https://registry.npmjs.org/@typescript-eslint/utils/-/utils-8.51.0.tgz. Extracting by manifest.
2976 silly tarball no local data for @typescript-eslint/parser@https://registry.npmjs.org/@typescript-eslint/parser/-/parser-8.51.0.tgz. Extracting by manifest.
2977 silly tarball no local data for @typescript-eslint/typescript-estree@https://registry.npmjs.org/@typescript-eslint/typescript-estree/-/typescript-estree-8.51.0.tgz. Extracting by manifest.
2978 silly tarball no local data for @typescript-eslint/eslint-plugin@https://registry.npmjs.org/@typescript-eslint/eslint-plugin/-/eslint-plugin-8.51.0.tgz. Extracting by manifest.
2979 silly tarball no local data for which-builtin-type@https://registry.npmjs.org/which-builtin-type/-/which-builtin-type-1.2.1.tgz. Extracting by manifest.
2980 silly tarball no local data for reflect.getprototypeof@https://registry.npmjs.org/reflect.getprototypeof/-/reflect.getprototypeof-1.0.10.tgz. Extracting by manifest.
2981 silly tarball no local data for for-each@https://registry.npmjs.org/for-each/-/for-each-0.3.5.tgz. Extracting by manifest.
2982 silly tarball no local data for strip-bom@https://registry.npmjs.org/strip-bom/-/strip-bom-3.0.0.tgz. Extracting by manifest.
2983 silly tarball no local data for @types/json5@https://registry.npmjs.org/@types/json5/-/json5-0.0.29.tgz. Extracting by manifest.
2984 silly tarball no local data for is-number@https://registry.npmjs.org/is-number/-/is-number-7.0.0.tgz. Extracting by manifest.
2985 silly tarball no local data for minimist@https://registry.npmjs.org/minimist/-/minimist-1.2.8.tgz. Extracting by manifest.
2986 silly tarball no local data for has-flag@https://registry.npmjs.org/has-flag/-/has-flag-4.0.0.tgz. Extracting by manifest.
2987 silly tarball no local data for client-only@https://registry.npmjs.org/client-only/-/client-only-0.0.1.tgz. Extracting by manifest.
2988 silly tarball no local data for side-channel-weakmap@https://registry.npmjs.org/side-channel-weakmap/-/side-channel-weakmap-1.0.2.tgz. Extracting by manifest.
2989 silly tarball no local data for side-channel-map@https://registry.npmjs.org/side-channel-map/-/side-channel-map-1.0.1.tgz. Extracting by manifest.
2990 silly tarball no local data for shebang-regex@https://registry.npmjs.org/shebang-regex/-/shebang-regex-3.0.0.tgz. Extracting by manifest.
2991 silly tarball no local data for side-channel-list@https://registry.npmjs.org/side-channel-list/-/side-channel-list-1.0.0.tgz. Extracting by manifest.
2992 silly tarball no local data for @emnapi/runtime@https://registry.npmjs.org/@emnapi/runtime/-/runtime-1.7.1.tgz. Extracting by manifest.
2993 silly tarball no local data for @img/sharp-libvips-darwin-arm64@https://registry.npmjs.org/@img/sharp-libvips-darwin-arm64/-/sharp-libvips-darwin-arm64-1.2.4.tgz. Extracting by manifest.
2994 silly tarball no local data for @img/sharp-darwin-arm64@https://registry.npmjs.org/@img/sharp-darwin-arm64/-/sharp-darwin-arm64-0.34.5.tgz. Extracting by manifest.
2995 silly tarball no local data for @img/colour@https://registry.npmjs.org/@img/colour/-/colour-1.0.0.tgz. Extracting by manifest.
2996 silly tarball no local data for isarray@https://registry.npmjs.org/isarray/-/isarray-2.0.5.tgz. Extracting by manifest.
2997 silly tarball no local data for queue-microtask@https://registry.npmjs.org/queue-microtask/-/queue-microtask-1.2.3.tgz. Extracting by manifest.
2998 silly tarball no local data for supports-preserve-symlinks-flag@https://registry.npmjs.org/supports-preserve-symlinks-flag/-/supports-preserve-symlinks-flag-1.0.0.tgz. Extracting by manifest.
2999 silly tarball no local data for scheduler@https://registry.npmjs.org/scheduler/-/scheduler-0.27.0.tgz. Extracting by manifest.
3000 silly tarball no local data for path-parse@https://registry.npmjs.org/path-parse/-/path-parse-1.0.7.tgz. Extracting by manifest.
3001 silly tarball no local data for react-is@https://registry.npmjs.org/react-is/-/react-is-16.13.1.tgz. Extracting by manifest.
3002 silly tarball no local data for object-assign@https://registry.npmjs.org/object-assign/-/object-assign-4.1.1.tgz. Extracting by manifest.
3003 silly tarball no local data for loose-envify@https://registry.npmjs.org/loose-envify/-/loose-envify-1.4.0.tgz. Extracting by manifest.
3004 silly tarball no local data for nanoid@https://registry.npmjs.org/nanoid/-/nanoid-3.3.11.tgz. Extracting by manifest.
3005 silly tarball no local data for yocto-queue@https://registry.npmjs.org/yocto-queue/-/yocto-queue-0.1.0.tgz. Extracting by manifest.
3006 silly tarball no local data for callsites@https://registry.npmjs.org/callsites/-/callsites-3.1.0.tgz. Extracting by manifest.
3007 silly tarball no local data for p-limit@https://registry.npmjs.org/p-limit/-/p-limit-3.1.0.tgz. Extracting by manifest.
3008 silly tarball no local data for word-wrap@https://registry.npmjs.org/word-wrap/-/word-wrap-1.2.5.tgz. Extracting by manifest.
3009 silly tarball no local data for fast-levenshtein@https://registry.npmjs.org/fast-levenshtein/-/fast-levenshtein-2.0.6.tgz. Extracting by manifest.
3010 silly tarball no local data for tslib@https://registry.npmjs.org/tslib/-/tslib-2.8.1.tgz. Extracting by manifest.
3011 silly tarball no local data for deep-is@https://registry.npmjs.org/deep-is/-/deep-is-0.1.4.tgz. Extracting by manifest.
3012 silly tarball no local data for styled-jsx@https://registry.npmjs.org/styled-jsx/-/styled-jsx-5.1.6.tgz. Extracting by manifest.
3013 silly tarball no local data for sharp@https://registry.npmjs.org/sharp/-/sharp-0.34.5.tgz. Extracting by manifest.
3014 silly tarball no local data for @swc/helpers@https://registry.npmjs.org/@swc/helpers/-/helpers-0.5.15.tgz. Extracting by manifest.
3015 silly tarball no local data for @next/swc-darwin-arm64@https://registry.npmjs.org/@next/swc-darwin-arm64/-/swc-darwin-arm64-16.1.1.tgz. Extracting by manifest.
3016 silly tarball no local data for concat-map@https://registry.npmjs.org/concat-map/-/concat-map-0.0.1.tgz. Extracting by manifest.
3017 silly tarball no local data for balanced-match@https://registry.npmjs.org/balanced-match/-/balanced-match-1.0.2.tgz. Extracting by manifest.
3018 silly tarball no local data for brace-expansion@https://registry.npmjs.org/brace-expansion/-/brace-expansion-1.1.12.tgz. Extracting by manifest.
3019 silly tarball no local data for to-regex-range@https://registry.npmjs.org/to-regex-range/-/to-regex-range-5.0.1.tgz. Extracting by manifest.
3020 silly tarball no local data for @next/env@https://registry.npmjs.org/@next/env/-/env-16.1.1.tgz. Extracting by manifest.
3021 silly tarball no local data for fill-range@https://registry.npmjs.org/fill-range/-/fill-range-7.1.1.tgz. Extracting by manifest.
3022 silly tarball no local data for picomatch@https://registry.npmjs.org/picomatch/-/picomatch-2.3.1.tgz. Extracting by manifest.
3023 silly tarball no local data for braces@https://registry.npmjs.org/braces/-/braces-3.0.3.tgz. Extracting by manifest.
3024 silly tarball no local data for yallist@https://registry.npmjs.org/yallist/-/yallist-3.1.1.tgz. Extracting by manifest.
3025 silly tarball no local data for p-locate@https://registry.npmjs.org/p-locate/-/p-locate-5.0.0.tgz. Extracting by manifest.
3026 silly tarball no local data for lightningcss-darwin-arm64@https://registry.npmjs.org/lightningcss-darwin-arm64/-/lightningcss-darwin-arm64-1.30.2.tgz. Extracting by manifest.
3027 silly tarball no local data for detect-libc@https://registry.npmjs.org/detect-libc/-/detect-libc-2.1.2.tgz. Extracting by manifest.
3028 silly tarball no local data for type-check@https://registry.npmjs.org/type-check/-/type-check-0.4.0.tgz. Extracting by manifest.
3029 silly tarball no local data for prelude-ls@https://registry.npmjs.org/prelude-ls/-/prelude-ls-1.2.1.tgz. Extracting by manifest.
3030 silly tarball no local data for language-subtag-registry@https://registry.npmjs.org/language-subtag-registry/-/language-subtag-registry-0.3.23.tgz. Extracting by manifest.
3031 silly tarball no local data for json-buffer@https://registry.npmjs.org/json-buffer/-/json-buffer-3.0.1.tgz. Extracting by manifest.
3032 silly tarball no local data for argparse@https://registry.npmjs.org/argparse/-/argparse-2.0.1.tgz. Extracting by manifest.
3033 silly tarball no local data for set-function-name@https://registry.npmjs.org/set-function-name/-/set-function-name-2.0.2.tgz. Extracting by manifest.
3034 silly tarball no local data for is-extglob@https://registry.npmjs.org/is-extglob/-/is-extglob-2.1.1.tgz. Extracting by manifest.
3035 silly tarball no local data for side-channel@https://registry.npmjs.org/side-channel/-/side-channel-1.1.0.tgz. Extracting by manifest.
3036 silly tarball no local data for resolve-from@https://registry.npmjs.org/resolve-from/-/resolve-from-4.0.0.tgz. Extracting by manifest.
3037 silly tarball no local data for parent-module@https://registry.npmjs.org/parent-module/-/parent-module-1.0.1.tgz. Extracting by manifest.
3038 silly tarball no local data for hermes-estree@https://registry.npmjs.org/hermes-estree/-/hermes-estree-0.25.1.tgz. Extracting by manifest.
3039 silly tarball no local data for resolve-pkg-maps@https://registry.npmjs.org/resolve-pkg-maps/-/resolve-pkg-maps-1.0.0.tgz. Extracting by manifest.
3040 silly tarball no local data for dunder-proto@https://registry.npmjs.org/dunder-proto/-/dunder-proto-1.0.1.tgz. Extracting by manifest.
3041 silly tarball no local data for functions-have-names@https://registry.npmjs.org/functions-have-names/-/functions-have-names-1.2.3.tgz. Extracting by manifest.
3042 silly tarball no local data for flatted@https://registry.npmjs.org/flatted/-/flatted-3.3.3.tgz. Extracting by manifest.
3043 silly tarball no local data for keyv@https://registry.npmjs.org/keyv/-/keyv-4.5.4.tgz. Extracting by manifest.
3044 silly tarball no local data for path-exists@https://registry.npmjs.org/path-exists/-/path-exists-4.0.0.tgz. Extracting by manifest.
3045 silly tarball no local data for locate-path@https://registry.npmjs.org/locate-path/-/locate-path-6.0.0.tgz. Extracting by manifest.
3046 silly tarball no local data for flat-cache@https://registry.npmjs.org/flat-cache/-/flat-cache-4.0.1.tgz. Extracting by manifest.
3047 silly tarball no local data for reusify@https://registry.npmjs.org/reusify/-/reusify-1.1.0.tgz. Extracting by manifest.
3048 silly tarball no local data for run-parallel@https://registry.npmjs.org/run-parallel/-/run-parallel-1.2.0.tgz. Extracting by manifest.
3049 silly tarball no local data for fastq@https://registry.npmjs.org/fastq/-/fastq-1.20.1.tgz. Extracting by manifest.
3050 silly tarball no local data for @nodelib/fs.scandir@https://registry.npmjs.org/@nodelib/fs.scandir/-/fs.scandir-2.1.5.tgz. Extracting by manifest.
3051 silly tarball no local data for micromatch@https://registry.npmjs.org/micromatch/-/micromatch-4.0.8.tgz. Extracting by manifest.
3052 silly tarball no local data for merge2@https://registry.npmjs.org/merge2/-/merge2-1.4.1.tgz. Extracting by manifest.
3053 silly tarball no local data for @nodelib/fs.walk@https://registry.npmjs.org/@nodelib/fs.walk/-/fs.walk-1.2.8.tgz. Extracting by manifest.
3054 silly tarball no local data for @nodelib/fs.stat@https://registry.npmjs.org/@nodelib/fs.stat/-/fs.stat-2.0.5.tgz. Extracting by manifest.
3055 silly tarball no local data for acorn-jsx@https://registry.npmjs.org/acorn-jsx/-/acorn-jsx-5.3.2.tgz. Extracting by manifest.
3056 silly tarball no local data for acorn@https://registry.npmjs.org/acorn/-/acorn-8.15.0.tgz. Extracting by manifest.
3057 silly tarball no local data for esrecurse@https://registry.npmjs.org/esrecurse/-/esrecurse-4.3.0.tgz. Extracting by manifest.
3058 silly tarball no local data for update-browserslist-db@https://registry.npmjs.org/update-browserslist-db/-/update-browserslist-db-1.2.3.tgz. Extracting by manifest.
3059 silly tarball no local data for node-releases@https://registry.npmjs.org/node-releases/-/node-releases-2.0.27.tgz. Extracting by manifest.
3060 silly tarball no local data for electron-to-chromium@https://registry.npmjs.org/electron-to-chromium/-/electron-to-chromium-1.5.267.tgz. Extracting by manifest.
3061 silly tarball no local data for baseline-browser-mapping@https://registry.npmjs.org/baseline-browser-mapping/-/baseline-browser-mapping-2.9.11.tgz. Extracting by manifest.
3062 silly tarball no local data for @babel/helper-string-parser@https://registry.npmjs.org/@babel/helper-string-parser/-/helper-string-parser-7.27.1.tgz. Extracting by manifest.
3063 silly tarball no local data for @babel/helper-globals@https://registry.npmjs.org/@babel/helper-globals/-/helper-globals-7.28.0.tgz. Extracting by manifest.
3064 silly tarball no local data for caniuse-lite@https://registry.npmjs.org/caniuse-lite/-/caniuse-lite-1.0.30001762.tgz. Extracting by manifest.
3065 silly tarball no local data for @babel/helper-module-imports@https://registry.npmjs.org/@babel/helper-module-imports/-/helper-module-imports-7.27.1.tgz. Extracting by manifest.
3066 silly tarball no local data for lru-cache@https://registry.npmjs.org/lru-cache/-/lru-cache-5.1.1.tgz. Extracting by manifest.
3067 silly tarball no local data for browserslist@https://registry.npmjs.org/browserslist/-/browserslist-4.28.1.tgz. Extracting by manifest.
3068 silly tarball no local data for @babel/helper-validator-option@https://registry.npmjs.org/@babel/helper-validator-option/-/helper-validator-option-7.27.1.tgz. Extracting by manifest.
3069 silly tarball no local data for @babel/compat-data@https://registry.npmjs.org/@babel/compat-data/-/compat-data-7.28.5.tgz. Extracting by manifest.
3070 silly tarball no local data for jsesc@https://registry.npmjs.org/jsesc/-/jsesc-3.1.0.tgz. Extracting by manifest.
3071 silly tarball no local data for picocolors@https://registry.npmjs.org/picocolors/-/picocolors-1.1.1.tgz. Extracting by manifest.
3072 silly tarball no local data for @babel/helper-validator-identifier@https://registry.npmjs.org/@babel/helper-validator-identifier/-/helper-validator-identifier-7.28.5.tgz. Extracting by manifest.
3073 silly tarball no local data for convert-source-map@https://registry.npmjs.org/convert-source-map/-/convert-source-map-2.0.0.tgz. Extracting by manifest.
3074 silly tarball no local data for gensync@https://registry.npmjs.org/gensync/-/gensync-1.0.0-beta.2.tgz. Extracting by manifest.
3075 silly tarball no local data for @babel/types@https://registry.npmjs.org/@babel/types/-/types-7.28.5.tgz. Extracting by manifest.
3076 silly tarball no local data for @babel/traverse@https://registry.npmjs.org/@babel/traverse/-/traverse-7.28.5.tgz. Extracting by manifest.
3077 silly tarball no local data for @babel/template@https://registry.npmjs.org/@babel/template/-/template-7.27.2.tgz. Extracting by manifest.
3078 silly tarball no local data for js-tokens@https://registry.npmjs.org/js-tokens/-/js-tokens-4.0.0.tgz. Extracting by manifest.
3079 silly tarball no local data for json5@https://registry.npmjs.org/json5/-/json5-2.2.3.tgz. Extracting by manifest.
3080 silly tarball no local data for @babel/helpers@https://registry.npmjs.org/@babel/helpers/-/helpers-7.28.4.tgz. Extracting by manifest.
3081 silly tarball no local data for @babel/helper-module-transforms@https://registry.npmjs.org/@babel/helper-module-transforms/-/helper-module-transforms-7.28.3.tgz. Extracting by manifest.
3082 silly tarball no local data for @babel/helper-compilation-targets@https://registry.npmjs.org/@babel/helper-compilation-targets/-/helper-compilation-targets-7.27.2.tgz. Extracting by manifest.
3083 silly tarball no local data for @babel/code-frame@https://registry.npmjs.org/@babel/code-frame/-/code-frame-7.27.1.tgz. Extracting by manifest.
3084 silly tarball no local data for zod-validation-error@https://registry.npmjs.org/zod-validation-error/-/zod-validation-error-4.0.2.tgz. Extracting by manifest.
3085 silly tarball no local data for hermes-parser@https://registry.npmjs.org/hermes-parser/-/hermes-parser-0.25.1.tgz. Extracting by manifest.
3086 silly tarball no local data for @babel/parser@https://registry.npmjs.org/@babel/parser/-/parser-7.28.5.tgz. Extracting by manifest.
3087 silly tarball no local data for @babel/generator@https://registry.npmjs.org/@babel/generator/-/generator-7.28.5.tgz. Extracting by manifest.
3088 silly tarball no local data for iterator.prototype@https://registry.npmjs.org/iterator.prototype/-/iterator.prototype-1.1.5.tgz. Extracting by manifest.
3089 silly tarball no local data for @babel/core@https://registry.npmjs.org/@babel/core/-/core-7.28.5.tgz. Extracting by manifest.
3090 silly tarball no local data for string.prototype.repeat@https://registry.npmjs.org/string.prototype.repeat/-/string.prototype.repeat-1.0.0.tgz. Extracting by manifest.
3091 silly tarball no local data for prop-types@https://registry.npmjs.org/prop-types/-/prop-types-15.8.1.tgz. Extracting by manifest.
3092 silly tarball no local data for string.prototype.matchall@https://registry.npmjs.org/string.prototype.matchall/-/string.prototype.matchall-4.0.12.tgz. Extracting by manifest.
3093 silly tarball no local data for zod@https://registry.npmjs.org/zod/-/zod-4.3.4.tgz. Extracting by manifest.
3094 silly tarball no local data for object.entries@https://registry.npmjs.org/object.entries/-/object.entries-1.1.9.tgz. Extracting by manifest.
3095 silly tarball no local data for estraverse@https://registry.npmjs.org/estraverse/-/estraverse-5.3.0.tgz. Extracting by manifest.
3096 silly tarball no local data for es-iterator-helpers@https://registry.npmjs.org/es-iterator-helpers/-/es-iterator-helpers-1.2.2.tgz. Extracting by manifest.
3097 silly tarball no local data for array.prototype.tosorted@https://registry.npmjs.org/array.prototype.tosorted/-/array.prototype.tosorted-1.1.4.tgz. Extracting by manifest.
3098 silly tarball no local data for array.prototype.findlast@https://registry.npmjs.org/array.prototype.findlast/-/array.prototype.findlast-1.2.5.tgz. Extracting by manifest.
3099 silly tarball no local data for string.prototype.includes@https://registry.npmjs.org/string.prototype.includes/-/string.prototype.includes-2.0.1.tgz. Extracting by manifest.
3100 silly tarball no local data for language-tags@https://registry.npmjs.org/language-tags/-/language-tags-1.0.9.tgz. Extracting by manifest.
3101 silly tarball no local data for jsx-ast-utils@https://registry.npmjs.org/jsx-ast-utils/-/jsx-ast-utils-3.3.5.tgz. Extracting by manifest.
3102 silly tarball no local data for emoji-regex@https://registry.npmjs.org/emoji-regex/-/emoji-regex-9.2.2.tgz. Extracting by manifest.
3103 silly tarball no local data for damerau-levenshtein@https://registry.npmjs.org/damerau-levenshtein/-/damerau-levenshtein-1.0.8.tgz. Extracting by manifest.
3104 silly tarball no local data for axobject-query@https://registry.npmjs.org/axobject-query/-/axobject-query-4.1.0.tgz. Extracting by manifest.
3105 silly tarball no local data for axe-core@https://registry.npmjs.org/axe-core/-/axe-core-4.11.0.tgz. Extracting by manifest.
3106 silly tarball no local data for ast-types-flow@https://registry.npmjs.org/ast-types-flow/-/ast-types-flow-0.0.8.tgz. Extracting by manifest.
3107 silly tarball no local data for aria-query@https://registry.npmjs.org/aria-query/-/aria-query-5.3.2.tgz. Extracting by manifest.
3108 silly tarball no local data for is-symbol@https://registry.npmjs.org/is-symbol/-/is-symbol-1.1.1.tgz. Extracting by manifest.
3109 silly tarball no local data for is-date-object@https://registry.npmjs.org/is-date-object/-/is-date-object-1.1.0.tgz. Extracting by manifest.
3110 silly tarball no local data for has-tostringtag@https://registry.npmjs.org/has-tostringtag/-/has-tostringtag-1.0.2.tgz. Extracting by manifest.
3111 silly tarball no local data for which-typed-array@https://registry.npmjs.org/which-typed-array/-/which-typed-array-1.1.19.tgz. Extracting by manifest.
3112 silly tarball no local data for possible-typed-array-names@https://registry.npmjs.org/possible-typed-array-names/-/possible-typed-array-names-1.1.0.tgz. Extracting by manifest.
3113 silly tarball no local data for unbox-primitive@https://registry.npmjs.org/unbox-primitive/-/unbox-primitive-1.1.0.tgz. Extracting by manifest.
3114 silly tarball no local data for typed-array-length@https://registry.npmjs.org/typed-array-length/-/typed-array-length-1.0.7.tgz. Extracting by manifest.
3115 silly tarball no local data for typed-array-byte-offset@https://registry.npmjs.org/typed-array-byte-offset/-/typed-array-byte-offset-1.0.4.tgz. Extracting by manifest.
3116 silly tarball no local data for typed-array-byte-length@https://registry.npmjs.org/typed-array-byte-length/-/typed-array-byte-length-1.0.3.tgz. Extracting by manifest.
3117 silly tarball no local data for typed-array-buffer@https://registry.npmjs.org/typed-array-buffer/-/typed-array-buffer-1.0.3.tgz. Extracting by manifest.
3118 silly tarball no local data for string.prototype.trimstart@https://registry.npmjs.org/string.prototype.trimstart/-/string.prototype.trimstart-1.0.8.tgz. Extracting by manifest.
3119 silly tarball no local data for string.prototype.trim@https://registry.npmjs.org/string.prototype.trim/-/string.prototype.trim-1.2.10.tgz. Extracting by manifest.
3120 silly tarball no local data for stop-iteration-iterator@https://registry.npmjs.org/stop-iteration-iterator/-/stop-iteration-iterator-1.1.0.tgz. Extracting by manifest.
3121 silly tarball no local data for set-proto@https://registry.npmjs.org/set-proto/-/set-proto-1.0.0.tgz. Extracting by manifest.
3122 silly tarball no local data for safe-regex-test@https://registry.npmjs.org/safe-regex-test/-/safe-regex-test-1.1.0.tgz. Extracting by manifest.
3123 silly tarball no local data for safe-push-apply@https://registry.npmjs.org/safe-push-apply/-/safe-push-apply-1.0.0.tgz. Extracting by manifest.
3124 silly tarball no local data for safe-array-concat@https://registry.npmjs.org/safe-array-concat/-/safe-array-concat-1.1.3.tgz. Extracting by manifest.
3125 silly tarball no local data for regexp.prototype.flags@https://registry.npmjs.org/regexp.prototype.flags/-/regexp.prototype.flags-1.5.4.tgz. Extracting by manifest.
3126 silly tarball no local data for own-keys@https://registry.npmjs.org/own-keys/-/own-keys-1.0.1.tgz. Extracting by manifest.
3127 silly tarball no local data for object.assign@https://registry.npmjs.org/object.assign/-/object.assign-4.1.7.tgz. Extracting by manifest.
3128 silly tarball no local data for object-inspect@https://registry.npmjs.org/object-inspect/-/object-inspect-1.13.4.tgz. Extracting by manifest.
3129 silly tarball no local data for is-weakref@https://registry.npmjs.org/is-weakref/-/is-weakref-1.1.1.tgz. Extracting by manifest.
3130 silly tarball no local data for is-typed-array@https://registry.npmjs.org/is-typed-array/-/is-typed-array-1.1.15.tgz. Extracting by manifest.
3131 silly tarball no local data for is-set@https://registry.npmjs.org/is-set/-/is-set-2.0.3.tgz. Extracting by manifest.
3132 silly tarball no local data for is-shared-array-buffer@https://registry.npmjs.org/is-shared-array-buffer/-/is-shared-array-buffer-1.0.4.tgz. Extracting by manifest.
3133 silly tarball no local data for is-regex@https://registry.npmjs.org/is-regex/-/is-regex-1.2.1.tgz. Extracting by manifest.
3134 silly tarball no local data for is-negative-zero@https://registry.npmjs.org/is-negative-zero/-/is-negative-zero-2.0.3.tgz. Extracting by manifest.
3135 silly tarball no local data for is-data-view@https://registry.npmjs.org/is-data-view/-/is-data-view-1.0.2.tgz. Extracting by manifest.
3136 silly tarball no local data for is-callable@https://registry.npmjs.org/is-callable/-/is-callable-1.2.7.tgz. Extracting by manifest.
3137 silly tarball no local data for is-array-buffer@https://registry.npmjs.org/is-array-buffer/-/is-array-buffer-3.0.5.tgz. Extracting by manifest.
3138 silly tarball no local data for internal-slot@https://registry.npmjs.org/internal-slot/-/internal-slot-1.1.0.tgz. Extracting by manifest.
3139 silly tarball no local data for has-symbols@https://registry.npmjs.org/has-symbols/-/has-symbols-1.1.0.tgz. Extracting by manifest.
3140 silly tarball no local data for has-proto@https://registry.npmjs.org/has-proto/-/has-proto-1.2.0.tgz. Extracting by manifest.
3141 silly tarball no local data for globalthis@https://registry.npmjs.org/globalthis/-/globalthis-1.0.4.tgz. Extracting by manifest.
3142 silly tarball no local data for get-symbol-description@https://registry.npmjs.org/get-symbol-description/-/get-symbol-description-1.1.0.tgz. Extracting by manifest.
3143 silly tarball no local data for get-proto@https://registry.npmjs.org/get-proto/-/get-proto-1.0.1.tgz. Extracting by manifest.
3144 silly tarball no local data for function.prototype.name@https://registry.npmjs.org/function.prototype.name/-/function.prototype.name-1.1.8.tgz. Extracting by manifest.
3145 silly tarball no local data for es-to-primitive@https://registry.npmjs.org/es-to-primitive/-/es-to-primitive-1.3.0.tgz. Extracting by manifest.
3146 silly tarball no local data for es-set-tostringtag@https://registry.npmjs.org/es-set-tostringtag/-/es-set-tostringtag-2.1.0.tgz. Extracting by manifest.
3147 silly tarball no local data for data-view-byte-offset@https://registry.npmjs.org/data-view-byte-offset/-/data-view-byte-offset-1.0.1.tgz. Extracting by manifest.
3148 silly tarball no local data for data-view-byte-length@https://registry.npmjs.org/data-view-byte-length/-/data-view-byte-length-1.0.2.tgz. Extracting by manifest.
3149 silly tarball no local data for data-view-buffer@https://registry.npmjs.org/data-view-buffer/-/data-view-buffer-1.0.2.tgz. Extracting by manifest.
3150 silly tarball no local data for available-typed-arrays@https://registry.npmjs.org/available-typed-arrays/-/available-typed-arrays-1.0.7.tgz. Extracting by manifest.
3151 silly tarball no local data for arraybuffer.prototype.slice@https://registry.npmjs.org/arraybuffer.prototype.slice/-/arraybuffer.prototype.slice-1.0.4.tgz. Extracting by manifest.
3152 silly tarball no local data for array-buffer-byte-length@https://registry.npmjs.org/array-buffer-byte-length/-/array-buffer-byte-length-1.0.2.tgz. Extracting by manifest.
3153 silly tarball no local data for gopd@https://registry.npmjs.org/gopd/-/gopd-1.2.0.tgz. Extracting by manifest.
3154 silly tarball no local data for object-keys@https://registry.npmjs.org/object-keys/-/object-keys-1.1.1.tgz. Extracting by manifest.
3155 silly tarball no local data for has-property-descriptors@https://registry.npmjs.org/has-property-descriptors/-/has-property-descriptors-1.0.2.tgz. Extracting by manifest.
3156 silly tarball no local data for define-data-property@https://registry.npmjs.org/define-data-property/-/define-data-property-1.1.4.tgz. Extracting by manifest.
3157 silly tarball no local data for set-function-length@https://registry.npmjs.org/set-function-length/-/set-function-length-1.2.2.tgz. Extracting by manifest.
3158 silly tarball no local data for function-bind@https://registry.npmjs.org/function-bind/-/function-bind-1.1.2.tgz. Extracting by manifest.
3159 silly tarball no local data for es-define-property@https://registry.npmjs.org/es-define-property/-/es-define-property-1.0.1.tgz. Extracting by manifest.
3160 silly tarball no local data for call-bind-apply-helpers@https://registry.npmjs.org/call-bind-apply-helpers/-/call-bind-apply-helpers-1.0.2.tgz. Extracting by manifest.
3161 silly tarball no local data for es-shim-unscopables@https://registry.npmjs.org/es-shim-unscopables/-/es-shim-unscopables-1.1.0.tgz. Extracting by manifest.
3162 silly tarball no local data for es-errors@https://registry.npmjs.org/es-errors/-/es-errors-1.3.0.tgz. Extracting by manifest.
3163 silly tarball no local data for math-intrinsics@https://registry.npmjs.org/math-intrinsics/-/math-intrinsics-1.1.0.tgz. Extracting by manifest.
3164 silly tarball no local data for is-string@https://registry.npmjs.org/is-string/-/is-string-1.1.1.tgz. Extracting by manifest.
3165 silly tarball no local data for get-intrinsic@https://registry.npmjs.org/get-intrinsic/-/get-intrinsic-1.3.0.tgz. Extracting by manifest.
3166 silly tarball no local data for es-object-atoms@https://registry.npmjs.org/es-object-atoms/-/es-object-atoms-1.1.1.tgz. Extracting by manifest.
3167 silly tarball no local data for es-abstract@https://registry.npmjs.org/es-abstract/-/es-abstract-1.24.1.tgz. Extracting by manifest.
3168 silly tarball no local data for define-properties@https://registry.npmjs.org/define-properties/-/define-properties-1.2.1.tgz. Extracting by manifest.
3169 silly tarball no local data for call-bind@https://registry.npmjs.org/call-bind/-/call-bind-1.0.8.tgz. Extracting by manifest.
3170 silly tarball no local data for call-bound@https://registry.npmjs.org/call-bound/-/call-bound-1.0.4.tgz. Extracting by manifest.
3171 silly tarball no local data for string.prototype.trimend@https://registry.npmjs.org/string.prototype.trimend/-/string.prototype.trimend-1.0.9.tgz. Extracting by manifest.
3172 silly tarball no local data for tsconfig-paths@https://registry.npmjs.org/tsconfig-paths/-/tsconfig-paths-3.15.0.tgz. Extracting by manifest.
3173 silly tarball no local data for semver@https://registry.npmjs.org/semver/-/semver-6.3.1.tgz. Extracting by manifest.
3174 silly tarball no local data for object.values@https://registry.npmjs.org/object.values/-/object.values-1.2.1.tgz. Extracting by manifest.
3175 silly tarball no local data for object.groupby@https://registry.npmjs.org/object.groupby/-/object.groupby-1.0.3.tgz. Extracting by manifest.
3176 silly tarball no local data for object.fromentries@https://registry.npmjs.org/object.fromentries/-/object.fromentries-2.0.8.tgz. Extracting by manifest.
3177 silly tarball no local data for hasown@https://registry.npmjs.org/hasown/-/hasown-2.0.2.tgz. Extracting by manifest.
3178 silly tarball no local data for doctrine@https://registry.npmjs.org/doctrine/-/doctrine-2.1.0.tgz. Extracting by manifest.
3179 silly tarball no local data for array.prototype.flatmap@https://registry.npmjs.org/array.prototype.flatmap/-/array.prototype.flatmap-1.3.3.tgz. Extracting by manifest.
3180 silly tarball no local data for eslint-module-utils@https://registry.npmjs.org/eslint-module-utils/-/eslint-module-utils-2.12.1.tgz. Extracting by manifest.
3181 silly tarball no local data for array.prototype.flat@https://registry.npmjs.org/array.prototype.flat/-/array.prototype.flat-1.3.3.tgz. Extracting by manifest.
3182 silly tarball no local data for array.prototype.findlastindex@https://registry.npmjs.org/array.prototype.findlastindex/-/array.prototype.findlastindex-1.2.6.tgz. Extracting by manifest.
3183 silly tarball no local data for @rtsao/scc@https://registry.npmjs.org/@rtsao/scc/-/scc-1.1.0.tgz. Extracting by manifest.
3184 silly tarball no local data for array-includes@https://registry.npmjs.org/array-includes/-/array-includes-3.1.9.tgz. Extracting by manifest.
3185 silly tarball no local data for unrs-resolver@https://registry.npmjs.org/unrs-resolver/-/unrs-resolver-1.11.1.tgz. Extracting by manifest.
3186 silly tarball no local data for tinyglobby@https://registry.npmjs.org/tinyglobby/-/tinyglobby-0.2.15.tgz. Extracting by manifest.
3187 silly tarball no local data for stable-hash@https://registry.npmjs.org/stable-hash/-/stable-hash-0.0.5.tgz. Extracting by manifest.
3188 silly tarball no local data for is-bun-module@https://registry.npmjs.org/is-bun-module/-/is-bun-module-2.0.0.tgz. Extracting by manifest.
3189 silly tarball no local data for get-tsconfig@https://registry.npmjs.org/get-tsconfig/-/get-tsconfig-4.13.0.tgz. Extracting by manifest.
3190 silly tarball no local data for @nolyfill/is-core-module@https://registry.npmjs.org/@nolyfill/is-core-module/-/is-core-module-1.0.39.tgz. Extracting by manifest.
3191 silly tarball no local data for resolve@https://registry.npmjs.org/resolve/-/resolve-1.22.11.tgz. Extracting by manifest.
3192 silly tarball no local data for fast-glob@https://registry.npmjs.org/fast-glob/-/fast-glob-3.3.1.tgz. Extracting by manifest.
3193 silly tarball no local data for typescript-eslint@https://registry.npmjs.org/typescript-eslint/-/typescript-eslint-8.51.0.tgz. Extracting by manifest.
3194 silly tarball no local data for eslint-plugin-react-hooks@https://registry.npmjs.org/eslint-plugin-react-hooks/-/eslint-plugin-react-hooks-7.0.1.tgz. Extracting by manifest.
3195 silly tarball no local data for eslint-plugin-react@https://registry.npmjs.org/eslint-plugin-react/-/eslint-plugin-react-7.37.5.tgz. Extracting by manifest.
3196 silly tarball no local data for is-core-module@https://registry.npmjs.org/is-core-module/-/is-core-module-2.16.1.tgz. Extracting by manifest.
3197 silly tarball no local data for eslint-plugin-jsx-a11y@https://registry.npmjs.org/eslint-plugin-jsx-a11y/-/eslint-plugin-jsx-a11y-6.10.2.tgz. Extracting by manifest.
3198 silly tarball no local data for eslint-import-resolver-typescript@https://registry.npmjs.org/eslint-import-resolver-typescript/-/eslint-import-resolver-typescript-3.10.1.tgz. Extracting by manifest.
3199 silly tarball no local data for eslint-plugin-import@https://registry.npmjs.org/eslint-plugin-import/-/eslint-plugin-import-2.32.0.tgz. Extracting by manifest.
3200 silly tarball no local data for eslint-import-resolver-node@https://registry.npmjs.org/eslint-import-resolver-node/-/eslint-import-resolver-node-0.3.9.tgz. Extracting by manifest.
3201 silly tarball no local data for ms@https://registry.npmjs.org/ms/-/ms-2.1.3.tgz. Extracting by manifest.
3202 silly tarball no local data for @next/eslint-plugin-next@https://registry.npmjs.org/@next/eslint-plugin-next/-/eslint-plugin-next-16.1.1.tgz. Extracting by manifest.
3203 silly tarball no local data for shebang-command@https://registry.npmjs.org/shebang-command/-/shebang-command-2.0.0.tgz. Extracting by manifest.
3204 silly tarball no local data for which@https://registry.npmjs.org/which/-/which-2.0.2.tgz. Extracting by manifest.
3205 silly tarball no local data for color-name@https://registry.npmjs.org/color-name/-/color-name-1.1.4.tgz. Extracting by manifest.
3206 silly tarball no local data for path-key@https://registry.npmjs.org/path-key/-/path-key-3.1.1.tgz. Extracting by manifest.
3207 silly tarball no local data for supports-color@https://registry.npmjs.org/supports-color/-/supports-color-7.2.0.tgz. Extracting by manifest.
3208 silly tarball no local data for color-convert@https://registry.npmjs.org/color-convert/-/color-convert-2.0.1.tgz. Extracting by manifest.
3209 silly tarball no local data for ansi-styles@https://registry.npmjs.org/ansi-styles/-/ansi-styles-4.3.0.tgz. Extracting by manifest.
3210 silly tarball no local data for uri-js@https://registry.npmjs.org/uri-js/-/uri-js-4.4.1.tgz. Extracting by manifest.
3211 silly tarball no local data for fast-json-stable-stringify@https://registry.npmjs.org/fast-json-stable-stringify/-/fast-json-stable-stringify-2.1.0.tgz. Extracting by manifest.
3212 silly tarball no local data for json-schema-traverse@https://registry.npmjs.org/json-schema-traverse/-/json-schema-traverse-0.4.1.tgz. Extracting by manifest.
3213 silly tarball no local data for @humanfs/core@https://registry.npmjs.org/@humanfs/core/-/core-0.19.1.tgz. Extracting by manifest.
3214 silly tarball no local data for levn@https://registry.npmjs.org/levn/-/levn-0.4.1.tgz. Extracting by manifest.
3215 silly tarball no local data for strip-json-comments@https://registry.npmjs.org/strip-json-comments/-/strip-json-comments-3.1.1.tgz. Extracting by manifest.
3216 silly tarball no local data for js-yaml@https://registry.npmjs.org/js-yaml/-/js-yaml-4.1.1.tgz. Extracting by manifest.
3217 silly tarball no local data for import-fresh@https://registry.npmjs.org/import-fresh/-/import-fresh-3.3.1.tgz. Extracting by manifest.
3218 silly tarball no local data for globals@https://registry.npmjs.org/globals/-/globals-14.0.0.tgz. Extracting by manifest.
3219 silly tarball no local data for @eslint/object-schema@https://registry.npmjs.org/@eslint/object-schema/-/object-schema-2.1.7.tgz. Extracting by manifest.
3220 silly tarball no local data for @types/json-schema@https://registry.npmjs.org/@types/json-schema/-/json-schema-7.0.15.tgz. Extracting by manifest.
3221 silly tarball no local data for optionator@https://registry.npmjs.org/optionator/-/optionator-0.9.4.tgz. Extracting by manifest.
3222 silly tarball no local data for natural-compare@https://registry.npmjs.org/natural-compare/-/natural-compare-1.4.0.tgz. Extracting by manifest.
3223 silly tarball no local data for minimatch@https://registry.npmjs.org/minimatch/-/minimatch-3.1.2.tgz. Extracting by manifest.
3224 silly tarball no local data for lodash.merge@https://registry.npmjs.org/lodash.merge/-/lodash.merge-4.6.2.tgz. Extracting by manifest.
3225 silly tarball no local data for json-stable-stringify-without-jsonify@https://registry.npmjs.org/json-stable-stringify-without-jsonify/-/json-stable-stringify-without-jsonify-1.0.1.tgz. Extracting by manifest.
3226 silly tarball no local data for is-glob@https://registry.npmjs.org/is-glob/-/is-glob-4.0.3.tgz. Extracting by manifest.
3227 silly tarball no local data for imurmurhash@https://registry.npmjs.org/imurmurhash/-/imurmurhash-0.1.4.tgz. Extracting by manifest.
3228 silly tarball no local data for ignore@https://registry.npmjs.org/ignore/-/ignore-5.3.2.tgz. Extracting by manifest.
3229 silly tarball no local data for glob-parent@https://registry.npmjs.org/glob-parent/-/glob-parent-6.0.2.tgz. Extracting by manifest.
3230 silly tarball no local data for find-up@https://registry.npmjs.org/find-up/-/find-up-5.0.0.tgz. Extracting by manifest.
3231 silly tarball no local data for file-entry-cache@https://registry.npmjs.org/file-entry-cache/-/file-entry-cache-8.0.0.tgz. Extracting by manifest.
3232 silly tarball no local data for esquery@https://registry.npmjs.org/esquery/-/esquery-1.7.0.tgz. Extracting by manifest.
3233 silly tarball no local data for fast-deep-equal@https://registry.npmjs.org/fast-deep-equal/-/fast-deep-equal-3.1.3.tgz. Extracting by manifest.
3234 silly tarball no local data for esutils@https://registry.npmjs.org/esutils/-/esutils-2.0.3.tgz. Extracting by manifest.
3235 silly tarball no local data for espree@https://registry.npmjs.org/espree/-/espree-10.4.0.tgz. Extracting by manifest.
3236 silly tarball no local data for eslint-visitor-keys@https://registry.npmjs.org/eslint-visitor-keys/-/eslint-visitor-keys-4.2.1.tgz. Extracting by manifest.
3237 silly tarball no local data for eslint-scope@https://registry.npmjs.org/eslint-scope/-/eslint-scope-8.4.0.tgz. Extracting by manifest.
3238 silly tarball no local data for escape-string-regexp@https://registry.npmjs.org/escape-string-regexp/-/escape-string-regexp-4.0.0.tgz. Extracting by manifest.
3239 silly tarball no local data for debug@https://registry.npmjs.org/debug/-/debug-4.4.3.tgz. Extracting by manifest.
3240 silly tarball no local data for chalk@https://registry.npmjs.org/chalk/-/chalk-4.1.2.tgz. Extracting by manifest.
3241 silly tarball no local data for ajv@https://registry.npmjs.org/ajv/-/ajv-6.12.6.tgz. Extracting by manifest.
3242 silly tarball no local data for cross-spawn@https://registry.npmjs.org/cross-spawn/-/cross-spawn-7.0.6.tgz. Extracting by manifest.
3243 silly tarball no local data for @types/estree@https://registry.npmjs.org/@types/estree/-/estree-1.0.8.tgz. Extracting by manifest.
3244 silly tarball no local data for @humanwhocodes/retry@https://registry.npmjs.org/@humanwhocodes/retry/-/retry-0.4.3.tgz. Extracting by manifest.
3245 silly tarball no local data for @humanwhocodes/module-importer@https://registry.npmjs.org/@humanwhocodes/module-importer/-/module-importer-1.0.1.tgz. Extracting by manifest.
3246 silly tarball no local data for @humanfs/node@https://registry.npmjs.org/@humanfs/node/-/node-0.16.7.tgz. Extracting by manifest.
3247 silly tarball no local data for @eslint/plugin-kit@https://registry.npmjs.org/@eslint/plugin-kit/-/plugin-kit-0.4.1.tgz. Extracting by manifest.
3248 silly tarball no local data for @eslint/js@https://registry.npmjs.org/@eslint/js/-/js-9.39.2.tgz. Extracting by manifest.
3249 silly tarball no local data for @eslint/eslintrc@https://registry.npmjs.org/@eslint/eslintrc/-/eslintrc-3.3.3.tgz. Extracting by manifest.
3250 silly tarball no local data for @eslint/core@https://registry.npmjs.org/@eslint/core/-/core-0.17.0.tgz. Extracting by manifest.
3251 silly tarball no local data for @eslint/config-helpers@https://registry.npmjs.org/@eslint/config-helpers/-/config-helpers-0.4.2.tgz. Extracting by manifest.
3252 silly tarball no local data for @eslint/config-array@https://registry.npmjs.org/@eslint/config-array/-/config-array-0.21.1.tgz. Extracting by manifest.
3253 silly tarball no local data for @eslint-community/regexpp@https://registry.npmjs.org/@eslint-community/regexpp/-/regexpp-4.12.2.tgz. Extracting by manifest.
3254 silly tarball no local data for tapable@https://registry.npmjs.org/tapable/-/tapable-2.3.0.tgz. Extracting by manifest.
3255 silly tarball no local data for @eslint-community/eslint-utils@https://registry.npmjs.org/@eslint-community/eslint-utils/-/eslint-utils-4.9.1.tgz. Extracting by manifest.
3256 silly tarball no local data for graceful-fs@https://registry.npmjs.org/graceful-fs/-/graceful-fs-4.2.11.tgz. Extracting by manifest.
3257 silly tarball no local data for csstype@https://registry.npmjs.org/csstype/-/csstype-3.2.3.tgz. Extracting by manifest.
3258 silly tarball no local data for undici-types@https://registry.npmjs.org/undici-types/-/undici-types-6.21.0.tgz. Extracting by manifest.
3259 silly tarball no local data for @tailwindcss/oxide-darwin-arm64@https://registry.npmjs.org/@tailwindcss/oxide-darwin-arm64/-/oxide-darwin-arm64-4.1.18.tgz. Extracting by manifest.
3260 silly tarball no local data for @jridgewell/resolve-uri@https://registry.npmjs.org/@jridgewell/resolve-uri/-/resolve-uri-3.1.2.tgz. Extracting by manifest.
3261 silly tarball no local data for @jridgewell/trace-mapping@https://registry.npmjs.org/@jridgewell/trace-mapping/-/trace-mapping-0.3.31.tgz. Extracting by manifest.
3262 silly tarball no local data for @jridgewell/sourcemap-codec@https://registry.npmjs.org/@jridgewell/sourcemap-codec/-/sourcemap-codec-1.5.5.tgz. Extracting by manifest.
3263 silly tarball no local data for source-map-js@https://registry.npmjs.org/source-map-js/-/source-map-js-1.2.1.tgz. Extracting by manifest.
3264 silly tarball no local data for @jridgewell/gen-mapping@https://registry.npmjs.org/@jridgewell/gen-mapping/-/gen-mapping-0.3.13.tgz. Extracting by manifest.
3265 silly tarball no local data for magic-string@https://registry.npmjs.org/magic-string/-/magic-string-0.30.21.tgz. Extracting by manifest.
3266 silly tarball no local data for lightningcss@https://registry.npmjs.org/lightningcss/-/lightningcss-1.30.2.tgz. Extracting by manifest.
3267 silly tarball no local data for jiti@https://registry.npmjs.org/jiti/-/jiti-2.6.1.tgz. Extracting by manifest.
3268 silly tarball no local data for enhanced-resolve@https://registry.npmjs.org/enhanced-resolve/-/enhanced-resolve-5.18.4.tgz. Extracting by manifest.
3269 silly tarball no local data for @jridgewell/remapping@https://registry.npmjs.org/@jridgewell/remapping/-/remapping-2.3.5.tgz. Extracting by manifest.
3270 silly tarball no local data for postcss@https://registry.npmjs.org/postcss/-/postcss-8.5.6.tgz. Extracting by manifest.
3271 silly tarball no local data for @tailwindcss/oxide@https://registry.npmjs.org/@tailwindcss/oxide/-/oxide-4.1.18.tgz. Extracting by manifest.
3272 silly tarball no local data for @alloc/quick-lru@https://registry.npmjs.org/@alloc/quick-lru/-/quick-lru-5.2.0.tgz. Extracting by manifest.
3273 silly tarball no local data for typescript@https://registry.npmjs.org/typescript/-/typescript-5.9.3.tgz. Extracting by manifest.
3274 silly tarball no local data for @tailwindcss/node@https://registry.npmjs.org/@tailwindcss/node/-/node-4.1.18.tgz. Extracting by manifest.
3275 silly tarball no local data for tailwindcss@https://registry.npmjs.org/tailwindcss/-/tailwindcss-4.1.18.tgz. Extracting by manifest.
3276 silly tarball no local data for react-dom@https://registry.npmjs.org/react-dom/-/react-dom-19.2.3.tgz. Extracting by manifest.
3277 silly tarball no local data for react@https://registry.npmjs.org/react/-/react-19.2.3.tgz. Extracting by manifest.
3278 silly tarball no local data for next@https://registry.npmjs.org/next/-/next-16.1.1.tgz. Extracting by manifest.
3279 silly tarball no local data for eslint-config-next@https://registry.npmjs.org/eslint-config-next/-/eslint-config-next-16.1.1.tgz. Extracting by manifest.
3280 silly tarball no local data for @types/react-dom@https://registry.npmjs.org/@types/react-dom/-/react-dom-19.2.3.tgz. Extracting by manifest.
3281 silly tarball no local data for @types/react@https://registry.npmjs.org/@types/react/-/react-19.2.7.tgz. Extracting by manifest.
3282 silly tarball no local data for @types/node@https://registry.npmjs.org/@types/node/-/node-20.19.27.tgz. Extracting by manifest.
3283 silly tarball no local data for @tailwindcss/postcss@https://registry.npmjs.org/@tailwindcss/postcss/-/postcss-4.1.18.tgz. Extracting by manifest.
3284 silly tarball no local data for eslint@https://registry.npmjs.org/eslint/-/eslint-9.39.2.tgz. Extracting by manifest.
3285 silly tarball no local data for brace-expansion@https://registry.npmjs.org/brace-expansion/-/brace-expansion-2.0.2.tgz. Extracting by manifest.
3286 silly tarball no local data for semver@https://registry.npmjs.org/semver/-/semver-7.7.3.tgz. Extracting by manifest.
3287 silly tarball no local data for minimatch@https://registry.npmjs.org/minimatch/-/minimatch-9.0.5.tgz. Extracting by manifest.
3288 silly tarball no local data for semver@https://registry.npmjs.org/semver/-/semver-7.7.3.tgz. Extracting by manifest.
3289 silly tarball no local data for ignore@https://registry.npmjs.org/ignore/-/ignore-7.0.5.tgz. Extracting by manifest.
3290 silly tarball no local data for json5@https://registry.npmjs.org/json5/-/json5-1.0.2.tgz. Extracting by manifest.
3291 silly tarball no local data for picomatch@https://registry.npmjs.org/picomatch/-/picomatch-4.0.3.tgz. Extracting by manifest.
3292 silly tarball no local data for semver@https://registry.npmjs.org/semver/-/semver-7.7.3.tgz. Extracting by manifest.
3293 silly tarball no local data for fdir@https://registry.npmjs.org/fdir/-/fdir-6.5.0.tgz. Extracting by manifest.
3294 silly tarball no local data for debug@https://registry.npmjs.org/debug/-/debug-3.2.7.tgz. Extracting by manifest.
3295 silly tarball no local data for debug@https://registry.npmjs.org/debug/-/debug-3.2.7.tgz. Extracting by manifest.
3296 silly tarball no local data for resolve@https://registry.npmjs.org/resolve/-/resolve-2.0.0-next.5.tgz. Extracting by manifest.
3297 silly tarball no local data for glob-parent@https://registry.npmjs.org/glob-parent/-/glob-parent-5.1.2.tgz. Extracting by manifest.
3298 silly tarball no local data for debug@https://registry.npmjs.org/debug/-/debug-3.2.7.tgz. Extracting by manifest.
3299 silly tarball no local data for globals@https://registry.npmjs.org/globals/-/globals-16.4.0.tgz. Extracting by manifest.
3300 silly tarball no local data for postcss@https://registry.npmjs.org/postcss/-/postcss-8.4.31.tgz. Extracting by manifest.
3301 silly tarball no local data for eslint-visitor-keys@https://registry.npmjs.org/eslint-visitor-keys/-/eslint-visitor-keys-3.4.3.tgz. Extracting by manifest.
3302 http fetch POST 200 https://registry.npmjs.org/-/npm/v1/security/advisories/bulk 126ms
3303 silly audit report {}
3304 http fetch GET 200 https://registry.npmjs.org/is-finalizationregistry/-/is-finalizationregistry-1.1.1.tgz 106ms (cache miss)
3305 http fetch GET 200 https://registry.npmjs.org/async-function/-/async-function-1.0.0.tgz 106ms (cache miss)
3306 http fetch GET 200 https://registry.npmjs.org/is-map/-/is-map-2.0.3.tgz 106ms (cache miss)
3307 http fetch GET 200 https://registry.npmjs.org/is-weakmap/-/is-weakmap-2.0.2.tgz 106ms (cache miss)
3308 http fetch GET 200 https://registry.npmjs.org/is-async-function/-/is-async-function-2.1.1.tgz 107ms (cache miss)
3309 http fetch GET 200 https://registry.npmjs.org/is-weakset/-/is-weakset-2.0.4.tgz 107ms (cache miss)
3310 http fetch GET 200 https://registry.npmjs.org/generator-function/-/generator-function-2.0.1.tgz 107ms (cache miss)
3311 http fetch GET 200 https://registry.npmjs.org/which-collection/-/which-collection-1.0.2.tgz 108ms (cache miss)
3312 http fetch GET 200 https://registry.npmjs.org/is-generator-function/-/is-generator-function-1.1.2.tgz 109ms (cache miss)
3313 http fetch GET 200 https://registry.npmjs.org/punycode/-/punycode-2.3.1.tgz 118ms (cache miss)
3314 http fetch GET 200 https://registry.npmjs.org/napi-postinstall/-/napi-postinstall-0.3.4.tgz 120ms (cache miss)
3315 http fetch GET 200 https://registry.npmjs.org/has-bigints/-/has-bigints-1.1.0.tgz 131ms (cache miss)
3316 http fetch GET 200 https://registry.npmjs.org/is-bigint/-/is-bigint-1.1.0.tgz 132ms (cache miss)
3317 http fetch GET 200 https://registry.npmjs.org/which-boxed-primitive/-/which-boxed-primitive-1.1.1.tgz 132ms (cache miss)
3318 http fetch GET 200 https://registry.npmjs.org/is-number-object/-/is-number-object-1.1.1.tgz 138ms (cache miss)
3319 http fetch GET 200 https://registry.npmjs.org/is-boolean-object/-/is-boolean-object-1.2.2.tgz 138ms (cache miss)
3320 http fetch GET 200 https://registry.npmjs.org/@emnapi/wasi-threads/-/wasi-threads-1.1.0.tgz 145ms (cache miss)
3321 http fetch GET 200 https://registry.npmjs.org/@emnapi/core/-/core-1.7.1.tgz 153ms (cache miss)
3322 http fetch GET 200 https://registry.npmjs.org/escalade/-/escalade-3.2.0.tgz 158ms (cache miss)
3323 http fetch GET 200 https://registry.npmjs.org/@typescript-eslint/project-service/-/project-service-8.51.0.tgz 180ms (cache miss)
3324 http fetch GET 200 https://registry.npmjs.org/@unrs/resolver-binding-darwin-arm64/-/resolver-binding-darwin-arm64-1.11.1.tgz 192ms (cache miss)
3325 http fetch GET 200 https://registry.npmjs.org/ts-api-utils/-/ts-api-utils-2.3.0.tgz 191ms (cache miss)
3326 http fetch GET 200 https://registry.npmjs.org/isexe/-/isexe-2.0.0.tgz 192ms (cache miss)
3327 http fetch GET 200 https://registry.npmjs.org/@typescript-eslint/types/-/types-8.51.0.tgz 201ms (cache miss)
3328 http fetch GET 200 https://registry.npmjs.org/@typescript-eslint/visitor-keys/-/visitor-keys-8.51.0.tgz 207ms (cache miss)
3329 http fetch GET 200 https://registry.npmjs.org/@tybys/wasm-util/-/wasm-util-0.10.1.tgz 219ms (cache miss)
3330 http fetch GET 200 https://registry.npmjs.org/@typescript-eslint/tsconfig-utils/-/tsconfig-utils-8.51.0.tgz 219ms (cache miss)
3331 http fetch GET 200 https://registry.npmjs.org/@typescript-eslint/type-utils/-/type-utils-8.51.0.tgz 223ms (cache miss)
3332 http fetch GET 200 https://registry.npmjs.org/@typescript-eslint/parser/-/parser-8.51.0.tgz 227ms (cache miss)
3333 http fetch GET 200 https://registry.npmjs.org/which-builtin-type/-/which-builtin-type-1.2.1.tgz 228ms (cache miss)
3334 http fetch GET 200 https://registry.npmjs.org/@typescript-eslint/utils/-/utils-8.51.0.tgz 234ms (cache miss)
3335 http fetch GET 200 https://registry.npmjs.org/for-each/-/for-each-0.3.5.tgz 242ms (cache miss)
3336 http fetch GET 200 https://registry.npmjs.org/reflect.getprototypeof/-/reflect.getprototypeof-1.0.10.tgz 244ms (cache miss)
3337 http fetch GET 200 https://registry.npmjs.org/strip-bom/-/strip-bom-3.0.0.tgz 244ms (cache miss)
3338 http fetch GET 200 https://registry.npmjs.org/is-number/-/is-number-7.0.0.tgz 254ms (cache miss)
3339 http fetch GET 200 https://registry.npmjs.org/side-channel-map/-/side-channel-map-1.0.1.tgz 256ms (cache miss)
3340 http fetch GET 200 https://registry.npmjs.org/@types/json5/-/json5-0.0.29.tgz 260ms (cache miss)
3341 http fetch GET 200 https://registry.npmjs.org/@typescript-eslint/typescript-estree/-/typescript-estree-8.51.0.tgz 260ms (cache miss)
3342 http fetch GET 200 https://registry.npmjs.org/side-channel-weakmap/-/side-channel-weakmap-1.0.2.tgz 265ms (cache miss)
3343 http fetch GET 200 https://registry.npmjs.org/@typescript-eslint/scope-manager/-/scope-manager-8.51.0.tgz 267ms (cache miss)
3344 http fetch GET 200 https://registry.npmjs.org/side-channel-list/-/side-channel-list-1.0.0.tgz 268ms (cache miss)
3345 http fetch GET 200 https://registry.npmjs.org/shebang-regex/-/shebang-regex-3.0.0.tgz 270ms (cache miss)
3346 http fetch GET 200 https://registry.npmjs.org/has-flag/-/has-flag-4.0.0.tgz 270ms (cache miss)
3347 http fetch GET 200 https://registry.npmjs.org/@napi-rs/wasm-runtime/-/wasm-runtime-0.2.12.tgz 274ms (cache miss)
3348 http fetch GET 200 https://registry.npmjs.org/client-only/-/client-only-0.0.1.tgz 278ms (cache miss)
3349 http fetch GET 200 https://registry.npmjs.org/minimist/-/minimist-1.2.8.tgz 280ms (cache miss)
3350 http fetch GET 200 https://registry.npmjs.org/isarray/-/isarray-2.0.5.tgz 279ms (cache miss)
3351 http fetch GET 200 https://registry.npmjs.org/@img/colour/-/colour-1.0.0.tgz 294ms (cache miss)
3352 http fetch GET 200 https://registry.npmjs.org/supports-preserve-symlinks-flag/-/supports-preserve-symlinks-flag-1.0.0.tgz 294ms (cache miss)
3353 http fetch GET 200 https://registry.npmjs.org/queue-microtask/-/queue-microtask-1.2.3.tgz 296ms (cache miss)
3354 http fetch GET 200 https://registry.npmjs.org/react-is/-/react-is-16.13.1.tgz 297ms (cache miss)
3355 http fetch GET 200 https://registry.npmjs.org/path-parse/-/path-parse-1.0.7.tgz 303ms (cache miss)
3356 http fetch GET 200 https://registry.npmjs.org/scheduler/-/scheduler-0.27.0.tgz 303ms (cache miss)
3357 http fetch GET 200 https://registry.npmjs.org/@emnapi/runtime/-/runtime-1.7.1.tgz 308ms (cache miss)
3358 http fetch GET 200 https://registry.npmjs.org/loose-envify/-/loose-envify-1.4.0.tgz 310ms (cache miss)
3359 http fetch GET 200 https://registry.npmjs.org/@img/sharp-darwin-arm64/-/sharp-darwin-arm64-0.34.5.tgz 311ms (cache miss)
3360 http fetch GET 200 https://registry.npmjs.org/object-assign/-/object-assign-4.1.1.tgz 310ms (cache miss)
3361 http fetch GET 200 https://registry.npmjs.org/yocto-queue/-/yocto-queue-0.1.0.tgz 312ms (cache miss)
3362 http fetch GET 200 https://registry.npmjs.org/p-limit/-/p-limit-3.1.0.tgz 314ms (cache miss)
3363 http fetch GET 200 https://registry.npmjs.org/@typescript-eslint/eslint-plugin/-/eslint-plugin-8.51.0.tgz 317ms (cache miss)
3364 http fetch GET 200 https://registry.npmjs.org/nanoid/-/nanoid-3.3.11.tgz 318ms (cache miss)
3365 http fetch GET 200 https://registry.npmjs.org/callsites/-/callsites-3.1.0.tgz 326ms (cache miss)
3366 http fetch GET 200 https://registry.npmjs.org/word-wrap/-/word-wrap-1.2.5.tgz 330ms (cache miss)
3367 http fetch GET 200 https://registry.npmjs.org/fast-levenshtein/-/fast-levenshtein-2.0.6.tgz 331ms (cache miss)
3368 http fetch GET 200 https://registry.npmjs.org/tslib/-/tslib-2.8.1.tgz 333ms (cache miss)
3369 http fetch GET 200 https://registry.npmjs.org/deep-is/-/deep-is-0.1.4.tgz 347ms (cache miss)
3370 http fetch GET 200 https://registry.npmjs.org/balanced-match/-/balanced-match-1.0.2.tgz 346ms (cache miss)
3371 http fetch GET 200 https://registry.npmjs.org/brace-expansion/-/brace-expansion-1.1.12.tgz 354ms (cache miss)
3372 http fetch GET 200 https://registry.npmjs.org/to-regex-range/-/to-regex-range-5.0.1.tgz 357ms (cache miss)
3373 http fetch GET 200 https://registry.npmjs.org/styled-jsx/-/styled-jsx-5.1.6.tgz 359ms (cache miss)
3374 http fetch GET 200 https://registry.npmjs.org/fill-range/-/fill-range-7.1.1.tgz 365ms (cache miss)
3375 http fetch GET 200 https://registry.npmjs.org/concat-map/-/concat-map-0.0.1.tgz 367ms (cache miss)
3376 http fetch GET 200 https://registry.npmjs.org/braces/-/braces-3.0.3.tgz 373ms (cache miss)
3377 http fetch GET 200 https://registry.npmjs.org/yallist/-/yallist-3.1.1.tgz 377ms (cache miss)
3378 http fetch GET 200 https://registry.npmjs.org/@swc/helpers/-/helpers-0.5.15.tgz 396ms (cache miss)
3379 http fetch GET 200 https://registry.npmjs.org/p-locate/-/p-locate-5.0.0.tgz 401ms (cache miss)
3380 http fetch GET 200 https://registry.npmjs.org/sharp/-/sharp-0.34.5.tgz 412ms (cache miss)
3381 http fetch GET 200 https://registry.npmjs.org/type-check/-/type-check-0.4.0.tgz 414ms (cache miss)
3382 http fetch GET 200 https://registry.npmjs.org/@next/env/-/env-16.1.1.tgz 418ms (cache miss)
3383 http fetch GET 200 https://registry.npmjs.org/detect-libc/-/detect-libc-2.1.2.tgz 423ms (cache miss)
3384 http fetch GET 200 https://registry.npmjs.org/prelude-ls/-/prelude-ls-1.2.1.tgz 441ms (cache miss)
3385 http fetch GET 200 https://registry.npmjs.org/argparse/-/argparse-2.0.1.tgz 447ms (cache miss)
3386 http fetch GET 200 https://registry.npmjs.org/set-function-name/-/set-function-name-2.0.2.tgz 458ms (cache miss)
3387 http fetch GET 200 https://registry.npmjs.org/json-buffer/-/json-buffer-3.0.1.tgz 459ms (cache miss)
3388 http fetch GET 200 https://registry.npmjs.org/picomatch/-/picomatch-2.3.1.tgz 459ms (cache miss)
3389 http fetch GET 200 https://registry.npmjs.org/is-extglob/-/is-extglob-2.1.1.tgz 462ms (cache miss)
3390 http fetch GET 200 https://registry.npmjs.org/language-subtag-registry/-/language-subtag-registry-0.3.23.tgz 479ms (cache miss)
3391 http fetch GET 200 https://registry.npmjs.org/resolve-from/-/resolve-from-4.0.0.tgz 503ms (cache miss)
3392 http fetch GET 200 https://registry.npmjs.org/side-channel/-/side-channel-1.1.0.tgz 503ms (cache miss)
3393 http fetch GET 200 https://registry.npmjs.org/parent-module/-/parent-module-1.0.1.tgz 504ms (cache miss)
3394 http fetch GET 200 https://registry.npmjs.org/resolve-pkg-maps/-/resolve-pkg-maps-1.0.0.tgz 511ms (cache miss)
3395 http fetch GET 200 https://registry.npmjs.org/hermes-estree/-/hermes-estree-0.25.1.tgz 526ms (cache miss)
3396 http fetch GET 200 https://registry.npmjs.org/dunder-proto/-/dunder-proto-1.0.1.tgz 527ms (cache miss)
3397 http fetch GET 200 https://registry.npmjs.org/functions-have-names/-/functions-have-names-1.2.3.tgz 538ms (cache miss)
3398 http fetch GET 200 https://registry.npmjs.org/flatted/-/flatted-3.3.3.tgz 544ms (cache miss)
3399 http fetch GET 200 https://registry.npmjs.org/locate-path/-/locate-path-6.0.0.tgz 554ms (cache miss)
3400 http fetch GET 200 https://registry.npmjs.org/path-exists/-/path-exists-4.0.0.tgz 564ms (cache miss)
3401 http fetch GET 200 https://registry.npmjs.org/keyv/-/keyv-4.5.4.tgz 565ms (cache miss)
3402 http fetch GET 200 https://registry.npmjs.org/flat-cache/-/flat-cache-4.0.1.tgz 568ms (cache miss)
3403 http fetch GET 200 https://registry.npmjs.org/reusify/-/reusify-1.1.0.tgz 583ms (cache miss)
3404 http fetch GET 200 https://registry.npmjs.org/fastq/-/fastq-1.20.1.tgz 595ms (cache miss)
3405 http fetch GET 200 https://registry.npmjs.org/micromatch/-/micromatch-4.0.8.tgz 606ms (cache miss)
3406 http fetch GET 200 https://registry.npmjs.org/merge2/-/merge2-1.4.1.tgz 611ms (cache miss)
3407 http fetch GET 200 https://registry.npmjs.org/@nodelib/fs.scandir/-/fs.scandir-2.1.5.tgz 611ms (cache miss)
3408 http fetch GET 200 https://registry.npmjs.org/run-parallel/-/run-parallel-1.2.0.tgz 634ms (cache miss)
3409 http fetch GET 200 https://registry.npmjs.org/update-browserslist-db/-/update-browserslist-db-1.2.3.tgz 640ms (cache miss)
3410 http fetch GET 200 https://registry.npmjs.org/@nodelib/fs.stat/-/fs.stat-2.0.5.tgz 640ms (cache miss)
3411 http fetch GET 200 https://registry.npmjs.org/acorn/-/acorn-8.15.0.tgz 658ms (cache miss)
3412 http fetch GET 200 https://registry.npmjs.org/esrecurse/-/esrecurse-4.3.0.tgz 659ms (cache miss)
3413 http fetch GET 200 https://registry.npmjs.org/@nodelib/fs.walk/-/fs.walk-1.2.8.tgz 660ms (cache miss)
3414 http fetch GET 200 https://registry.npmjs.org/acorn-jsx/-/acorn-jsx-5.3.2.tgz 673ms (cache miss)
3415 http fetch GET 200 https://registry.npmjs.org/node-releases/-/node-releases-2.0.27.tgz 673ms (cache miss)
3416 http fetch GET 200 https://registry.npmjs.org/electron-to-chromium/-/electron-to-chromium-1.5.267.tgz 679ms (cache miss)
3417 http fetch GET 200 https://registry.npmjs.org/baseline-browser-mapping/-/baseline-browser-mapping-2.9.11.tgz 696ms (cache miss)
3418 http fetch GET 200 https://registry.npmjs.org/@babel/helper-globals/-/helper-globals-7.28.0.tgz 699ms (cache miss)
3419 http fetch GET 200 https://registry.npmjs.org/@babel/helper-string-parser/-/helper-string-parser-7.27.1.tgz 716ms (cache miss)
3420 http fetch GET 200 https://registry.npmjs.org/lru-cache/-/lru-cache-5.1.1.tgz 726ms (cache miss)
3421 http fetch GET 200 https://registry.npmjs.org/browserslist/-/browserslist-4.28.1.tgz 739ms (cache miss)
3422 http fetch GET 200 https://registry.npmjs.org/picocolors/-/picocolors-1.1.1.tgz 752ms (cache miss)
3423 http fetch GET 200 https://registry.npmjs.org/@babel/helper-validator-option/-/helper-validator-option-7.27.1.tgz 754ms (cache miss)
3424 http fetch GET 200 https://registry.npmjs.org/jsesc/-/jsesc-3.1.0.tgz 755ms (cache miss)
3425 http fetch GET 200 https://registry.npmjs.org/@babel/compat-data/-/compat-data-7.28.5.tgz 758ms (cache miss)
3426 http fetch GET 200 https://registry.npmjs.org/@babel/helper-module-imports/-/helper-module-imports-7.27.1.tgz 760ms (cache miss)
3427 http fetch GET 200 https://registry.npmjs.org/@babel/helper-validator-identifier/-/helper-validator-identifier-7.28.5.tgz 758ms (cache miss)
3428 http fetch GET 200 https://registry.npmjs.org/gensync/-/gensync-1.0.0-beta.2.tgz 758ms (cache miss)
3429 http fetch GET 200 https://registry.npmjs.org/convert-source-map/-/convert-source-map-2.0.0.tgz 763ms (cache miss)
3430 http fetch GET 200 https://registry.npmjs.org/js-tokens/-/js-tokens-4.0.0.tgz 816ms (cache miss)
3431 http fetch GET 200 https://registry.npmjs.org/@babel/template/-/template-7.27.2.tgz 819ms (cache miss)
3432 http fetch GET 200 https://registry.npmjs.org/json5/-/json5-2.2.3.tgz 830ms (cache miss)
3433 http fetch GET 200 https://registry.npmjs.org/zod-validation-error/-/zod-validation-error-4.0.2.tgz 829ms (cache miss)
3434 http fetch GET 200 https://registry.npmjs.org/@babel/helper-compilation-targets/-/helper-compilation-targets-7.27.2.tgz 836ms (cache miss)
3435 http fetch GET 200 https://registry.npmjs.org/@babel/code-frame/-/code-frame-7.27.1.tgz 838ms (cache miss)
3436 http fetch GET 200 https://registry.npmjs.org/@babel/types/-/types-7.28.5.tgz 852ms (cache miss)
3437 http fetch GET 200 https://registry.npmjs.org/hermes-parser/-/hermes-parser-0.25.1.tgz 857ms (cache miss)
3438 http fetch GET 200 https://registry.npmjs.org/@babel/helper-module-transforms/-/helper-module-transforms-7.28.3.tgz 888ms (cache miss)
3439 http fetch GET 200 https://registry.npmjs.org/@babel/helpers/-/helpers-7.28.4.tgz 892ms (cache miss)
3440 http fetch GET 200 https://registry.npmjs.org/caniuse-lite/-/caniuse-lite-1.0.30001762.tgz 904ms (cache miss)
3441 http fetch GET 200 https://registry.npmjs.org/iterator.prototype/-/iterator.prototype-1.1.5.tgz 917ms (cache miss)
3442 http fetch GET 200 https://registry.npmjs.org/@babel/parser/-/parser-7.28.5.tgz 917ms (cache miss)
3443 http fetch GET 200 https://registry.npmjs.org/@babel/core/-/core-7.28.5.tgz 936ms (cache miss)
3444 http fetch GET 200 https://registry.npmjs.org/prop-types/-/prop-types-15.8.1.tgz 938ms (cache miss)
3445 http fetch GET 200 https://registry.npmjs.org/string.prototype.matchall/-/string.prototype.matchall-4.0.12.tgz 942ms (cache miss)
3446 http fetch GET 200 https://registry.npmjs.org/@babel/generator/-/generator-7.28.5.tgz 943ms (cache miss)
3447 http fetch GET 200 https://registry.npmjs.org/string.prototype.repeat/-/string.prototype.repeat-1.0.0.tgz 948ms (cache miss)
3448 http fetch GET 200 https://registry.npmjs.org/object.entries/-/object.entries-1.1.9.tgz 989ms (cache miss)
3449 http fetch GET 200 https://registry.npmjs.org/@babel/traverse/-/traverse-7.28.5.tgz 992ms (cache miss)
3450 http fetch GET 200 https://registry.npmjs.org/estraverse/-/estraverse-5.3.0.tgz 997ms (cache miss)
3451 http fetch GET 200 https://registry.npmjs.org/array.prototype.findlast/-/array.prototype.findlast-1.2.5.tgz 1019ms (cache miss)
3452 http fetch GET 200 https://registry.npmjs.org/language-tags/-/language-tags-1.0.9.tgz 1028ms (cache miss)
3453 http fetch GET 200 https://registry.npmjs.org/es-iterator-helpers/-/es-iterator-helpers-1.2.2.tgz 1028ms (cache miss)
3454 http fetch GET 200 https://registry.npmjs.org/array.prototype.tosorted/-/array.prototype.tosorted-1.1.4.tgz 1035ms (cache miss)
3455 http fetch GET 200 https://registry.npmjs.org/emoji-regex/-/emoji-regex-9.2.2.tgz 1047ms (cache miss)
3456 http fetch GET 200 https://registry.npmjs.org/damerau-levenshtein/-/damerau-levenshtein-1.0.8.tgz 1047ms (cache miss)
3457 http fetch GET 200 https://registry.npmjs.org/string.prototype.includes/-/string.prototype.includes-2.0.1.tgz 1049ms (cache miss)
3458 http fetch GET 200 https://registry.npmjs.org/zod/-/zod-4.3.4.tgz 1051ms (cache miss)
3459 http fetch GET 200 https://registry.npmjs.org/jsx-ast-utils/-/jsx-ast-utils-3.3.5.tgz 1055ms (cache miss)
3460 http fetch GET 200 https://registry.npmjs.org/axobject-query/-/axobject-query-4.1.0.tgz 1066ms (cache miss)
3461 http fetch GET 200 https://registry.npmjs.org/ast-types-flow/-/ast-types-flow-0.0.8.tgz 1078ms (cache miss)
3462 http fetch GET 200 https://registry.npmjs.org/aria-query/-/aria-query-5.3.2.tgz 1097ms (cache miss)
3463 http fetch GET 200 https://registry.npmjs.org/unbox-primitive/-/unbox-primitive-1.1.0.tgz 1101ms (cache miss)
3464 http fetch GET 200 https://registry.npmjs.org/is-symbol/-/is-symbol-1.1.1.tgz 1101ms (cache miss)
3465 http fetch GET 200 https://registry.npmjs.org/has-tostringtag/-/has-tostringtag-1.0.2.tgz 1101ms (cache miss)
3466 http fetch GET 200 https://registry.npmjs.org/possible-typed-array-names/-/possible-typed-array-names-1.1.0.tgz 1106ms (cache miss)
3467 http fetch GET 200 https://registry.npmjs.org/typed-array-byte-offset/-/typed-array-byte-offset-1.0.4.tgz 1111ms (cache miss)
3468 http fetch GET 200 https://registry.npmjs.org/is-date-object/-/is-date-object-1.1.0.tgz 1116ms (cache miss)
3469 http fetch GET 200 https://registry.npmjs.org/typed-array-length/-/typed-array-length-1.0.7.tgz 1117ms (cache miss)
3470 http fetch GET 200 https://registry.npmjs.org/which-typed-array/-/which-typed-array-1.1.19.tgz 1125ms (cache miss)
3471 http fetch GET 200 https://registry.npmjs.org/typed-array-byte-length/-/typed-array-byte-length-1.0.3.tgz 1127ms (cache miss)
3472 http fetch GET 200 https://registry.npmjs.org/@img/sharp-libvips-darwin-arm64/-/sharp-libvips-darwin-arm64-1.2.4.tgz 1153ms (cache miss)
3473 http fetch GET 200 https://registry.npmjs.org/string.prototype.trimstart/-/string.prototype.trimstart-1.0.8.tgz 1161ms (cache miss)
3474 http fetch GET 200 https://registry.npmjs.org/typed-array-buffer/-/typed-array-buffer-1.0.3.tgz 1161ms (cache miss)
3475 http fetch GET 200 https://registry.npmjs.org/safe-push-apply/-/safe-push-apply-1.0.0.tgz 1162ms (cache miss)
3476 http fetch GET 200 https://registry.npmjs.org/stop-iteration-iterator/-/stop-iteration-iterator-1.1.0.tgz 1164ms (cache miss)
3477 http fetch GET 200 https://registry.npmjs.org/regexp.prototype.flags/-/regexp.prototype.flags-1.5.4.tgz 1164ms (cache miss)
3478 http fetch GET 200 https://registry.npmjs.org/safe-regex-test/-/safe-regex-test-1.1.0.tgz 1165ms (cache miss)
3479 http fetch GET 200 https://registry.npmjs.org/string.prototype.trim/-/string.prototype.trim-1.2.10.tgz 1166ms (cache miss)
3480 http fetch GET 200 https://registry.npmjs.org/set-proto/-/set-proto-1.0.0.tgz 1166ms (cache miss)
3481 http fetch GET 200 https://registry.npmjs.org/safe-array-concat/-/safe-array-concat-1.1.3.tgz 1166ms (cache miss)
3482 http fetch GET 200 https://registry.npmjs.org/own-keys/-/own-keys-1.0.1.tgz 1167ms (cache miss)
3483 http fetch GET 200 https://registry.npmjs.org/object.assign/-/object.assign-4.1.7.tgz 1185ms (cache miss)
3484 http fetch GET 200 https://registry.npmjs.org/is-shared-array-buffer/-/is-shared-array-buffer-1.0.4.tgz 1191ms (cache miss)
3485 http fetch GET 200 https://registry.npmjs.org/is-set/-/is-set-2.0.3.tgz 1191ms (cache miss)
3486 http fetch GET 200 https://registry.npmjs.org/is-weakref/-/is-weakref-1.1.1.tgz 1193ms (cache miss)
3487 http fetch GET 200 https://registry.npmjs.org/is-negative-zero/-/is-negative-zero-2.0.3.tgz 1193ms (cache miss)
3488 http fetch GET 200 https://registry.npmjs.org/is-typed-array/-/is-typed-array-1.1.15.tgz 1204ms (cache miss)
3489 http fetch GET 200 https://registry.npmjs.org/is-data-view/-/is-data-view-1.0.2.tgz 1210ms (cache miss)
3490 http fetch GET 200 https://registry.npmjs.org/is-callable/-/is-callable-1.2.7.tgz 1213ms (cache miss)
3491 http fetch GET 200 https://registry.npmjs.org/is-array-buffer/-/is-array-buffer-3.0.5.tgz 1212ms (cache miss)
3492 http fetch GET 200 https://registry.npmjs.org/internal-slot/-/internal-slot-1.1.0.tgz 1221ms (cache miss)
3493 http fetch GET 200 https://registry.npmjs.org/is-regex/-/is-regex-1.2.1.tgz 1229ms (cache miss)
3494 http fetch GET 200 https://registry.npmjs.org/has-proto/-/has-proto-1.2.0.tgz 1230ms (cache miss)
3495 http fetch GET 200 https://registry.npmjs.org/globalthis/-/globalthis-1.0.4.tgz 1232ms (cache miss)
3496 http fetch GET 200 https://registry.npmjs.org/get-symbol-description/-/get-symbol-description-1.1.0.tgz 1233ms (cache miss)
3497 http fetch GET 200 https://registry.npmjs.org/get-proto/-/get-proto-1.0.1.tgz 1234ms (cache miss)
3498 http fetch GET 200 https://registry.npmjs.org/has-symbols/-/has-symbols-1.1.0.tgz 1242ms (cache miss)
3499 http fetch GET 200 https://registry.npmjs.org/es-set-tostringtag/-/es-set-tostringtag-2.1.0.tgz 1257ms (cache miss)
3500 http fetch GET 200 https://registry.npmjs.org/data-view-byte-offset/-/data-view-byte-offset-1.0.1.tgz 1258ms (cache miss)
3501 http fetch GET 200 https://registry.npmjs.org/function.prototype.name/-/function.prototype.name-1.1.8.tgz 1258ms (cache miss)
3502 http fetch GET 200 https://registry.npmjs.org/array-buffer-byte-length/-/array-buffer-byte-length-1.0.2.tgz 1266ms (cache miss)
3503 http fetch GET 200 https://registry.npmjs.org/available-typed-arrays/-/available-typed-arrays-1.0.7.tgz 1270ms (cache miss)
3504 http fetch GET 200 https://registry.npmjs.org/data-view-byte-length/-/data-view-byte-length-1.0.2.tgz 1270ms (cache miss)
3505 http fetch GET 200 https://registry.npmjs.org/es-to-primitive/-/es-to-primitive-1.3.0.tgz 1271ms (cache miss)
3506 http fetch GET 200 https://registry.npmjs.org/arraybuffer.prototype.slice/-/arraybuffer.prototype.slice-1.0.4.tgz 1274ms (cache miss)
3507 http fetch GET 200 https://registry.npmjs.org/gopd/-/gopd-1.2.0.tgz 1278ms (cache miss)
3508 http fetch GET 200 https://registry.npmjs.org/define-data-property/-/define-data-property-1.1.4.tgz 1292ms (cache miss)
3509 http fetch GET 200 https://registry.npmjs.org/data-view-buffer/-/data-view-buffer-1.0.2.tgz 1297ms (cache miss)
3510 http fetch GET 200 https://registry.npmjs.org/has-property-descriptors/-/has-property-descriptors-1.0.2.tgz 1296ms (cache miss)
3511 http fetch GET 200 https://registry.npmjs.org/es-define-property/-/es-define-property-1.0.1.tgz 1302ms (cache miss)
3512 http fetch GET 200 https://registry.npmjs.org/call-bind-apply-helpers/-/call-bind-apply-helpers-1.0.2.tgz 1305ms (cache miss)
3513 http fetch GET 200 https://registry.npmjs.org/es-errors/-/es-errors-1.3.0.tgz 1310ms (cache miss)
3514 http fetch GET 200 https://registry.npmjs.org/set-function-length/-/set-function-length-1.2.2.tgz 1310ms (cache miss)
3515 http fetch GET 200 https://registry.npmjs.org/function-bind/-/function-bind-1.1.2.tgz 1311ms (cache miss)
3516 http fetch GET 200 https://registry.npmjs.org/es-shim-unscopables/-/es-shim-unscopables-1.1.0.tgz 1314ms (cache miss)
3517 http fetch GET 200 https://registry.npmjs.org/math-intrinsics/-/math-intrinsics-1.1.0.tgz 1324ms (cache miss)
3518 http fetch GET 200 https://registry.npmjs.org/object-keys/-/object-keys-1.1.1.tgz 1335ms (cache miss)
3519 http fetch GET 200 https://registry.npmjs.org/is-string/-/is-string-1.1.1.tgz 1338ms (cache miss)
3520 http fetch GET 200 https://registry.npmjs.org/call-bind/-/call-bind-1.0.8.tgz 1342ms (cache miss)
3521 http fetch GET 200 https://registry.npmjs.org/define-properties/-/define-properties-1.2.1.tgz 1362ms (cache miss)
3522 http fetch GET 200 https://registry.npmjs.org/es-object-atoms/-/es-object-atoms-1.1.1.tgz 1370ms (cache miss)
3523 http fetch GET 200 https://registry.npmjs.org/call-bound/-/call-bound-1.0.4.tgz 1370ms (cache miss)
3524 http fetch GET 200 https://registry.npmjs.org/string.prototype.trimend/-/string.prototype.trimend-1.0.9.tgz 1376ms (cache miss)
3525 http fetch GET 200 https://registry.npmjs.org/semver/-/semver-6.3.1.tgz 1376ms (cache miss)
3526 http fetch GET 200 https://registry.npmjs.org/object-inspect/-/object-inspect-1.13.4.tgz 1388ms (cache miss)
3527 http fetch GET 200 https://registry.npmjs.org/object.fromentries/-/object.fromentries-2.0.8.tgz 1386ms (cache miss)
3528 http fetch GET 200 https://registry.npmjs.org/object.groupby/-/object.groupby-1.0.3.tgz 1388ms (cache miss)
3529 http fetch GET 200 https://registry.npmjs.org/get-intrinsic/-/get-intrinsic-1.3.0.tgz 1391ms (cache miss)
3530 http fetch GET 200 https://registry.npmjs.org/tsconfig-paths/-/tsconfig-paths-3.15.0.tgz 1393ms (cache miss)
3531 http fetch GET 200 https://registry.npmjs.org/eslint-module-utils/-/eslint-module-utils-2.12.1.tgz 1403ms (cache miss)
3532 http fetch GET 200 https://registry.npmjs.org/hasown/-/hasown-2.0.2.tgz 1404ms (cache miss)
3533 http fetch GET 200 https://registry.npmjs.org/array.prototype.flatmap/-/array.prototype.flatmap-1.3.3.tgz 1407ms (cache miss)
3534 http fetch GET 200 https://registry.npmjs.org/doctrine/-/doctrine-2.1.0.tgz 1407ms (cache miss)
3535 http fetch GET 200 https://registry.npmjs.org/array-includes/-/array-includes-3.1.9.tgz 1407ms (cache miss)
3536 http fetch GET 200 https://registry.npmjs.org/array.prototype.findlastindex/-/array.prototype.findlastindex-1.2.6.tgz 1416ms (cache miss)
3537 http fetch GET 200 https://registry.npmjs.org/tinyglobby/-/tinyglobby-0.2.15.tgz 1456ms (cache miss)
3538 http fetch GET 200 https://registry.npmjs.org/unrs-resolver/-/unrs-resolver-1.11.1.tgz 1458ms (cache miss)
3539 http fetch GET 200 https://registry.npmjs.org/is-bun-module/-/is-bun-module-2.0.0.tgz 1458ms (cache miss)
3540 http fetch GET 200 https://registry.npmjs.org/array.prototype.flat/-/array.prototype.flat-1.3.3.tgz 1458ms (cache miss)
3541 http fetch GET 200 https://registry.npmjs.org/object.values/-/object.values-1.2.1.tgz 1460ms (cache miss)
3542 http fetch GET 200 https://registry.npmjs.org/axe-core/-/axe-core-4.11.0.tgz 1472ms (cache miss)
3543 http fetch GET 200 https://registry.npmjs.org/typescript-eslint/-/typescript-eslint-8.51.0.tgz 1467ms (cache miss)
3544 http fetch GET 200 https://registry.npmjs.org/fast-glob/-/fast-glob-3.3.1.tgz 1470ms (cache miss)
3545 http fetch GET 200 https://registry.npmjs.org/get-tsconfig/-/get-tsconfig-4.13.0.tgz 1474ms (cache miss)
3546 http fetch GET 200 https://registry.npmjs.org/@nolyfill/is-core-module/-/is-core-module-1.0.39.tgz 1488ms (cache miss)
3547 http fetch GET 200 https://registry.npmjs.org/stable-hash/-/stable-hash-0.0.5.tgz 1505ms (cache miss)
3548 http fetch GET 200 https://registry.npmjs.org/resolve/-/resolve-1.22.11.tgz 1510ms (cache miss)
3549 http fetch GET 200 https://registry.npmjs.org/eslint-plugin-react-hooks/-/eslint-plugin-react-hooks-7.0.1.tgz 1514ms (cache miss)
3550 http fetch GET 200 https://registry.npmjs.org/is-core-module/-/is-core-module-2.16.1.tgz 1515ms (cache miss)
3551 http fetch GET 200 https://registry.npmjs.org/eslint-import-resolver-node/-/eslint-import-resolver-node-0.3.9.tgz 1530ms (cache miss)
3552 http fetch GET 200 https://registry.npmjs.org/@rtsao/scc/-/scc-1.1.0.tgz 1531ms (cache miss)
3553 http fetch GET 200 https://registry.npmjs.org/shebang-command/-/shebang-command-2.0.0.tgz 1530ms (cache miss)
3554 http fetch GET 200 https://registry.npmjs.org/eslint-import-resolver-typescript/-/eslint-import-resolver-typescript-3.10.1.tgz 1531ms (cache miss)
3555 http fetch GET 200 https://registry.npmjs.org/ms/-/ms-2.1.3.tgz 1531ms (cache miss)
3556 http fetch GET 200 https://registry.npmjs.org/which/-/which-2.0.2.tgz 1538ms (cache miss)
3557 http fetch GET 200 https://registry.npmjs.org/@next/eslint-plugin-next/-/eslint-plugin-next-16.1.1.tgz 1539ms (cache miss)
3558 http fetch GET 200 https://registry.npmjs.org/path-key/-/path-key-3.1.1.tgz 1559ms (cache miss)
3559 http fetch GET 200 https://registry.npmjs.org/color-name/-/color-name-1.1.4.tgz 1559ms (cache miss)
3560 http fetch GET 200 https://registry.npmjs.org/ansi-styles/-/ansi-styles-4.3.0.tgz 1558ms (cache miss)
3561 http fetch GET 200 https://registry.npmjs.org/levn/-/levn-0.4.1.tgz 1569ms (cache miss)
3562 http fetch GET 200 https://registry.npmjs.org/json-schema-traverse/-/json-schema-traverse-0.4.1.tgz 1570ms (cache miss)
3563 http fetch GET 200 https://registry.npmjs.org/color-convert/-/color-convert-2.0.1.tgz 1571ms (cache miss)
3564 http fetch GET 200 https://registry.npmjs.org/eslint-plugin-jsx-a11y/-/eslint-plugin-jsx-a11y-6.10.2.tgz 1574ms (cache miss)
3565 http fetch GET 200 https://registry.npmjs.org/eslint-plugin-react/-/eslint-plugin-react-7.37.5.tgz 1574ms (cache miss)
3566 http fetch GET 200 https://registry.npmjs.org/eslint-plugin-import/-/eslint-plugin-import-2.32.0.tgz 1575ms (cache miss)
3567 http fetch GET 200 https://registry.npmjs.org/strip-json-comments/-/strip-json-comments-3.1.1.tgz 1578ms (cache miss)
3568 http fetch GET 200 https://registry.npmjs.org/globals/-/globals-14.0.0.tgz 1593ms (cache miss)
3569 http fetch GET 200 https://registry.npmjs.org/supports-color/-/supports-color-7.2.0.tgz 1596ms (cache miss)
3570 http fetch GET 200 https://registry.npmjs.org/optionator/-/optionator-0.9.4.tgz 1600ms (cache miss)
3571 http fetch GET 200 https://registry.npmjs.org/import-fresh/-/import-fresh-3.3.1.tgz 1600ms (cache miss)
3572 http fetch GET 200 https://registry.npmjs.org/@humanfs/core/-/core-0.19.1.tgz 1603ms (cache miss)
3573 http fetch GET 200 https://registry.npmjs.org/natural-compare/-/natural-compare-1.4.0.tgz 1603ms (cache miss)
3574 http fetch GET 200 https://registry.npmjs.org/@types/json-schema/-/json-schema-7.0.15.tgz 1606ms (cache miss)
3575 http fetch GET 200 https://registry.npmjs.org/js-yaml/-/js-yaml-4.1.1.tgz 1658ms (cache miss)
3576 http fetch GET 200 https://registry.npmjs.org/is-glob/-/is-glob-4.0.3.tgz 1658ms (cache miss)
3577 http fetch GET 200 https://registry.npmjs.org/find-up/-/find-up-5.0.0.tgz 1658ms (cache miss)
3578 http fetch GET 200 https://registry.npmjs.org/ignore/-/ignore-5.3.2.tgz 1658ms (cache miss)
3579 http fetch GET 200 https://registry.npmjs.org/minimatch/-/minimatch-3.1.2.tgz 1658ms (cache miss)
3580 http fetch GET 200 https://registry.npmjs.org/imurmurhash/-/imurmurhash-0.1.4.tgz 1658ms (cache miss)
3581 http fetch GET 200 https://registry.npmjs.org/lodash.merge/-/lodash.merge-4.6.2.tgz 1658ms (cache miss)
3582 http fetch GET 200 https://registry.npmjs.org/file-entry-cache/-/file-entry-cache-8.0.0.tgz 1658ms (cache miss)
3583 http fetch GET 200 https://registry.npmjs.org/glob-parent/-/glob-parent-6.0.2.tgz 1658ms (cache miss)
3584 http fetch GET 200 https://registry.npmjs.org/fast-json-stable-stringify/-/fast-json-stable-stringify-2.1.0.tgz 1660ms (cache miss)
3585 http fetch GET 200 https://registry.npmjs.org/json-stable-stringify-without-jsonify/-/json-stable-stringify-without-jsonify-1.0.1.tgz 1659ms (cache miss)
3586 http fetch GET 200 https://registry.npmjs.org/@eslint/object-schema/-/object-schema-2.1.7.tgz 1660ms (cache miss)
3587 http fetch GET 200 https://registry.npmjs.org/uri-js/-/uri-js-4.4.1.tgz 1662ms (cache miss)
3588 http fetch GET 200 https://registry.npmjs.org/eslint-visitor-keys/-/eslint-visitor-keys-4.2.1.tgz 1671ms (cache miss)
3589 http fetch GET 200 https://registry.npmjs.org/eslint-scope/-/eslint-scope-8.4.0.tgz 1672ms (cache miss)
3590 http fetch GET 200 https://registry.npmjs.org/esutils/-/esutils-2.0.3.tgz 1682ms (cache miss)
3591 http fetch GET 200 https://registry.npmjs.org/cross-spawn/-/cross-spawn-7.0.6.tgz 1679ms (cache miss)
3592 http fetch GET 200 https://registry.npmjs.org/fast-deep-equal/-/fast-deep-equal-3.1.3.tgz 1682ms (cache miss)
3593 http fetch GET 200 https://registry.npmjs.org/espree/-/espree-10.4.0.tgz 1683ms (cache miss)
3594 http fetch GET 200 https://registry.npmjs.org/chalk/-/chalk-4.1.2.tgz 1681ms (cache miss)
3595 http fetch GET 200 https://registry.npmjs.org/@types/estree/-/estree-1.0.8.tgz 1686ms (cache miss)
3596 http fetch GET 200 https://registry.npmjs.org/escape-string-regexp/-/escape-string-regexp-4.0.0.tgz 1691ms (cache miss)
3597 http fetch GET 200 https://registry.npmjs.org/debug/-/debug-4.4.3.tgz 1694ms (cache miss)
3598 http fetch GET 200 https://registry.npmjs.org/ajv/-/ajv-6.12.6.tgz 1698ms (cache miss)
3599 http fetch GET 200 https://registry.npmjs.org/esquery/-/esquery-1.7.0.tgz 1701ms (cache miss)
3600 http fetch GET 200 https://registry.npmjs.org/es-abstract/-/es-abstract-1.24.1.tgz 1718ms (cache miss)
3601 http fetch GET 200 https://registry.npmjs.org/@humanfs/node/-/node-0.16.7.tgz 1717ms (cache miss)
3602 http fetch GET 200 https://registry.npmjs.org/@eslint/js/-/js-9.39.2.tgz 1725ms (cache miss)
3603 http fetch GET 200 https://registry.npmjs.org/@humanwhocodes/retry/-/retry-0.4.3.tgz 1729ms (cache miss)
3604 http fetch GET 200 https://registry.npmjs.org/graceful-fs/-/graceful-fs-4.2.11.tgz 1740ms (cache miss)
3605 http fetch GET 200 https://registry.npmjs.org/@eslint/plugin-kit/-/plugin-kit-0.4.1.tgz 1743ms (cache miss)
3606 http fetch GET 200 https://registry.npmjs.org/@eslint/eslintrc/-/eslintrc-3.3.3.tgz 1745ms (cache miss)
3607 http fetch GET 200 https://registry.npmjs.org/@eslint/config-array/-/config-array-0.21.1.tgz 1750ms (cache miss)
3608 http fetch GET 200 https://registry.npmjs.org/@eslint/config-helpers/-/config-helpers-0.4.2.tgz 1755ms (cache miss)
3609 http fetch GET 200 https://registry.npmjs.org/tapable/-/tapable-2.3.0.tgz 1756ms (cache miss)
3610 http fetch GET 200 https://registry.npmjs.org/@eslint-community/regexpp/-/regexpp-4.12.2.tgz 1763ms (cache miss)
3611 http fetch GET 200 https://registry.npmjs.org/csstype/-/csstype-3.2.3.tgz 1770ms (cache miss)
3612 http fetch GET 200 https://registry.npmjs.org/@humanwhocodes/module-importer/-/module-importer-1.0.1.tgz 1777ms (cache miss)
3613 http fetch GET 200 https://registry.npmjs.org/@eslint/core/-/core-0.17.0.tgz 1781ms (cache miss)
3614 http fetch GET 200 https://registry.npmjs.org/undici-types/-/undici-types-6.21.0.tgz 1787ms (cache miss)
3615 http fetch GET 200 https://registry.npmjs.org/@eslint-community/eslint-utils/-/eslint-utils-4.9.1.tgz 1792ms (cache miss)
3616 http fetch GET 200 https://registry.npmjs.org/source-map-js/-/source-map-js-1.2.1.tgz 1795ms (cache miss)
3617 http fetch GET 200 https://registry.npmjs.org/@jridgewell/sourcemap-codec/-/sourcemap-codec-1.5.5.tgz 1804ms (cache miss)
3618 http fetch GET 200 https://registry.npmjs.org/magic-string/-/magic-string-0.30.21.tgz 1814ms (cache miss)
3619 http fetch GET 200 https://registry.npmjs.org/@jridgewell/gen-mapping/-/gen-mapping-0.3.13.tgz 1817ms (cache miss)
3620 http fetch GET 200 https://registry.npmjs.org/enhanced-resolve/-/enhanced-resolve-5.18.4.tgz 1820ms (cache miss)
3621 http fetch GET 200 https://registry.npmjs.org/@jridgewell/resolve-uri/-/resolve-uri-3.1.2.tgz 1821ms (cache miss)
3622 http fetch GET 200 https://registry.npmjs.org/@jridgewell/trace-mapping/-/trace-mapping-0.3.31.tgz 1826ms (cache miss)
3623 http fetch GET 200 https://registry.npmjs.org/lightningcss/-/lightningcss-1.30.2.tgz 1832ms (cache miss)
3624 http fetch GET 200 https://registry.npmjs.org/postcss/-/postcss-8.5.6.tgz 1847ms (cache miss)
3625 http fetch GET 200 https://registry.npmjs.org/@alloc/quick-lru/-/quick-lru-5.2.0.tgz 1855ms (cache miss)
3626 http fetch GET 200 https://registry.npmjs.org/jiti/-/jiti-2.6.1.tgz 1859ms (cache miss)
3627 http fetch GET 200 https://registry.npmjs.org/@tailwindcss/oxide/-/oxide-4.1.18.tgz 1861ms (cache miss)
3628 http fetch GET 200 https://registry.npmjs.org/@jridgewell/remapping/-/remapping-2.3.5.tgz 1886ms (cache miss)
3629 http fetch GET 200 https://registry.npmjs.org/tailwindcss/-/tailwindcss-4.1.18.tgz 1914ms (cache miss)
3630 http fetch GET 200 https://registry.npmjs.org/eslint-config-next/-/eslint-config-next-16.1.1.tgz 2029ms (cache miss)
3631 http fetch GET 200 https://registry.npmjs.org/@types/react-dom/-/react-dom-19.2.3.tgz 2030ms (cache miss)
3632 http fetch GET 200 https://registry.npmjs.org/@tailwindcss/node/-/node-4.1.18.tgz 2034ms (cache miss)
3633 http fetch GET 200 https://registry.npmjs.org/react/-/react-19.2.3.tgz 2048ms (cache miss)
3634 http fetch GET 200 https://registry.npmjs.org/@types/react/-/react-19.2.7.tgz 2051ms (cache miss)
3635 http fetch GET 200 https://registry.npmjs.org/@tailwindcss/postcss/-/postcss-4.1.18.tgz 2065ms (cache miss)
3636 http fetch GET 200 https://registry.npmjs.org/@types/node/-/node-20.19.27.tgz 2075ms (cache miss)
3637 http fetch GET 200 https://registry.npmjs.org/brace-expansion/-/brace-expansion-2.0.2.tgz 2103ms (cache miss)
3638 http fetch GET 200 https://registry.npmjs.org/semver/-/semver-7.7.3.tgz 2200ms (cache miss)
3639 http fetch GET 200 https://registry.npmjs.org/minimatch/-/minimatch-9.0.5.tgz 2204ms (cache miss)
3640 http fetch GET 200 https://registry.npmjs.org/json5/-/json5-1.0.2.tgz 2213ms (cache miss)
3641 http fetch GET 200 https://registry.npmjs.org/semver/-/semver-7.7.3.tgz 2213ms (cache miss)
3642 http fetch GET 200 https://registry.npmjs.org/@tailwindcss/oxide-darwin-arm64/-/oxide-darwin-arm64-4.1.18.tgz 2220ms (cache miss)
3643 http fetch GET 200 https://registry.npmjs.org/ignore/-/ignore-7.0.5.tgz 2222ms (cache miss)
3644 http fetch GET 200 https://registry.npmjs.org/picomatch/-/picomatch-4.0.3.tgz 2223ms (cache miss)
3645 http fetch GET 200 https://registry.npmjs.org/semver/-/semver-7.7.3.tgz 2240ms (cache miss)
3646 http fetch GET 200 https://registry.npmjs.org/react-dom/-/react-dom-19.2.3.tgz 2247ms (cache miss)
3647 http fetch GET 200 https://registry.npmjs.org/debug/-/debug-3.2.7.tgz 2325ms (cache miss)
3648 http fetch GET 200 https://registry.npmjs.org/debug/-/debug-3.2.7.tgz 2329ms (cache miss)
3649 http fetch GET 200 https://registry.npmjs.org/glob-parent/-/glob-parent-5.1.2.tgz 2329ms (cache miss)
3650 http fetch GET 200 https://registry.npmjs.org/debug/-/debug-3.2.7.tgz 2335ms (cache miss)
3651 http fetch GET 200 https://registry.npmjs.org/globals/-/globals-16.4.0.tgz 2343ms (cache miss)
3652 http fetch GET 200 https://registry.npmjs.org/postcss/-/postcss-8.4.31.tgz 2343ms (cache miss)
3653 http fetch GET 200 https://registry.npmjs.org/resolve/-/resolve-2.0.0-next.5.tgz 2346ms (cache miss)
3654 http fetch GET 200 https://registry.npmjs.org/eslint-visitor-keys/-/eslint-visitor-keys-3.4.3.tgz 2352ms (cache miss)
3655 http fetch GET 200 https://registry.npmjs.org/fdir/-/fdir-6.5.0.tgz 2385ms (cache miss)
3656 http fetch GET 200 https://registry.npmjs.org/eslint/-/eslint-9.39.2.tgz 2524ms (cache miss)
3657 http fetch GET 200 https://registry.npmjs.org/typescript/-/typescript-5.9.3.tgz 2602ms (cache miss)
3658 http fetch GET 200 https://registry.npmjs.org/lightningcss-darwin-arm64/-/lightningcss-darwin-arm64-1.30.2.tgz 2902ms (cache miss)
3659 http fetch GET 200 https://registry.npmjs.org/@next/swc-darwin-arm64/-/swc-darwin-arm64-16.1.1.tgz 3486ms (cache miss)
3660 http fetch GET 200 https://registry.npmjs.org/next/-/next-16.1.1.tgz 4968ms (cache miss)
3661 info run sharp@0.34.5 install node_modules/sharp node install/check.js || npm run build
3662 info run sharp@0.34.5 install { code: 0, signal: null }
3663 info run unrs-resolver@1.11.1 postinstall node_modules/unrs-resolver napi-postinstall unrs-resolver 1.11.1 check
3664 info run unrs-resolver@1.11.1 postinstall { code: 0, signal: null }
3665 silly ADD node_modules/is-weakset
3666 silly ADD node_modules/is-weakmap
3667 silly ADD node_modules/is-map
3668 silly ADD node_modules/generator-function
3669 silly ADD node_modules/async-function
3670 silly ADD node_modules/which-collection
3671 silly ADD node_modules/is-generator-function
3672 silly ADD node_modules/is-finalizationregistry
3673 silly ADD node_modules/is-async-function
3674 silly ADD node_modules/is-number-object
3675 silly ADD node_modules/is-boolean-object
3676 silly ADD node_modules/is-bigint
3677 silly ADD node_modules/isexe
3678 silly ADD node_modules/punycode
3679 silly ADD node_modules/escalade
3680 silly ADD node_modules/@emnapi/wasi-threads
3681 silly ADD node_modules/@tybys/wasm-util
3682 silly ADD node_modules/@emnapi/core
3683 silly ADD node_modules/@napi-rs/wasm-runtime
3684 silly ADD node_modules/napi-postinstall
3685 silly ADD
3686 silly ADD
3687 silly ADD
3688 silly ADD
3689 silly ADD
3690 silly ADD
3691 silly ADD
3692 silly ADD
3693 silly ADD
3694 silly ADD
3695 silly ADD
3696 silly ADD
3697 silly ADD
3698 silly ADD
3699 silly ADD
3700 silly ADD
3701 silly ADD node_modules/@unrs/resolver-binding-darwin-arm64
3702 silly ADD
3703 silly ADD
3704 silly ADD node_modules/which-boxed-primitive
3705 silly ADD node_modules/has-bigints
3706 silly ADD node_modules/@typescript-eslint/tsconfig-utils
3707 silly ADD node_modules/@typescript-eslint/project-service
3708 silly ADD node_modules/@typescript-eslint/types
3709 silly ADD node_modules/ts-api-utils
3710 silly ADD node_modules/@typescript-eslint/visitor-keys
3711 silly ADD node_modules/@typescript-eslint/type-utils
3712 silly ADD node_modules/@typescript-eslint/scope-manager
3713 silly ADD node_modules/@typescript-eslint/utils
3714 silly ADD node_modules/@typescript-eslint/typescript-estree
3715 silly ADD node_modules/@typescript-eslint/typescript-estree/node_modules/brace-expansion
3716 silly ADD node_modules/@typescript-eslint/typescript-estree/node_modules/semver
3717 silly ADD node_modules/@typescript-eslint/typescript-estree/node_modules/minimatch
3718 silly ADD node_modules/@typescript-eslint/parser
3719 silly ADD node_modules/@typescript-eslint/eslint-plugin
3720 silly ADD node_modules/@typescript-eslint/eslint-plugin/node_modules/ignore
3721 silly ADD node_modules/which-builtin-type
3722 silly ADD node_modules/reflect.getprototypeof
3723 silly ADD node_modules/for-each
3724 silly ADD node_modules/strip-bom
3725 silly ADD node_modules/minimist
3726 silly ADD node_modules/@types/json5
3727 silly ADD node_modules/is-number
3728 silly ADD node_modules/has-flag
3729 silly ADD node_modules/client-only
3730 silly ADD node_modules/side-channel-weakmap
3731 silly ADD node_modules/side-channel-map
3732 silly ADD node_modules/side-channel-list
3733 silly ADD node_modules/shebang-regex
3734 silly ADD node_modules/@emnapi/runtime
3735 silly ADD
3736 silly ADD
3737 silly ADD
3738 silly ADD
3739 silly ADD
3740 silly ADD
3741 silly ADD
3742 silly ADD
3743 silly ADD
3744 silly ADD
3745 silly ADD
3746 silly ADD
3747 silly ADD
3748 silly ADD
3749 silly ADD
3750 silly ADD
3751 silly ADD
3752 silly ADD
3753 silly ADD
3754 silly ADD
3755 silly ADD
3756 silly ADD node_modules/@img/sharp-libvips-darwin-arm64
3757 silly ADD
3758 silly ADD node_modules/@img/sharp-darwin-arm64
3759 silly ADD node_modules/@img/colour
3760 silly ADD node_modules/isarray
3761 silly ADD node_modules/queue-microtask
3762 silly ADD node_modules/supports-preserve-symlinks-flag
3763 silly ADD node_modules/path-parse
3764 silly ADD node_modules/scheduler
3765 silly ADD node_modules/react-is
3766 silly ADD node_modules/object-assign
3767 silly ADD node_modules/loose-envify
3768 silly ADD node_modules/nanoid
3769 silly ADD node_modules/callsites
3770 silly ADD node_modules/yocto-queue
3771 silly ADD node_modules/p-limit
3772 silly ADD node_modules/word-wrap
3773 silly ADD node_modules/fast-levenshtein
3774 silly ADD node_modules/deep-is
3775 silly ADD node_modules/tslib
3776 silly ADD node_modules/styled-jsx
3777 silly ADD node_modules/sharp
3778 silly ADD node_modules/sharp/node_modules/semver
3779 silly ADD node_modules/@swc/helpers
3780 silly ADD
3781 silly ADD
3782 silly ADD
3783 silly ADD
3784 silly ADD
3785 silly ADD
3786 silly ADD
3787 silly ADD node_modules/@next/swc-darwin-arm64
3788 silly ADD node_modules/@next/env
3789 silly ADD node_modules/concat-map
3790 silly ADD node_modules/balanced-match
3791 silly ADD node_modules/brace-expansion
3792 silly ADD node_modules/to-regex-range
3793 silly ADD node_modules/fill-range
3794 silly ADD node_modules/picomatch
3795 silly ADD node_modules/braces
3796 silly ADD node_modules/yallist
3797 silly ADD node_modules/p-locate
3798 silly ADD
3799 silly ADD
3800 silly ADD
3801 silly ADD
3802 silly ADD
3803 silly ADD
3804 silly ADD
3805 silly ADD
3806 silly ADD
3807 silly ADD node_modules/lightningcss-darwin-arm64
3808 silly ADD
3809 silly ADD node_modules/detect-libc
3810 silly ADD node_modules/type-check
3811 silly ADD node_modules/prelude-ls
3812 silly ADD node_modules/language-subtag-registry
3813 silly ADD node_modules/json-buffer
3814 silly ADD node_modules/argparse
3815 silly ADD node_modules/set-function-name
3816 silly ADD node_modules/is-extglob
3817 silly ADD node_modules/side-channel
3818 silly ADD node_modules/resolve-from
3819 silly ADD node_modules/parent-module
3820 silly ADD node_modules/hermes-estree
3821 silly ADD node_modules/resolve-pkg-maps
3822 silly ADD node_modules/dunder-proto
3823 silly ADD node_modules/functions-have-names
3824 silly ADD node_modules/keyv
3825 silly ADD node_modules/flatted
3826 silly ADD node_modules/path-exists
3827 silly ADD node_modules/locate-path
3828 silly ADD node_modules/flat-cache
3829 silly ADD node_modules/reusify
3830 silly ADD node_modules/run-parallel
3831 silly ADD node_modules/fastq
3832 silly ADD node_modules/@nodelib/fs.scandir
3833 silly ADD node_modules/micromatch
3834 silly ADD node_modules/merge2
3835 silly ADD node_modules/@nodelib/fs.walk
3836 silly ADD node_modules/@nodelib/fs.stat
3837 silly ADD node_modules/acorn-jsx
3838 silly ADD node_modules/acorn
3839 silly ADD node_modules/esrecurse
3840 silly ADD node_modules/update-browserslist-db
3841 silly ADD node_modules/node-releases
3842 silly ADD node_modules/electron-to-chromium
3843 silly ADD node_modules/caniuse-lite
3844 silly ADD node_modules/baseline-browser-mapping
3845 silly ADD node_modules/@babel/helper-string-parser
3846 silly ADD node_modules/@babel/helper-globals
3847 silly ADD node_modules/@babel/helper-module-imports
3848 silly ADD node_modules/lru-cache
3849 silly ADD node_modules/browserslist
3850 silly ADD node_modules/@babel/helper-validator-option
3851 silly ADD node_modules/@babel/compat-data
3852 silly ADD node_modules/jsesc
3853 silly ADD node_modules/picocolors
3854 silly ADD node_modules/js-tokens
3855 silly ADD node_modules/@babel/helper-validator-identifier
3856 silly ADD node_modules/json5
3857 silly ADD node_modules/gensync
3858 silly ADD node_modules/convert-source-map
3859 silly ADD node_modules/@babel/types
3860 silly ADD node_modules/@babel/traverse
3861 silly ADD node_modules/@babel/template
3862 silly ADD node_modules/@babel/helpers
3863 silly ADD node_modules/@babel/helper-module-transforms
3864 silly ADD node_modules/@babel/helper-compilation-targets
3865 silly ADD node_modules/@babel/generator
3866 silly ADD node_modules/@babel/code-frame
3867 silly ADD node_modules/zod-validation-error
3868 silly ADD node_modules/zod
3869 silly ADD node_modules/hermes-parser
3870 silly ADD node_modules/@babel/parser
3871 silly ADD node_modules/@babel/core
3872 silly ADD node_modules/iterator.prototype
3873 silly ADD node_modules/string.prototype.repeat
3874 silly ADD node_modules/string.prototype.matchall
3875 silly ADD node_modules/prop-types
3876 silly ADD node_modules/object.entries
3877 silly ADD node_modules/estraverse
3878 silly ADD node_modules/es-iterator-helpers
3879 silly ADD node_modules/array.prototype.tosorted
3880 silly ADD node_modules/array.prototype.findlast
3881 silly ADD node_modules/string.prototype.includes
3882 silly ADD node_modules/language-tags
3883 silly ADD node_modules/jsx-ast-utils
3884 silly ADD node_modules/emoji-regex
3885 silly ADD node_modules/damerau-levenshtein
3886 silly ADD node_modules/axobject-query
3887 silly ADD node_modules/axe-core
3888 silly ADD node_modules/ast-types-flow
3889 silly ADD node_modules/aria-query
3890 silly ADD node_modules/is-symbol
3891 silly ADD node_modules/is-date-object
3892 silly ADD node_modules/has-tostringtag
3893 silly ADD node_modules/possible-typed-array-names
3894 silly ADD node_modules/which-typed-array
3895 silly ADD node_modules/unbox-primitive
3896 silly ADD node_modules/typed-array-length
3897 silly ADD node_modules/typed-array-byte-offset
3898 silly ADD node_modules/typed-array-byte-length
3899 silly ADD node_modules/typed-array-buffer
3900 silly ADD node_modules/string.prototype.trimstart
3901 silly ADD node_modules/string.prototype.trim
3902 silly ADD node_modules/stop-iteration-iterator
3903 silly ADD node_modules/set-proto
3904 silly ADD node_modules/safe-regex-test
3905 silly ADD node_modules/safe-push-apply
3906 silly ADD node_modules/safe-array-concat
3907 silly ADD node_modules/regexp.prototype.flags
3908 silly ADD node_modules/own-keys
3909 silly ADD node_modules/object.assign
3910 silly ADD node_modules/object-inspect
3911 silly ADD node_modules/is-weakref
3912 silly ADD node_modules/is-typed-array
3913 silly ADD node_modules/is-shared-array-buffer
3914 silly ADD node_modules/is-set
3915 silly ADD node_modules/is-regex
3916 silly ADD node_modules/is-negative-zero
3917 silly ADD node_modules/is-data-view
3918 silly ADD node_modules/is-callable
3919 silly ADD node_modules/is-array-buffer
3920 silly ADD node_modules/internal-slot
3921 silly ADD node_modules/has-symbols
3922 silly ADD node_modules/has-proto
3923 silly ADD node_modules/globalthis
3924 silly ADD node_modules/get-symbol-description
3925 silly ADD node_modules/get-proto
3926 silly ADD node_modules/function.prototype.name
3927 silly ADD node_modules/es-to-primitive
3928 silly ADD node_modules/es-set-tostringtag
3929 silly ADD node_modules/data-view-byte-offset
3930 silly ADD node_modules/data-view-byte-length
3931 silly ADD node_modules/data-view-buffer
3932 silly ADD node_modules/available-typed-arrays
3933 silly ADD node_modules/arraybuffer.prototype.slice
3934 silly ADD node_modules/array-buffer-byte-length
3935 silly ADD node_modules/gopd
3936 silly ADD node_modules/object-keys
3937 silly ADD node_modules/has-property-descriptors
3938 silly ADD node_modules/define-data-property
3939 silly ADD node_modules/function-bind
3940 silly ADD node_modules/set-function-length
3941 silly ADD node_modules/es-define-property
3942 silly ADD node_modules/call-bind-apply-helpers
3943 silly ADD node_modules/es-shim-unscopables
3944 silly ADD node_modules/es-errors
3945 silly ADD node_modules/math-intrinsics
3946 silly ADD node_modules/is-string
3947 silly ADD node_modules/get-intrinsic
3948 silly ADD node_modules/es-object-atoms
3949 silly ADD node_modules/es-abstract
3950 silly ADD node_modules/define-properties
3951 silly ADD node_modules/call-bound
3952 silly ADD node_modules/call-bind
3953 silly ADD node_modules/tsconfig-paths
3954 silly ADD node_modules/tsconfig-paths/node_modules/json5
3955 silly ADD node_modules/string.prototype.trimend
3956 silly ADD node_modules/semver
3957 silly ADD node_modules/object.values
3958 silly ADD node_modules/object.groupby
3959 silly ADD node_modules/object.fromentries
3960 silly ADD node_modules/hasown
3961 silly ADD node_modules/eslint-module-utils
3962 silly ADD node_modules/eslint-module-utils/node_modules/debug
3963 silly ADD node_modules/doctrine
3964 silly ADD node_modules/array.prototype.flatmap
3965 silly ADD node_modules/array.prototype.flat
3966 silly ADD node_modules/array.prototype.findlastindex
3967 silly ADD node_modules/array-includes
3968 silly ADD node_modules/@rtsao/scc
3969 silly ADD node_modules/unrs-resolver
3970 silly ADD node_modules/tinyglobby
3971 silly ADD node_modules/tinyglobby/node_modules/picomatch
3972 silly ADD node_modules/tinyglobby/node_modules/fdir
3973 silly ADD node_modules/stable-hash
3974 silly ADD node_modules/is-bun-module
3975 silly ADD node_modules/is-bun-module/node_modules/semver
3976 silly ADD node_modules/get-tsconfig
3977 silly ADD node_modules/@nolyfill/is-core-module
3978 silly ADD node_modules/resolve
3979 silly ADD node_modules/is-core-module
3980 silly ADD node_modules/fast-glob
3981 silly ADD node_modules/fast-glob/node_modules/glob-parent
3982 silly ADD node_modules/typescript-eslint
3983 silly ADD node_modules/eslint-plugin-react-hooks
3984 silly ADD node_modules/eslint-plugin-react
3985 silly ADD node_modules/eslint-plugin-react/node_modules/resolve
3986 silly ADD node_modules/eslint-plugin-jsx-a11y
3987 silly ADD node_modules/eslint-plugin-import
3988 silly ADD node_modules/eslint-plugin-import/node_modules/debug
3989 silly ADD node_modules/eslint-import-resolver-typescript
3990 silly ADD node_modules/eslint-import-resolver-node
3991 silly ADD node_modules/eslint-import-resolver-node/node_modules/debug
3992 silly ADD node_modules/@next/eslint-plugin-next
3993 silly ADD node_modules/ms
3994 silly ADD node_modules/which
3995 silly ADD node_modules/shebang-command
3996 silly ADD node_modules/path-key
3997 silly ADD node_modules/color-name
3998 silly ADD node_modules/color-convert
3999 silly ADD node_modules/supports-color
4000 silly ADD node_modules/ansi-styles
4001 silly ADD node_modules/uri-js
4002 silly ADD node_modules/json-schema-traverse
4003 silly ADD node_modules/fast-json-stable-stringify
4004 silly ADD node_modules/@humanfs/core
4005 silly ADD node_modules/levn
4006 silly ADD node_modules/strip-json-comments
4007 silly ADD node_modules/js-yaml
4008 silly ADD node_modules/import-fresh
4009 silly ADD node_modules/globals
4010 silly ADD node_modules/@types/json-schema
4011 silly ADD node_modules/@eslint/object-schema
4012 silly ADD node_modules/optionator
4013 silly ADD node_modules/natural-compare
4014 silly ADD node_modules/minimatch
4015 silly ADD node_modules/lodash.merge
4016 silly ADD node_modules/json-stable-stringify-without-jsonify
4017 silly ADD node_modules/is-glob
4018 silly ADD node_modules/imurmurhash
4019 silly ADD node_modules/ignore
4020 silly ADD node_modules/glob-parent
4021 silly ADD node_modules/find-up
4022 silly ADD node_modules/file-entry-cache
4023 silly ADD node_modules/fast-deep-equal
4024 silly ADD node_modules/esutils
4025 silly ADD node_modules/esquery
4026 silly ADD node_modules/espree
4027 silly ADD node_modules/eslint-visitor-keys
4028 silly ADD node_modules/eslint-scope
4029 silly ADD node_modules/escape-string-regexp
4030 silly ADD node_modules/debug
4031 silly ADD node_modules/cross-spawn
4032 silly ADD node_modules/chalk
4033 silly ADD node_modules/ajv
4034 silly ADD node_modules/@types/estree
4035 silly ADD node_modules/@humanwhocodes/retry
4036 silly ADD node_modules/@humanwhocodes/module-importer
4037 silly ADD node_modules/@humanfs/node
4038 silly ADD node_modules/@eslint/plugin-kit
4039 silly ADD node_modules/@eslint/js
4040 silly ADD node_modules/@eslint/eslintrc
4041 silly ADD node_modules/@eslint/core
4042 silly ADD node_modules/@eslint/config-helpers
4043 silly ADD node_modules/@eslint/config-array
4044 silly ADD node_modules/@eslint-community/regexpp
4045 silly ADD node_modules/@eslint-community/eslint-utils
4046 silly ADD node_modules/@eslint-community/eslint-utils/node_modules/eslint-visitor-keys
4047 silly ADD node_modules/tapable
4048 silly ADD node_modules/graceful-fs
4049 silly ADD node_modules/csstype
4050 silly ADD node_modules/undici-types
4051 silly ADD
4052 silly ADD
4053 silly ADD
4054 silly ADD
4055 silly ADD
4056 silly ADD
4057 silly ADD
4058 silly ADD
4059 silly ADD
4060 silly ADD
4061 silly ADD node_modules/@tailwindcss/oxide-darwin-arm64
4062 silly ADD
4063 silly ADD node_modules/@jridgewell/resolve-uri
4064 silly ADD node_modules/@jridgewell/sourcemap-codec
4065 silly ADD node_modules/@jridgewell/trace-mapping
4066 silly ADD node_modules/@jridgewell/gen-mapping
4067 silly ADD node_modules/source-map-js
4068 silly ADD node_modules/magic-string
4069 silly ADD node_modules/lightningcss
4070 silly ADD node_modules/jiti
4071 silly ADD node_modules/enhanced-resolve
4072 silly ADD node_modules/@jridgewell/remapping
4073 silly ADD node_modules/postcss
4074 silly ADD node_modules/@tailwindcss/oxide
4075 silly ADD node_modules/@tailwindcss/node
4076 silly ADD node_modules/@alloc/quick-lru
4077 silly ADD node_modules/typescript
4078 silly ADD node_modules/tailwindcss
4079 silly ADD node_modules/react-dom
4080 silly ADD node_modules/react
4081 silly ADD node_modules/next
4082 silly ADD node_modules/next/node_modules/postcss
4083 silly ADD node_modules/eslint-config-next
4084 silly ADD node_modules/eslint-config-next/node_modules/globals
4085 silly ADD node_modules/eslint
4086 silly ADD node_modules/@types/react-dom
4087 silly ADD node_modules/@types/react
4088 silly ADD node_modules/@types/node
4089 silly ADD node_modules/@tailwindcss/postcss
4090 verbose cwd /Users/scott/repos/guitar/apps/web
4091 verbose os Darwin 25.2.0
4092 verbose node v23.5.0
4093 verbose npm  v10.9.2
4094 verbose exit 0
4095 info ok
